datetime,open,high,low,close,volume
1970-02-11T00:00:00+00:00,585.5,585.5,585.5,585.5,0
1970-02-12T00:00:00+00:00,585.5,585.5,585.5,585.5,0
1970-02-13T00:00:00+00:00,585.5,585.5,585.5,585.5,0
1970-02-17T00:00:00+00:00,585.5,585.5,585.5,585.5,0
1970-02-18T00:00:00+00:00,585.5,585.5,585.5,585.5,0
1970-02-19T00:00:00+00:00,585.5,585.5,585.5,585.5,0
1970-02-20T00:00:00+00:00,585.5,585.5,585.5,585.5,0
1970-02-24T00:00:00+00:00,585.5,585.5,585.5,585.5,0
1970-02-25T00:00:00+00:00,585.5,585.5,585.5,585.5,0
1970-02-26T00:00:00+00:00,585.5,585.5,585.5,585.5,0
1970-02-27T00:00:00+00:00,585.5,585.5,585.5,585.5,0
1970-03-03T00:00:00+00:00,585.5,585.5,585.5,585.5,0
1970-03-04T00:00:00+00:00,585.5,585.5,585.5,585.5,0
1970-03-05T00:00:00+00:00,585.5,585.5,585.5,585.5,0
1970-03-06T00:00:00+00:00,585.5,585.5,585.5,585.5,0
1970-03-10T00:00:00+00:00,585.5,585.5,585.5,585.5,0
1970-03-11T00:00:00+00:00,585.5,585.5,585.5,585.5,0
1970-03-12T00:00:00+00:00,585.5,585.5,585.5,585.5,0
1970-03-13T00:00:00+00:00,585.5,585.5,585.5,585.5,0
1970-03-17T00:00:00+00:00,585.5,585.5,585.5,585.5,0
1970-03-18T00:00:00+00:00,585.5,585.5,585.5,585.5,0
1970-03-19T00:00:00+00:00,585.5,585.5,585.5,585.5,0
1970-03-20T00:00:00+00:00,585.5,585.5,585.5,585.5,0
1970-03-24T00:00:00+00:00,585.5,585.5,585.5,585.5,0
1970-03-25T00:00:00+00:00,585.5,585.5,585.5,585.5,0
1970-03-26T00:00:00+00:00,585.5,585.5,585.5,585.5,0
1970-03-27T00:00:00+00:00,585.5,585.5,585.5,585.5,0
1970-04-01T00:00:00+00:00,572.7,572.7,572.7,572.7,0
1970-04-02T00:00:00+00:00,572.7,572.7,572.7,572.7,0
1970-04-03T00:00:00+00:00,572.7,572.7,572.7,572.7,0
1970-04-07T00:00:00+00:00,572.7,572.7,572.7,572.7,0
1970-04-08T00:00:00+00:00,572.7,572.7,572.7,572.7,0
1970-04-09T00:00:00+00:00,572.7,572.7,572.7,572.7,0
1970-04-10T00:00:00+00:00,572.7,572.7,572.7,572.7,0
1970-04-14T00:00:00+00:00,572.7,572.7,572.7,572.7,0
1970-04-15T00:00:00+00:00,572.7,572.7,572.7,572.7,0
1970-04-16T00:00:00+00:00,572.7,572.7,572.7,572.7,0
1970-04-17T00:00:00+00:00,572.7,572.7,572.7,572.7,0
1970-04-21T00:00:00+00:00,572.7,572.7,572.7,572.7,0
1970-04-22T00:00:00+00:00,572.7,572.7,572.7,572.7,0
1970-04-23T00:00:00+00:00,572.7,572.7,572.7,572.7,0
1970-04-24T00:00:00+00:00,572.7,572.7,572.7,572.7,0
1970-04-28T00:00:00+00:00,572.7,572.7,572.7,572.7,0
1970-04-29T00:00:00+00:00,572.7,572.7,572.7,572.7,0
1970-04-30T00:00:00+00:00,572.7,572.7,572.7,572.7,0
1970-05-01T00:00:00+00:00,532.9,532.9,532.9,532.9,0
1970-05-05T00:00:00+00:00,532.9,532.9,532.9,532.9,0
1970-05-06T00:00:00+00:00,532.9,532.9,532.9,532.9,0
1970-05-07T00:00:00+00:00,532.9,532.9,532.9,532.9,0
1970-05-12T00:00:00+00:00,527.3,527.3,527.3,527.3,0
1970-05-13T00:00:00+00:00,527.3,527.3,527.3,527.3,0
1970-05-14T00:00:00+00:00,527.3,527.3,527.3,527.3,0
1970-05-15T00:00:00+00:00,527.3,527.3,527.3,527.3,0
1970-05-20T00:00:00+00:00,491.2,491.2,491.2,491.2,0
1970-05-21T00:00:00+00:00,491.2,491.2,491.2,491.2,0
1970-05-22T00:00:00+00:00,491.2,491.2,491.2,491.2,0
1970-05-26T00:00:00+00:00,491.2,491.2,491.2,491.2,0
1970-05-27T00:00:00+00:00,491.2,491.2,491.2,491.2,0
1970-05-28T00:00:00+00:00,491.2,491.2,491.2,491.2,0
1970-06-02T00:00:00+00:00,473.8,473.8,473.8,473.8,0
1970-06-03T00:00:00+00:00,473.8,473.8,473.8,473.8,0
1970-06-04T00:00:00+00:00,473.8,473.8,473.8,473.8,0
1970-06-05T00:00:00+00:00,473.8,473.8,473.8,473.8,0
1970-06-09T00:00:00+00:00,473.8,473.8,473.8,473.8,0
1970-06-10T00:00:00+00:00,473.8,473.8,473.8,473.8,0
1970-06-11T00:00:00+00:00,473.8,473.8,473.8,473.8,0
1970-06-12T00:00:00+00:00,473.8,473.8,473.8,473.8,0
1970-06-16T00:00:00+00:00,473.8,473.8,473.8,473.8,0
1970-06-17T00:00:00+00:00,473.8,473.8,473.8,473.8,0
1970-06-19T00:00:00+00:00,483.7,483.7,483.7,483.7,0
1970-06-23T00:00:00+00:00,483.7,483.7,483.7,483.7,0
1970-06-24T00:00:00+00:00,483.7,483.7,483.7,483.7,0
1970-06-25T00:00:00+00:00,483.7,483.7,483.7,483.7,0
1970-06-26T00:00:00+00:00,483.7,483.7,483.7,483.7,0
1970-06-30T00:00:00+00:00,483.7,483.7,483.7,483.7,0
1970-07-01T00:00:00+00:00,483.7,483.7,483.7,483.7,0
1970-07-02T00:00:00+00:00,483.7,483.7,483.7,483.7,0
1970-07-03T00:00:00+00:00,483.7,483.7,483.7,483.7,0
1970-07-07T00:00:00+00:00,483.7,483.7,483.7,483.7,0
1970-07-08T00:00:00+00:00,483.7,483.7,483.7,483.7,0
1970-07-09T00:00:00+00:00,483.7,483.7,483.7,483.7,0
1970-07-10T00:00:00+00:00,483.7,483.7,483.7,483.7,0
1970-07-14T00:00:00+00:00,483.7,483.7,483.7,483.7,0
1970-07-15T00:00:00+00:00,483.7,483.7,483.7,483.7,0
1970-07-16T00:00:00+00:00,483.7,483.7,483.7,483.7,0
1970-07-17T00:00:00+00:00,483.7,483.7,483.7,483.7,0
1970-07-21T00:00:00+00:00,483.7,483.7,483.7,483.7,0
1970-07-22T00:00:00+00:00,483.7,483.7,483.7,483.7,0
1970-07-23T00:00:00+00:00,483.7,483.7,483.7,483.7,0
1970-07-24T00:00:00+00:00,483.7,483.7,483.7,483.7,0
1970-07-28T00:00:00+00:00,483.7,483.7,483.7,483.7,0
1970-07-29T00:00:00+00:00,483.7,483.7,483.7,483.7,0
1970-07-30T00:00:00+00:00,483.7,483.7,483.7,483.7,0
1970-07-31T00:00:00+00:00,483.7,483.7,483.7,483.7,0
1970-08-04T00:00:00+00:00,483.7,483.7,483.7,483.7,0
1970-08-05T00:00:00+00:00,483.7,483.7,483.7,483.7,0
1970-08-06T00:00:00+00:00,483.7,483.7,483.7,483.7,0
1970-08-07T00:00:00+00:00,483.7,483.7,483.7,483.7,0
1970-08-11T00:00:00+00:00,483.7,483.7,483.7,483.7,0
1970-08-12T00:00:00+00:00,483.7,483.7,483.7,483.7,0
1970-08-13T00:00:00+00:00,483.7,483.7,483.7,483.7,0
1970-08-14T00:00:00+00:00,483.7,483.7,483.7,483.7,0
1970-08-18T00:00:00+00:00,483.7,483.7,483.7,483.7,0
1970-08-19T00:00:00+00:00,483.7,483.7,483.7,483.7,0
1970-08-20T00:00:00+00:00,483.7,483.7,483.7,483.7,0
1970-08-21T00:00:00+00:00,483.7,483.7,483.7,483.7,0
1970-08-25T00:00:00+00:00,483.7,483.7,483.7,483.7,0
1970-08-26T00:00:00+00:00,483.7,483.7,483.7,483.7,0
1970-08-27T00:00:00+00:00,483.7,483.7,483.7,483.7,0
1970-08-28T00:00:00+00:00,483.7,483.7,483.7,483.7,0
1970-09-01T00:00:00+00:00,483.7,483.7,483.7,483.7,0
1970-09-02T00:00:00+00:00,483.7,483.7,483.7,483.7,0
1970-09-03T00:00:00+00:00,483.7,483.7,483.7,483.7,0
1970-09-04T00:00:00+00:00,483.7,483.7,483.7,483.7,0
1970-09-08T00:00:00+00:00,483.7,483.7,483.7,483.7,0
1970-09-09T00:00:00+00:00,483.7,483.7,483.7,483.7,0
1970-09-10T00:00:00+00:00,483.7,483.7,483.7,483.7,0
1970-09-11T00:00:00+00:00,483.7,483.7,483.7,483.7,0
1970-09-15T00:00:00+00:00,483.7,483.7,483.7,483.7,0
1970-09-16T00:00:00+00:00,483.7,483.7,483.7,483.7,0
1970-09-17T00:00:00+00:00,483.7,483.7,483.7,483.7,0
1970-09-18T00:00:00+00:00,483.7,483.7,483.7,483.7,0
1970-09-22T00:00:00+00:00,483.7,483.7,483.7,483.7,0
1970-09-23T00:00:00+00:00,483.7,483.7,483.7,483.7,0
1970-09-24T00:00:00+00:00,483.7,483.7,483.7,483.7,0
1970-09-25T00:00:00+00:00,483.7,483.7,483.7,483.7,0
1970-09-29T00:00:00+00:00,483.7,483.7,483.7,483.7,0
1970-09-30T00:00:00+00:00,483.7,483.7,483.7,483.7,0
1970-10-01T00:00:00+00:00,483.7,483.7,483.7,483.7,0
1970-10-02T00:00:00+00:00,483.7,483.7,483.7,483.7,0
1970-10-06T00:00:00+00:00,483.7,483.7,483.7,483.7,0
1970-10-07T00:00:00+00:00,483.7,483.7,483.7,483.7,0
1970-10-08T00:00:00+00:00,483.7,483.7,483.7,483.7,0
1970-10-09T00:00:00+00:00,483.7,483.7,483.7,483.7,0
1970-10-13T00:00:00+00:00,483.7,483.7,483.7,483.7,0
1970-10-14T00:00:00+00:00,483.7,483.7,483.7,483.7,0
1970-10-15T00:00:00+00:00,483.7,483.7,483.7,483.7,0
1970-10-16T00:00:00+00:00,483.7,483.7,483.7,483.7,0
1970-10-20T00:00:00+00:00,483.7,483.7,483.7,483.7,0
1970-10-21T00:00:00+00:00,483.7,483.7,483.7,483.7,0
1970-10-22T00:00:00+00:00,483.7,483.7,483.7,483.7,0
1970-10-23T00:00:00+00:00,483.7,483.7,483.7,483.7,0
1970-10-27T00:00:00+00:00,483.7,483.7,483.7,483.7,0
1970-10-28T00:00:00+00:00,483.7,483.7,483.7,483.7,0
1970-10-29T00:00:00+00:00,483.7,483.7,483.7,483.7,0
1970-10-30T00:00:00+00:00,483.7,483.7,483.7,483.7,0
1970-11-03T00:00:00+00:00,483.7,483.7,483.7,483.7,0
1970-11-04T00:00:00+00:00,483.7,483.7,483.7,483.7,0
1970-11-05T00:00:00+00:00,483.7,483.7,483.7,483.7,0
1970-11-06T00:00:00+00:00,483.7,483.7,483.7,483.7,0
1970-11-10T00:00:00+00:00,483.7,483.7,483.7,483.7,0
1970-11-11T00:00:00+00:00,483.7,483.7,483.7,483.7,0
1970-11-12T00:00:00+00:00,483.7,483.7,483.7,483.7,0
1970-11-13T00:00:00+00:00,483.7,483.7,483.7,483.7,0
1970-11-17T00:00:00+00:00,483.7,483.7,483.7,483.7,0
1970-11-18T00:00:00+00:00,483.7,483.7,483.7,483.7,0
1970-11-20T00:00:00+00:00,453.5,453.5,453.5,453.5,0
1970-11-24T00:00:00+00:00,453.5,453.5,453.5,453.5,0
1970-11-25T00:00:00+00:00,453.5,453.5,453.5,453.5,0
1970-11-26T00:00:00+00:00,453.5,453.5,453.5,453.5,0
1970-11-27T00:00:00+00:00,453.5,453.5,453.5,453.5,0
1970-12-01T00:00:00+00:00,453.5,453.5,453.5,453.5,0
1970-12-02T00:00:00+00:00,453.5,453.5,453.5,453.5,0
1970-12-03T00:00:00+00:00,453.5,453.5,453.5,453.5,0
1970-12-04T00:00:00+00:00,453.5,453.5,453.5,453.5,0
1970-12-08T00:00:00+00:00,453.5,453.5,453.5,453.5,0
1970-12-09T00:00:00+00:00,453.5,453.5,453.5,453.5,0
1970-12-10T00:00:00+00:00,453.5,453.5,453.5,453.5,0
1970-12-11T00:00:00+00:00,453.5,453.5,453.5,453.5,0
1970-12-15T00:00:00+00:00,453.5,453.5,453.5,453.5,0
1970-12-16T00:00:00+00:00,453.5,453.5,453.5,453.5,0
1970-12-17T00:00:00+00:00,453.5,453.5,453.5,453.5,0
1970-12-18T00:00:00+00:00,453.5,453.5,453.5,453.5,0
1970-12-22T00:00:00+00:00,453.5,453.5,453.5,453.5,0
1970-12-23T00:00:00+00:00,453.5,453.5,453.5,453.5,0
1970-12-24T00:00:00+00:00,453.5,453.5,453.5,453.5,0
1970-12-29T00:00:00+00:00,453.5,453.5,453.5,453.5,0
1970-12-30T00:00:00+00:00,453.5,453.5,453.5,453.5,0
1970-12-31T00:00:00+00:00,446.2,446.2,446.2,446.2,0
1971-01-01T00:00:00+00:00,443.9,443.9,443.9,443.9,0
1971-01-05T00:00:00+00:00,443.9,443.9,443.9,443.9,0
1971-01-06T00:00:00+00:00,443.9,443.9,443.9,443.9,0
1971-01-07T00:00:00+00:00,443.9,443.9,443.9,443.9,0
1971-01-08T00:00:00+00:00,443.9,443.9,443.9,443.9,0
1971-01-12T00:00:00+00:00,443.9,443.9,443.9,443.9,0
1971-01-13T00:00:00+00:00,443.9,443.9,443.9,443.9,0
1971-01-14T00:00:00+00:00,443.9,443.9,443.9,443.9,0
1971-01-15T00:00:00+00:00,443.9,443.9,443.9,443.9,0
1971-01-19T00:00:00+00:00,443.9,443.9,443.9,443.9,0
1971-01-20T00:00:00+00:00,443.9,443.9,443.9,443.9,0
1971-01-21T00:00:00+00:00,443.9,443.9,443.9,443.9,0
1971-01-22T00:00:00+00:00,443.9,443.9,443.9,443.9,0
1971-01-26T00:00:00+00:00,443.9,443.9,443.9,443.9,0
1971-01-27T00:00:00+00:00,443.9,443.9,443.9,443.9,0
1971-01-28T00:00:00+00:00,443.9,443.9,443.9,443.9,0
1971-01-29T00:00:00+00:00,443.9,443.9,443.9,443.9,0
1971-02-02T00:00:00+00:00,443.9,443.9,443.9,443.9,0
1971-02-03T00:00:00+00:00,443.9,443.9,443.9,443.9,0
1971-02-04T00:00:00+00:00,443.9,443.9,443.9,443.9,0
1971-02-05T00:00:00+00:00,443.9,443.9,443.9,443.9,0
1971-02-09T00:00:00+00:00,443.9,443.9,443.9,443.9,0
1971-02-10T00:00:00+00:00,443.9,443.9,443.9,443.9,0
1971-02-11T00:00:00+00:00,443.9,443.9,443.9,443.9,0
1971-02-12T00:00:00+00:00,443.9,443.9,443.9,443.9,0
1971-02-16T00:00:00+00:00,443.9,443.9,443.9,443.9,0
1971-02-17T00:00:00+00:00,443.9,443.9,443.9,443.9,0
1971-02-18T00:00:00+00:00,443.9,443.9,443.9,443.9,0
1971-02-19T00:00:00+00:00,443.9,443.9,443.9,443.9,0
1971-02-23T00:00:00+00:00,443.9,443.9,443.9,443.9,0
1971-02-24T00:00:00+00:00,443.9,443.9,443.9,443.9,0
1971-02-25T00:00:00+00:00,443.9,443.9,443.9,443.9,0
1971-02-26T00:00:00+00:00,443.9,443.9,443.9,443.9,0
1971-03-02T00:00:00+00:00,443.9,443.9,443.9,443.9,0
1971-03-03T00:00:00+00:00,443.9,443.9,443.9,443.9,0
1971-03-04T00:00:00+00:00,443.9,443.9,443.9,443.9,0
1971-03-05T00:00:00+00:00,443.9,443.9,443.9,443.9,0
1971-03-09T00:00:00+00:00,443.9,443.9,443.9,443.9,0
1971-03-10T00:00:00+00:00,443.9,443.9,443.9,443.9,0
1971-03-11T00:00:00+00:00,443.9,443.9,443.9,443.9,0
1971-03-12T00:00:00+00:00,443.9,443.9,443.9,443.9,0
1971-03-16T00:00:00+00:00,443.9,443.9,443.9,443.9,0
1971-03-17T00:00:00+00:00,443.9,443.9,443.9,443.9,0
1971-03-18T00:00:00+00:00,443.9,443.9,443.9,443.9,0
1971-03-19T00:00:00+00:00,443.9,443.9,443.9,443.9,0
1971-03-23T00:00:00+00:00,443.9,443.9,443.9,443.9,0
1971-03-24T00:00:00+00:00,443.9,443.9,443.9,443.9,0
1971-03-25T00:00:00+00:00,443.9,443.9,443.9,443.9,0
1971-03-26T00:00:00+00:00,443.9,443.9,443.9,443.9,0
1971-03-30T00:00:00+00:00,443.9,443.9,443.9,443.9,0
1971-03-31T00:00:00+00:00,443.9,443.9,443.9,443.9,0
1971-04-01T00:00:00+00:00,443.9,443.9,443.9,443.9,0
1971-04-02T00:00:00+00:00,443.9,443.9,443.9,443.9,0
1971-04-06T00:00:00+00:00,443.9,443.9,443.9,443.9,0
1971-04-07T00:00:00+00:00,443.9,443.9,443.9,443.9,0
1971-04-08T00:00:00+00:00,443.9,443.9,443.9,443.9,0
1971-04-09T00:00:00+00:00,443.9,443.9,443.9,443.9,0
1971-04-14T00:00:00+00:00,538.8,538.8,538.8,538.8,0
1971-04-15T00:00:00+00:00,538.8,538.8,538.8,538.8,0
1971-04-16T00:00:00+00:00,538.8,538.8,538.8,538.8,0
1971-04-20T00:00:00+00:00,538.8,538.8,538.8,538.8,0
1971-04-21T00:00:00+00:00,538.8,538.8,538.8,538.8,0
1971-04-22T00:00:00+00:00,538.8,538.8,538.8,538.8,0
1971-04-23T00:00:00+00:00,538.8,538.8,538.8,538.8,0
1971-04-27T00:00:00+00:00,538.8,538.8,538.8,538.8,0
1971-04-28T00:00:00+00:00,538.8,538.8,538.8,538.8,0
1971-04-29T00:00:00+00:00,538.8,538.8,538.8,538.8,0
1971-04-30T00:00:00+00:00,538.8,538.8,538.8,538.8,0
1971-05-04T00:00:00+00:00,538.8,538.8,538.8,538.8,0
1971-05-05T00:00:00+00:00,538.8,538.8,538.8,538.8,0
1971-05-06T00:00:00+00:00,538.8,538.8,538.8,538.8,0
1971-05-07T00:00:00+00:00,538.8,538.8,538.8,538.8,0
1971-05-11T00:00:00+00:00,538.8,538.8,538.8,538.8,0
1971-05-12T00:00:00+00:00,538.8,538.8,538.8,538.8,0
1971-05-13T00:00:00+00:00,538.8,538.8,538.8,538.8,0
1971-05-14T00:00:00+00:00,538.8,538.8,538.8,538.8,0
1971-05-18T00:00:00+00:00,538.8,538.8,538.8,538.8,0
1971-05-19T00:00:00+00:00,538.8,538.8,538.8,538.8,0
1971-05-20T00:00:00+00:00,538.8,538.8,538.8,538.8,0
1971-05-25T00:00:00+00:00,499.8,499.8,499.8,499.8,0
1971-05-26T00:00:00+00:00,499.8,499.8,499.8,499.8,0
1971-05-27T00:00:00+00:00,499.8,499.8,499.8,499.8,0
1971-05-28T00:00:00+00:00,499.8,499.8,499.8,499.8,0
1971-06-02T00:00:00+00:00,518.2,518.2,518.2,518.2,0
1971-06-03T00:00:00+00:00,518.2,518.2,518.2,518.2,0
1971-06-04T00:00:00+00:00,518.2,518.2,518.2,518.2,0
1971-06-08T00:00:00+00:00,518.2,518.2,518.2,518.2,0
1971-06-09T00:00:00+00:00,518.2,518.2,518.2,518.2,0
1971-06-10T00:00:00+00:00,518.2,518.2,518.2,518.2,0
1971-06-15T00:00:00+00:00,514.5,514.5,514.5,514.5,0
1971-06-16T00:00:00+00:00,514.5,514.5,514.5,514.5,0
1971-06-17T00:00:00+00:00,514.5,514.5,514.5,514.5,0
1971-06-22T00:00:00+00:00,505.2,505.2,505.2,505.2,0
1971-06-23T00:00:00+00:00,505.2,505.2,505.2,505.2,0
1971-06-24T00:00:00+00:00,505.2,505.2,505.2,505.2,0
1971-06-25T00:00:00+00:00,505.2,505.2,505.2,505.2,0
1971-06-29T00:00:00+00:00,505.2,505.2,505.2,505.2,0
1971-06-30T00:00:00+00:00,505.2,505.2,505.2,505.2,0
1971-07-01T00:00:00+00:00,505.2,505.2,505.2,505.2,0
1971-07-02T00:00:00+00:00,505.2,505.2,505.2,505.2,0
1971-07-06T00:00:00+00:00,505.2,505.2,505.2,505.2,0
1971-07-07T00:00:00+00:00,505.2,505.2,505.2,505.2,0
1971-07-08T00:00:00+00:00,505.2,505.2,505.2,505.2,0
1971-07-09T00:00:00+00:00,505.2,505.2,505.2,505.2,0
1971-07-13T00:00:00+00:00,505.2,505.2,505.2,505.2,0
1971-07-14T00:00:00+00:00,505.2,505.2,505.2,505.2,0
1971-07-15T00:00:00+00:00,505.2,505.2,505.2,505.2,0
1971-07-16T00:00:00+00:00,505.2,505.2,505.2,505.2,0
1971-07-20T00:00:00+00:00,505.2,505.2,505.2,505.2,0
1971-07-21T00:00:00+00:00,505.2,505.2,505.2,505.2,0
1971-07-22T00:00:00+00:00,505.2,505.2,505.2,505.2,0
1971-07-23T00:00:00+00:00,505.2,505.2,505.2,505.2,0
1971-07-27T00:00:00+00:00,505.2,505.2,505.2,505.2,0
1971-07-28T00:00:00+00:00,505.2,505.2,505.2,505.2,0
1971-07-29T00:00:00+00:00,505.2,505.2,505.2,505.2,0
1971-07-30T00:00:00+00:00,505.2,505.2,505.2,505.2,0
1971-08-03T00:00:00+00:00,505.2,505.2,505.2,505.2,0
1971-08-04T00:00:00+00:00,505.2,505.2,505.2,505.2,0
1971-08-05T00:00:00+00:00,505.2,505.2,505.2,505.2,0
1971-08-06T00:00:00+00:00,505.2,505.2,505.2,505.2,0
1971-08-10T00:00:00+00:00,505.2,505.2,505.2,505.2,0
1971-08-11T00:00:00+00:00,505.2,505.2,505.2,505.2,0
1971-08-12T00:00:00+00:00,505.2,505.2,505.2,505.2,0
1971-08-13T00:00:00+00:00,505.2,505.2,505.2,505.2,0
1971-08-17T00:00:00+00:00,505.2,505.2,505.2,505.2,0
1971-08-18T00:00:00+00:00,505.2,505.2,505.2,505.2,0
1971-08-19T00:00:00+00:00,505.2,505.2,505.2,505.2,0
1971-08-20T00:00:00+00:00,505.2,505.2,505.2,505.2,0
1971-08-24T00:00:00+00:00,505.2,505.2,505.2,505.2,0
1971-08-25T00:00:00+00:00,505.2,505.2,505.2,505.2,0
1971-08-26T00:00:00+00:00,505.2,505.2,505.2,505.2,0
1971-08-27T00:00:00+00:00,505.2,505.2,505.2,505.2,0
1971-08-31T00:00:00+00:00,505.2,505.2,505.2,505.2,0
1971-09-01T00:00:00+00:00,505.2,505.2,505.2,505.2,0
1971-09-02T00:00:00+00:00,505.2,505.2,505.2,505.2,0
1971-09-03T00:00:00+00:00,505.2,505.2,505.2,505.2,0
1971-09-07T00:00:00+00:00,505.2,505.2,505.2,505.2,0
1971-09-08T00:00:00+00:00,505.2,505.2,505.2,505.2,0
1971-09-09T00:00:00+00:00,505.2,505.2,505.2,505.2,0
1971-09-10T00:00:00+00:00,505.2,505.2,505.2,505.2,0
1971-09-14T00:00:00+00:00,505.2,505.2,505.2,505.2,0
1971-09-15T00:00:00+00:00,505.2,505.2,505.2,505.2,0
1971-09-16T00:00:00+00:00,505.2,505.2,505.2,505.2,0
1971-09-17T00:00:00+00:00,505.2,505.2,505.2,505.2,0
1971-09-21T00:00:00+00:00,505.2,505.2,505.2,505.2,0
1971-09-22T00:00:00+00:00,505.2,505.2,505.2,505.2,0
1971-09-23T00:00:00+00:00,505.2,505.2,505.2,505.2,0
1971-09-24T00:00:00+00:00,505.2,505.2,505.2,505.2,0
1971-09-28T00:00:00+00:00,505.2,505.2,505.2,505.2,0
1971-09-29T00:00:00+00:00,505.2,505.2,505.2,505.2,0
1971-09-30T00:00:00+00:00,505.2,505.2,505.2,505.2,0
1971-10-01T00:00:00+00:00,505.2,505.2,505.2,505.2,0
1971-10-05T00:00:00+00:00,505.2,505.2,505.2,505.2,0
1971-10-06T00:00:00+00:00,505.2,505.2,505.2,505.2,0
1971-10-07T00:00:00+00:00,505.2,505.2,505.2,505.2,0
1971-10-08T00:00:00+00:00,505.2,505.2,505.2,505.2,0
1971-10-12T00:00:00+00:00,505.2,505.2,505.2,505.2,0
1971-10-13T00:00:00+00:00,505.2,505.2,505.2,505.2,0
1971-10-14T00:00:00+00:00,505.2,505.2,505.2,505.2,0
1971-10-15T00:00:00+00:00,505.2,505.2,505.2,505.2,0
1971-10-19T00:00:00+00:00,505.2,505.2,505.2,505.2,0
1971-10-20T00:00:00+00:00,505.2,505.2,505.2,505.2,0
1971-10-21T00:00:00+00:00,505.2,505.2,505.2,505.2,0
1971-10-22T00:00:00+00:00,505.2,505.2,505.2,505.2,0
1971-10-26T00:00:00+00:00,505.2,505.2,505.2,505.2,0
1971-10-27T00:00:00+00:00,505.2,505.2,505.2,505.2,0
1971-10-28T00:00:00+00:00,505.2,505.2,505.2,505.2,0
1971-10-29T00:00:00+00:00,505.2,505.2,505.2,505.2,0
1971-11-02T00:00:00+00:00,505.2,505.2,505.2,505.2,0
1971-11-03T00:00:00+00:00,505.2,505.2,505.2,505.2,0
1971-11-04T00:00:00+00:00,505.2,505.2,505.2,505.2,0
1971-11-05T00:00:00+00:00,505.2,505.2,505.2,505.2,0
1971-11-09T00:00:00+00:00,505.2,505.2,505.2,505.2,0
1971-11-10T00:00:00+00:00,505.2,505.2,505.2,505.2,0
1971-11-11T00:00:00+00:00,505.2,505.2,505.2,505.2,0
1971-11-12T00:00:00+00:00,505.2,505.2,505.2,505.2,0
1971-11-16T00:00:00+00:00,505.2,505.2,505.2,505.2,0
1971-11-17T00:00:00+00:00,505.2,505.2,505.2,505.2,0
1971-11-19T00:00:00+00:00,433.2,433.2,433.2,433.2,0
1971-11-23T00:00:00+00:00,433.2,433.2,433.2,433.2,0
1971-11-24T00:00:00+00:00,433.2,433.2,433.2,433.2,0
1971-11-25T00:00:00+00:00,433.2,433.2,433.2,433.2,0
1971-11-26T00:00:00+00:00,433.2,433.2,433.2,433.2,0
1971-11-30T00:00:00+00:00,433.2,433.2,433.2,433.2,0
1971-12-01T00:00:00+00:00,433.2,433.2,433.2,433.2,0
1971-12-02T00:00:00+00:00,433.2,433.2,433.2,433.2,0
1971-12-03T00:00:00+00:00,433.2,433.2,433.2,433.2,0
1971-12-07T00:00:00+00:00,433.2,433.2,433.2,433.2,0
1971-12-08T00:00:00+00:00,433.2,433.2,433.2,433.2,0
1971-12-09T00:00:00+00:00,433.2,433.2,433.2,433.2,0
1971-12-10T00:00:00+00:00,433.2,433.2,433.2,433.2,0
1971-12-14T00:00:00+00:00,433.2,433.2,433.2,433.2,0
1971-12-15T00:00:00+00:00,433.2,433.2,433.2,433.2,0
1971-12-16T00:00:00+00:00,433.2,433.2,433.2,433.2,0
1971-12-17T00:00:00+00:00,433.2,433.2,433.2,433.2,0
1971-12-21T00:00:00+00:00,433.2,433.2,433.2,433.2,0
1971-12-22T00:00:00+00:00,433.2,433.2,433.2,433.2,0
1971-12-23T00:00:00+00:00,433.2,433.2,433.2,433.2,0
1971-12-24T00:00:00+00:00,433.2,433.2,433.2,433.2,0
1971-12-28T00:00:00+00:00,433.2,433.2,433.2,433.2,0
1971-12-29T00:00:00+00:00,433.2,433.2,433.2,433.2,0
1971-12-30T00:00:00+00:00,433.2,433.2,433.2,433.2,0
1971-12-31T00:00:00+00:00,474.2,474.2,474.2,474.2,0
1972-01-04T00:00:00+00:00,474.2,474.2,474.2,474.2,0
1972-01-05T00:00:00+00:00,474.2,474.2,474.2,474.2,0
1972-01-06T00:00:00+00:00,474.2,474.2,474.2,474.2,0
1972-01-07T00:00:00+00:00,474.2,474.2,474.2,474.2,0
1972-01-11T00:00:00+00:00,474.2,474.2,474.2,474.2,0
1972-01-12T00:00:00+00:00,474.2,474.2,474.2,474.2,0
1972-01-13T00:00:00+00:00,474.2,474.2,474.2,474.2,0
1972-01-14T00:00:00+00:00,474.2,474.2,474.2,474.2,0
1972-01-18T00:00:00+00:00,474.2,474.2,474.2,474.2,0
1972-01-19T00:00:00+00:00,474.2,474.2,474.2,474.2,0
1972-01-20T00:00:00+00:00,474.2,474.2,474.2,474.2,0
1972-01-21T00:00:00+00:00,474.2,474.2,474.2,474.2,0
1972-01-25T00:00:00+00:00,474.2,474.2,474.2,474.2,0
1972-01-26T00:00:00+00:00,474.2,474.2,474.2,474.2,0
1972-01-27T00:00:00+00:00,474.2,474.2,474.2,474.2,0
1972-01-28T00:00:00+00:00,474.2,474.2,474.2,474.2,0
1972-02-01T00:00:00+00:00,474.2,474.2,474.2,474.2,0
1972-02-02T00:00:00+00:00,474.2,474.2,474.2,474.2,0
1972-02-03T00:00:00+00:00,474.2,474.2,474.2,474.2,0
1972-02-04T00:00:00+00:00,474.2,474.2,474.2,474.2,0
1972-02-08T00:00:00+00:00,474.2,474.2,474.2,474.2,0
1972-02-09T00:00:00+00:00,474.2,474.2,474.2,474.2,0
1972-02-10T00:00:00+00:00,474.2,474.2,474.2,474.2,0
1972-02-11T00:00:00+00:00,474.2,474.2,474.2,474.2,0
1972-02-15T00:00:00+00:00,474.2,474.2,474.2,474.2,0
1972-02-16T00:00:00+00:00,474.2,474.2,474.2,474.2,0
1972-02-17T00:00:00+00:00,474.2,474.2,474.2,474.2,0
1972-02-18T00:00:00+00:00,474.2,474.2,474.2,474.2,0
1972-02-22T00:00:00+00:00,474.2,474.2,474.2,474.2,0
1972-02-23T00:00:00+00:00,474.2,474.2,474.2,474.2,0
1972-02-24T00:00:00+00:00,474.2,474.2,474.2,474.2,0
1972-02-25T00:00:00+00:00,474.2,474.2,474.2,474.2,0
1972-02-29T00:00:00+00:00,474.2,474.2,474.2,474.2,0
1972-03-01T00:00:00+00:00,474.2,474.2,474.2,474.2,0
1972-03-02T00:00:00+00:00,474.2,474.2,474.2,474.2,0
1972-03-03T00:00:00+00:00,474.2,474.2,474.2,474.2,0
1972-03-07T00:00:00+00:00,474.2,474.2,474.2,474.2,0
1972-03-08T00:00:00+00:00,474.2,474.2,474.2,474.2,0
1972-03-09T00:00:00+00:00,474.2,474.2,474.2,474.2,0
1972-03-10T00:00:00+00:00,474.2,474.2,474.2,474.2,0
1972-03-14T00:00:00+00:00,474.2,474.2,474.2,474.2,0
1972-03-15T00:00:00+00:00,474.2,474.2,474.2,474.2,0
1972-03-16T00:00:00+00:00,474.2,474.2,474.2,474.2,0
1972-03-17T00:00:00+00:00,474.2,474.2,474.2,474.2,0
1972-03-21T00:00:00+00:00,474.2,474.2,474.2,474.2,0
1972-03-22T00:00:00+00:00,474.2,474.2,474.2,474.2,0
1972-03-23T00:00:00+00:00,474.2,474.2,474.2,474.2,0
1972-03-24T00:00:00+00:00,474.2,474.2,474.2,474.2,0
1972-03-28T00:00:00+00:00,474.2,474.2,474.2,474.2,0
1972-03-29T00:00:00+00:00,474.2,474.2,474.2,474.2,0
1972-03-30T00:00:00+00:00,474.2,474.2,474.2,474.2,0
1972-03-31T00:00:00+00:00,474.2,474.2,474.2,474.2,0
1972-04-05T00:00:00+00:00,561.8,561.8,561.8,561.8,0
1972-04-06T00:00:00+00:00,561.8,561.8,561.8,561.8,0
1972-04-07T00:00:00+00:00,561.8,561.8,561.8,561.8,0
1972-04-11T00:00:00+00:00,561.8,561.8,561.8,561.8,0
1972-04-12T00:00:00+00:00,561.8,561.8,561.8,561.8,0
1972-04-13T00:00:00+00:00,561.8,561.8,561.8,561.8,0
1972-04-14T00:00:00+00:00,561.8,561.8,561.8,561.8,0
1972-04-18T00:00:00+00:00,561.8,561.8,561.8,561.8,0
1972-04-19T00:00:00+00:00,561.8,561.8,561.8,561.8,0
1972-04-20T00:00:00+00:00,561.8,561.8,561.8,561.8,0
1972-04-21T00:00:00+00:00,561.8,561.8,561.8,561.8,0
1972-04-25T00:00:00+00:00,561.8,561.8,561.8,561.8,0
1972-04-26T00:00:00+00:00,561.8,561.8,561.8,561.8,0
1972-04-27T00:00:00+00:00,561.8,561.8,561.8,561.8,0
1972-04-28T00:00:00+00:00,561.8,561.8,561.8,561.8,0
1972-05-03T00:00:00+00:00,544.8,544.8,544.8,544.8,0
1972-05-04T00:00:00+00:00,544.8,544.8,544.8,544.8,0
1972-05-05T00:00:00+00:00,544.8,544.8,544.8,544.8,0
1972-05-09T00:00:00+00:00,544.8,544.8,544.8,544.8,0
1972-05-10T00:00:00+00:00,544.8,544.8,544.8,544.8,0
1972-05-11T00:00:00+00:00,544.8,544.8,544.8,544.8,0
1972-05-12T00:00:00+00:00,544.8,544.8,544.8,544.8,0
1972-05-16T00:00:00+00:00,544.8,544.8,544.8,544.8,0
1972-05-17T00:00:00+00:00,544.8,544.8,544.8,544.8,0
1972-05-18T00:00:00+00:00,544.8,544.8,544.8,544.8,0
1972-05-19T00:00:00+00:00,544.8,544.8,544.8,544.8,0
1972-05-24T00:00:00+00:00,576.9,576.9,576.9,576.9,0
1972-05-25T00:00:00+00:00,576.9,576.9,576.9,576.9,0
1972-05-26T00:00:00+00:00,576.9,576.9,576.9,576.9,0
1972-05-30T00:00:00+00:00,576.9,576.9,576.9,576.9,0
1972-05-31T00:00:00+00:00,576.9,576.9,576.9,576.9,0
1972-06-01T00:00:00+00:00,576.9,576.9,576.9,576.9,0
1972-06-06T00:00:00+00:00,569.7,569.7,569.7,569.7,0
1972-06-07T00:00:00+00:00,569.7,569.7,569.7,569.7,0
1972-06-08T00:00:00+00:00,569.7,569.7,569.7,569.7,0
1972-06-09T00:00:00+00:00,569.7,569.7,569.7,569.7,0
1972-06-13T00:00:00+00:00,569.7,569.7,569.7,569.7,0
1972-06-14T00:00:00+00:00,569.7,569.7,569.7,569.7,0
1972-06-15T00:00:00+00:00,569.7,569.7,569.7,569.7,0
1972-06-16T00:00:00+00:00,569.7,569.7,569.7,569.7,0
1972-06-20T00:00:00+00:00,569.7,569.7,569.7,569.7,0
1972-06-21T00:00:00+00:00,569.7,569.7,569.7,569.7,0
1972-06-22T00:00:00+00:00,569.7,569.7,569.7,569.7,0
1972-06-23T00:00:00+00:00,569.7,569.7,569.7,569.7,0
1972-06-27T00:00:00+00:00,569.7,569.7,569.7,569.7,0
1972-06-28T00:00:00+00:00,569.7,569.7,569.7,569.7,0
1972-06-29T00:00:00+00:00,569.7,569.7,569.7,569.7,0
1972-06-30T00:00:00+00:00,569.7,569.7,569.7,569.7,0
1972-07-04T00:00:00+00:00,569.7,569.7,569.7,569.7,0
1972-07-05T00:00:00+00:00,569.7,569.7,569.7,569.7,0
1972-07-06T00:00:00+00:00,569.7,569.7,569.7,569.7,0
1972-07-07T00:00:00+00:00,569.7,569.7,569.7,569.7,0
1972-07-11T00:00:00+00:00,569.7,569.7,569.7,569.7,0
1972-07-12T00:00:00+00:00,569.7,569.7,569.7,569.7,0
1972-07-13T00:00:00+00:00,569.7,569.7,569.7,569.7,0
1972-07-14T00:00:00+00:00,569.7,569.7,569.7,569.7,0
1972-07-18T00:00:00+00:00,569.7,569.7,569.7,569.7,0
1972-07-19T00:00:00+00:00,569.7,569.7,569.7,569.7,0
1972-07-20T00:00:00+00:00,569.7,569.7,569.7,569.7,0
1972-07-21T00:00:00+00:00,569.7,569.7,569.7,569.7,0
1972-07-25T00:00:00+00:00,569.7,569.7,569.7,569.7,0
1972-07-26T00:00:00+00:00,569.7,569.7,569.7,569.7,0
1972-07-27T00:00:00+00:00,569.7,569.7,569.7,569.7,0
1972-07-28T00:00:00+00:00,569.7,569.7,569.7,569.7,0
1972-08-01T00:00:00+00:00,569.7,569.7,569.7,569.7,0
1972-08-02T00:00:00+00:00,569.7,569.7,569.7,569.7,0
1972-08-03T00:00:00+00:00,569.7,569.7,569.7,569.7,0
1972-08-04T00:00:00+00:00,569.7,569.7,569.7,569.7,0
1972-08-08T00:00:00+00:00,569.7,569.7,569.7,569.7,0
1972-08-09T00:00:00+00:00,569.7,569.7,569.7,569.7,0
1972-08-10T00:00:00+00:00,569.7,569.7,569.7,569.7,0
1972-08-11T00:00:00+00:00,569.7,569.7,569.7,569.7,0
1972-08-15T00:00:00+00:00,569.7,569.7,569.7,569.7,0
1972-08-16T00:00:00+00:00,569.7,569.7,569.7,569.7,0
1972-08-17T00:00:00+00:00,569.7,569.7,569.7,569.7,0
1972-08-18T00:00:00+00:00,569.7,569.7,569.7,569.7,0
1972-08-22T00:00:00+00:00,569.7,569.7,569.7,569.7,0
1972-08-23T00:00:00+00:00,569.7,569.7,569.7,569.7,0
1972-08-24T00:00:00+00:00,569.7,569.7,569.7,569.7,0
1972-08-25T00:00:00+00:00,569.7,569.7,569.7,569.7,0
1972-08-29T00:00:00+00:00,569.7,569.7,569.7,569.7,0
1972-08-30T00:00:00+00:00,569.7,569.7,569.7,569.7,0
1972-08-31T00:00:00+00:00,569.7,569.7,569.7,569.7,0
1972-09-01T00:00:00+00:00,569.7,569.7,569.7,569.7,0
1972-09-05T00:00:00+00:00,569.7,569.7,569.7,569.7,0
1972-09-06T00:00:00+00:00,569.7,569.7,569.7,569.7,0
1972-09-07T00:00:00+00:00,569.7,569.7,569.7,569.7,0
1972-09-08T00:00:00+00:00,569.7,569.7,569.7,569.7,0
1972-09-12T00:00:00+00:00,569.7,569.7,569.7,569.7,0
1972-09-13T00:00:00+00:00,569.7,569.7,569.7,569.7,0
1972-09-14T00:00:00+00:00,569.7,569.7,569.7,569.7,0
1972-09-15T00:00:00+00:00,569.7,569.7,569.7,569.7,0
1972-09-19T00:00:00+00:00,569.7,569.7,569.7,569.7,0
1972-09-20T00:00:00+00:00,569.7,569.7,569.7,569.7,0
1972-09-21T00:00:00+00:00,569.7,569.7,569.7,569.7,0
1972-09-22T00:00:00+00:00,569.7,569.7,569.7,569.7,0
1972-09-26T00:00:00+00:00,569.7,569.7,569.7,569.7,0
1972-09-27T00:00:00+00:00,569.7,569.7,569.7,569.7,0
1972-09-28T00:00:00+00:00,569.7,569.7,569.7,569.7,0
1972-09-29T00:00:00+00:00,569.7,569.7,569.7,569.7,0
1972-10-03T00:00:00+00:00,569.7,569.7,569.7,569.7,0
1972-10-04T00:00:00+00:00,569.7,569.7,569.7,569.7,0
1972-10-05T00:00:00+00:00,569.7,569.7,569.7,569.7,0
1972-10-06T00:00:00+00:00,569.7,569.7,569.7,569.7,0
1972-10-10T00:00:00+00:00,569.7,569.7,569.7,569.7,0
1972-10-11T00:00:00+00:00,569.7,569.7,569.7,569.7,0
1972-10-12T00:00:00+00:00,569.7,569.7,569.7,569.7,0
1972-10-13T00:00:00+00:00,569.7,569.7,569.7,569.7,0
1972-10-17T00:00:00+00:00,569.7,569.7,569.7,569.7,0
1972-10-18T00:00:00+00:00,569.7,569.7,569.7,569.7,0
1972-10-19T00:00:00+00:00,569.7,569.7,569.7,569.7,0
1972-10-20T00:00:00+00:00,569.7,569.7,569.7,569.7,0
1972-10-24T00:00:00+00:00,569.7,569.7,569.7,569.7,0
1972-10-25T00:00:00+00:00,569.7,569.7,569.7,569.7,0
1972-10-26T00:00:00+00:00,569.7,569.7,569.7,569.7,0
1972-10-27T00:00:00+00:00,569.7,569.7,569.7,569.7,0
1972-10-31T00:00:00+00:00,569.7,569.7,569.7,569.7,0
1972-11-01T00:00:00+00:00,569.7,569.7,569.7,569.7,0
1972-11-02T00:00:00+00:00,569.7,569.7,569.7,569.7,0
1972-11-03T00:00:00+00:00,569.7,569.7,569.7,569.7,0
1972-11-07T00:00:00+00:00,569.7,569.7,569.7,569.7,0
1972-11-08T00:00:00+00:00,569.7,569.7,569.7,569.7,0
1972-11-09T00:00:00+00:00,569.7,569.7,569.7,569.7,0
1972-11-10T00:00:00+00:00,569.7,569.7,569.7,569.7,0
1972-11-14T00:00:00+00:00,569.7,569.7,569.7,569.7,0
1972-11-15T00:00:00+00:00,569.7,569.7,569.7,569.7,0
1972-11-16T00:00:00+00:00,569.7,569.7,569.7,569.7,0
1972-11-17T00:00:00+00:00,569.7,569.7,569.7,569.7,0
1972-11-21T00:00:00+00:00,569.7,569.7,569.7,569.7,0
1972-11-22T00:00:00+00:00,569.7,569.7,569.7,569.7,0
1972-11-24T00:00:00+00:00,552,552,552,552,0
1972-11-28T00:00:00+00:00,552,552,552,552,0
1972-11-29T00:00:00+00:00,552,552,552,552,0
1972-11-30T00:00:00+00:00,552,552,552,552,0
1972-12-01T00:00:00+00:00,552,552,552,552,0
1972-12-05T00:00:00+00:00,552,552,552,552,0
1972-12-06T00:00:00+00:00,552,552,552,552,0
1972-12-07T00:00:00+00:00,552,552,552,552,0
1972-12-08T00:00:00+00:00,552,552,552,552,0
1972-12-12T00:00:00+00:00,552,552,552,552,0
1972-12-13T00:00:00+00:00,552,552,552,552,0
1972-12-14T00:00:00+00:00,552,552,552,552,0
1972-12-15T00:00:00+00:00,552,552,552,552,0
1972-12-19T00:00:00+00:00,552,552,552,552,0
1972-12-20T00:00:00+00:00,552,552,552,552,0
1972-12-21T00:00:00+00:00,552,552,552,552,0
1972-12-22T00:00:00+00:00,552,552,552,552,0
1972-12-28T00:00:00+00:00,542.9,542.9,542.9,542.9,0
1972-12-29T00:00:00+00:00,542.9,542.9,542.9,542.9,0
1973-01-03T00:00:00+00:00,545.4,545.4,545.4,545.4,0
1973-01-04T00:00:00+00:00,545.4,545.4,545.4,545.4,0
1973-01-05T00:00:00+00:00,545.4,545.4,545.4,545.4,0
1973-01-09T00:00:00+00:00,545.4,545.4,545.4,545.4,0
1973-01-10T00:00:00+00:00,545.4,545.4,545.4,545.4,0
1973-01-11T00:00:00+00:00,545.4,545.4,545.4,545.4,0
1973-01-12T00:00:00+00:00,545.4,545.4,545.4,545.4,0
1973-01-16T00:00:00+00:00,545.4,545.4,545.4,545.4,0
1973-01-17T00:00:00+00:00,545.4,545.4,545.4,545.4,0
1973-01-18T00:00:00+00:00,545.4,545.4,545.4,545.4,0
1973-01-19T00:00:00+00:00,545.4,545.4,545.4,545.4,0
1973-01-23T00:00:00+00:00,545.4,545.4,545.4,545.4,0
1973-01-24T00:00:00+00:00,545.4,545.4,545.4,545.4,0
1973-01-25T00:00:00+00:00,545.4,545.4,545.4,545.4,0
1973-01-26T00:00:00+00:00,545.4,545.4,545.4,545.4,0
1973-01-30T00:00:00+00:00,545.4,545.4,545.4,545.4,0
1973-01-31T00:00:00+00:00,545.4,545.4,545.4,545.4,0
1973-02-01T00:00:00+00:00,545.4,545.4,545.4,545.4,0
1973-02-02T00:00:00+00:00,545.4,545.4,545.4,545.4,0
1973-02-06T00:00:00+00:00,545.4,545.4,545.4,545.4,0
1973-02-07T00:00:00+00:00,545.4,545.4,545.4,545.4,0
1973-02-08T00:00:00+00:00,545.4,545.4,545.4,545.4,0
1973-02-09T00:00:00+00:00,545.4,545.4,545.4,545.4,0
1973-02-13T00:00:00+00:00,545.4,545.4,545.4,545.4,0
1973-02-14T00:00:00+00:00,545.4,545.4,545.4,545.4,0
1973-02-15T00:00:00+00:00,545.4,545.4,545.4,545.4,0
1973-02-16T00:00:00+00:00,545.4,545.4,545.4,545.4,0
1973-02-20T00:00:00+00:00,545.4,545.4,545.4,545.4,0
1973-02-21T00:00:00+00:00,545.4,545.4,545.4,545.4,0
1973-02-22T00:00:00+00:00,545.4,545.4,545.4,545.4,0
1973-02-23T00:00:00+00:00,545.4,545.4,545.4,545.4,0
1973-02-27T00:00:00+00:00,545.4,545.4,545.4,545.4,0
1973-02-28T00:00:00+00:00,545.4,545.4,545.4,545.4,0
1973-03-01T00:00:00+00:00,545.4,545.4,545.4,545.4,0
1973-03-02T00:00:00+00:00,545.4,545.4,545.4,545.4,0
1973-03-06T00:00:00+00:00,545.4,545.4,545.4,545.4,0
1973-03-07T00:00:00+00:00,545.4,545.4,545.4,545.4,0
1973-03-08T00:00:00+00:00,545.4,545.4,545.4,545.4,0
1973-03-09T00:00:00+00:00,545.4,545.4,545.4,545.4,0
1973-03-13T00:00:00+00:00,545.4,545.4,545.4,545.4,0
1973-03-14T00:00:00+00:00,545.4,545.4,545.4,545.4,0
1973-03-15T00:00:00+00:00,545.4,545.4,545.4,545.4,0
1973-03-16T00:00:00+00:00,545.4,545.4,545.4,545.4,0
1973-03-20T00:00:00+00:00,545.4,545.4,545.4,545.4,0
1973-03-21T00:00:00+00:00,545.4,545.4,545.4,545.4,0
1973-03-22T00:00:00+00:00,545.4,545.4,545.4,545.4,0
1973-03-23T00:00:00+00:00,545.4,545.4,545.4,545.4,0
1973-03-27T00:00:00+00:00,545.4,545.4,545.4,545.4,0
1973-03-28T00:00:00+00:00,545.4,545.4,545.4,545.4,0
1973-03-29T00:00:00+00:00,545.4,545.4,545.4,545.4,0
1973-03-30T00:00:00+00:00,545.4,545.4,545.4,545.4,0
1973-04-03T00:00:00+00:00,545.4,545.4,545.4,545.4,0
1973-04-04T00:00:00+00:00,545.4,545.4,545.4,545.4,0
1973-04-05T00:00:00+00:00,545.4,545.4,545.4,545.4,0
1973-04-06T00:00:00+00:00,545.4,545.4,545.4,545.4,0
1973-04-10T00:00:00+00:00,545.4,545.4,545.4,545.4,0
1973-04-11T00:00:00+00:00,545.4,545.4,545.4,545.4,0
1973-04-12T00:00:00+00:00,545.4,545.4,545.4,545.4,0
1973-04-13T00:00:00+00:00,545.4,545.4,545.4,545.4,0
1973-04-17T00:00:00+00:00,545.4,545.4,545.4,545.4,0
1973-04-18T00:00:00+00:00,545.4,545.4,545.4,545.4,0
1973-04-19T00:00:00+00:00,545.4,545.4,545.4,545.4,0
1973-04-20T00:00:00+00:00,545.4,545.4,545.4,545.4,0
1973-04-25T00:00:00+00:00,555,555,555,555,0
1973-04-26T00:00:00+00:00,555,555,555,555,0
1973-04-27T00:00:00+00:00,555,555,555,555,0
1973-05-01T00:00:00+00:00,542.5,542.5,542.5,542.5,0
1973-05-03T00:00:00+00:00,532.6,532.6,532.6,532.6,0
1973-05-04T00:00:00+00:00,532.6,532.6,532.6,532.6,0
1973-05-08T00:00:00+00:00,532.6,532.6,532.6,532.6,0
1973-05-09T00:00:00+00:00,532.6,532.6,532.6,532.6,0
1973-05-10T00:00:00+00:00,532.6,532.6,532.6,532.6,0
1973-05-11T00:00:00+00:00,532.6,532.6,532.6,532.6,0
1973-05-15T00:00:00+00:00,532.6,532.6,532.6,532.6,0
1973-05-16T00:00:00+00:00,532.6,532.6,532.6,532.6,0
1973-05-17T00:00:00+00:00,532.6,532.6,532.6,532.6,0
1973-05-18T00:00:00+00:00,532.6,532.6,532.6,532.6,0
1973-05-22T00:00:00+00:00,532.6,532.6,532.6,532.6,0
1973-05-23T00:00:00+00:00,532.6,532.6,532.6,532.6,0
1973-05-24T00:00:00+00:00,532.6,532.6,532.6,532.6,0
1973-05-25T00:00:00+00:00,532.6,532.6,532.6,532.6,0
1973-05-29T00:00:00+00:00,532.6,532.6,532.6,532.6,0
1973-05-30T00:00:00+00:00,532.6,532.6,532.6,532.6,0
1973-05-31T00:00:00+00:00,532.6,532.6,532.6,532.6,0
1973-06-05T00:00:00+00:00,484.9,484.9,484.9,484.9,0
1973-06-06T00:00:00+00:00,484.9,484.9,484.9,484.9,0
1973-06-07T00:00:00+00:00,484.9,484.9,484.9,484.9,0
1973-06-08T00:00:00+00:00,484.9,484.9,484.9,484.9,0
1973-06-13T00:00:00+00:00,486,486,486,486,0
1973-06-14T00:00:00+00:00,486,486,486,486,0
1973-06-15T00:00:00+00:00,486,486,486,486,0
1973-06-19T00:00:00+00:00,486,486,486,486,0
1973-06-20T00:00:00+00:00,486,486,486,486,0
1973-06-21T00:00:00+00:00,486,486,486,486,0
1973-06-26T00:00:00+00:00,499.7,499.7,499.7,499.7,0
1973-06-27T00:00:00+00:00,499.7,499.7,499.7,499.7,0
1973-06-28T00:00:00+00:00,499.7,499.7,499.7,499.7,0
1973-06-29T00:00:00+00:00,499.7,499.7,499.7,499.7,0
1973-07-03T00:00:00+00:00,499.7,499.7,499.7,499.7,0
1973-07-04T00:00:00+00:00,499.7,499.7,499.7,499.7,0
1973-07-05T00:00:00+00:00,499.7,499.7,499.7,499.7,0
1973-07-06T00:00:00+00:00,499.7,499.7,499.7,499.7,0
1973-07-10T00:00:00+00:00,499.7,499.7,499.7,499.7,0
1973-07-11T00:00:00+00:00,499.7,499.7,499.7,499.7,0
1973-07-12T00:00:00+00:00,499.7,499.7,499.7,499.7,0
1973-07-13T00:00:00+00:00,499.7,499.7,499.7,499.7,0
1973-07-17T00:00:00+00:00,499.7,499.7,499.7,499.7,0
1973-07-18T00:00:00+00:00,499.7,499.7,499.7,499.7,0
1973-07-19T00:00:00+00:00,499.7,499.7,499.7,499.7,0
1973-07-20T00:00:00+00:00,499.7,499.7,499.7,499.7,0
1973-07-24T00:00:00+00:00,499.7,499.7,499.7,499.7,0
1973-07-25T00:00:00+00:00,499.7,499.7,499.7,499.7,0
1973-07-26T00:00:00+00:00,499.7,499.7,499.7,499.7,0
1973-07-27T00:00:00+00:00,499.7,499.7,499.7,499.7,0
1973-07-31T00:00:00+00:00,499.7,499.7,499.7,499.7,0
1973-08-01T00:00:00+00:00,499.7,499.7,499.7,499.7,0
1973-08-02T00:00:00+00:00,499.7,499.7,499.7,499.7,0
1973-08-03T00:00:00+00:00,499.7,499.7,499.7,499.7,0
1973-08-07T00:00:00+00:00,499.7,499.7,499.7,499.7,0
1973-08-08T00:00:00+00:00,499.7,499.7,499.7,499.7,0
1973-08-09T00:00:00+00:00,499.7,499.7,499.7,499.7,0
1973-08-10T00:00:00+00:00,499.7,499.7,499.7,499.7,0
1973-08-14T00:00:00+00:00,499.7,499.7,499.7,499.7,0
1973-08-15T00:00:00+00:00,499.7,499.7,499.7,499.7,0
1973-08-16T00:00:00+00:00,499.7,499.7,499.7,499.7,0
1973-08-17T00:00:00+00:00,499.7,499.7,499.7,499.7,0
1973-08-21T00:00:00+00:00,499.7,499.7,499.7,499.7,0
1973-08-22T00:00:00+00:00,499.7,499.7,499.7,499.7,0
1973-08-23T00:00:00+00:00,499.7,499.7,499.7,499.7,0
1973-08-24T00:00:00+00:00,499.7,499.7,499.7,499.7,0
1973-08-28T00:00:00+00:00,499.7,499.7,499.7,499.7,0
1973-08-29T00:00:00+00:00,499.7,499.7,499.7,499.7,0
1973-08-30T00:00:00+00:00,499.7,499.7,499.7,499.7,0
1973-08-31T00:00:00+00:00,499.7,499.7,499.7,499.7,0
1973-09-04T00:00:00+00:00,499.7,499.7,499.7,499.7,0
1973-09-05T00:00:00+00:00,499.7,499.7,499.7,499.7,0
1973-09-06T00:00:00+00:00,499.7,499.7,499.7,499.7,0
1973-09-07T00:00:00+00:00,499.7,499.7,499.7,499.7,0
1973-09-11T00:00:00+00:00,499.7,499.7,499.7,499.7,0
1973-09-12T00:00:00+00:00,499.7,499.7,499.7,499.7,0
1973-09-13T00:00:00+00:00,499.7,499.7,499.7,499.7,0
1973-09-14T00:00:00+00:00,499.7,499.7,499.7,499.7,0
1973-09-18T00:00:00+00:00,499.7,499.7,499.7,499.7,0
1973-09-19T00:00:00+00:00,499.7,499.7,499.7,499.7,0
1973-09-20T00:00:00+00:00,499.7,499.7,499.7,499.7,0
1973-09-21T00:00:00+00:00,499.7,499.7,499.7,499.7,0
1973-09-25T00:00:00+00:00,499.7,499.7,499.7,499.7,0
1973-09-26T00:00:00+00:00,499.7,499.7,499.7,499.7,0
1973-09-27T00:00:00+00:00,499.7,499.7,499.7,499.7,0
1973-09-28T00:00:00+00:00,499.7,499.7,499.7,499.7,0
1973-10-02T00:00:00+00:00,499.7,499.7,499.7,499.7,0
1973-10-03T00:00:00+00:00,499.7,499.7,499.7,499.7,0
1973-10-04T00:00:00+00:00,499.7,499.7,499.7,499.7,0
1973-10-05T00:00:00+00:00,499.7,499.7,499.7,499.7,0
1973-10-09T00:00:00+00:00,499.7,499.7,499.7,499.7,0
1973-10-10T00:00:00+00:00,499.7,499.7,499.7,499.7,0
1973-10-11T00:00:00+00:00,499.7,499.7,499.7,499.7,0
1973-10-12T00:00:00+00:00,499.7,499.7,499.7,499.7,0
1973-10-16T00:00:00+00:00,499.7,499.7,499.7,499.7,0
1973-10-17T00:00:00+00:00,499.7,499.7,499.7,499.7,0
1973-10-18T00:00:00+00:00,499.7,499.7,499.7,499.7,0
1973-10-19T00:00:00+00:00,499.7,499.7,499.7,499.7,0
1973-10-23T00:00:00+00:00,499.7,499.7,499.7,499.7,0
1973-10-24T00:00:00+00:00,499.7,499.7,499.7,499.7,0
1973-10-25T00:00:00+00:00,499.7,499.7,499.7,499.7,0
1973-10-26T00:00:00+00:00,499.7,499.7,499.7,499.7,0
1973-10-30T00:00:00+00:00,499.7,499.7,499.7,499.7,0
1973-10-31T00:00:00+00:00,499.7,499.7,499.7,499.7,0
1973-11-01T00:00:00+00:00,499.7,499.7,499.7,499.7,0
1973-11-02T00:00:00+00:00,499.7,499.7,499.7,499.7,0
1973-11-06T00:00:00+00:00,499.7,499.7,499.7,499.7,0
1973-11-07T00:00:00+00:00,499.7,499.7,499.7,499.7,0
1973-11-08T00:00:00+00:00,499.7,499.7,499.7,499.7,0
1973-11-09T00:00:00+00:00,499.7,499.7,499.7,499.7,0
1973-11-13T00:00:00+00:00,499.7,499.7,499.7,499.7,0
1973-11-14T00:00:00+00:00,499.7,499.7,499.7,499.7,0
1973-11-15T00:00:00+00:00,499.7,499.7,499.7,499.7,0
1973-11-16T00:00:00+00:00,499.7,499.7,499.7,499.7,0
1973-11-20T00:00:00+00:00,499.7,499.7,499.7,499.7,0
1973-11-21T00:00:00+00:00,499.7,499.7,499.7,499.7,0
1973-11-23T00:00:00+00:00,417.9,417.9,417.9,417.9,0
1973-11-27T00:00:00+00:00,417.9,417.9,417.9,417.9,0
1973-11-28T00:00:00+00:00,417.9,417.9,417.9,417.9,0
1973-11-29T00:00:00+00:00,417.9,417.9,417.9,417.9,0
1973-11-30T00:00:00+00:00,417.9,417.9,417.9,417.9,0
1973-12-04T00:00:00+00:00,417.9,417.9,417.9,417.9,0
1973-12-05T00:00:00+00:00,417.9,417.9,417.9,417.9,0
1973-12-06T00:00:00+00:00,417.9,417.9,417.9,417.9,0
1973-12-07T00:00:00+00:00,417.9,417.9,417.9,417.9,0
1973-12-11T00:00:00+00:00,417.9,417.9,417.9,417.9,0
1973-12-12T00:00:00+00:00,417.9,417.9,417.9,417.9,0
1973-12-13T00:00:00+00:00,417.9,417.9,417.9,417.9,0
1973-12-14T00:00:00+00:00,417.9,417.9,417.9,417.9,0
1973-12-18T00:00:00+00:00,417.9,417.9,417.9,417.9,0
1973-12-19T00:00:00+00:00,417.9,417.9,417.9,417.9,0
1973-12-20T00:00:00+00:00,417.9,417.9,417.9,417.9,0
1973-12-21T00:00:00+00:00,417.9,417.9,417.9,417.9,0
1973-12-28T00:00:00+00:00,401.4,401.4,401.4,401.4,0
1974-01-01T00:00:00+00:00,396.3,396.3,396.3,396.3,0
1974-01-03T00:00:00+00:00,386.8,386.8,386.8,386.8,0
1974-01-04T00:00:00+00:00,386.8,386.8,386.8,386.8,0
1974-01-08T00:00:00+00:00,386.8,386.8,386.8,386.8,0
1974-01-09T00:00:00+00:00,386.8,386.8,386.8,386.8,0
1974-01-10T00:00:00+00:00,386.8,386.8,386.8,386.8,0
1974-01-11T00:00:00+00:00,386.8,386.8,386.8,386.8,0
1974-01-15T00:00:00+00:00,386.8,386.8,386.8,386.8,0
1974-01-16T00:00:00+00:00,386.8,386.8,386.8,386.8,0
1974-01-17T00:00:00+00:00,386.8,386.8,386.8,386.8,0
1974-01-18T00:00:00+00:00,386.8,386.8,386.8,386.8,0
1974-01-22T00:00:00+00:00,386.8,386.8,386.8,386.8,0
1974-01-23T00:00:00+00:00,386.8,386.8,386.8,386.8,0
1974-01-24T00:00:00+00:00,386.8,386.8,386.8,386.8,0
1974-01-25T00:00:00+00:00,386.8,386.8,386.8,386.8,0
1974-01-29T00:00:00+00:00,386.8,386.8,386.8,386.8,0
1974-01-30T00:00:00+00:00,386.8,386.8,386.8,386.8,0
1974-01-31T00:00:00+00:00,386.8,386.8,386.8,386.8,0
1974-02-01T00:00:00+00:00,386.8,386.8,386.8,386.8,0
1974-02-05T00:00:00+00:00,386.8,386.8,386.8,386.8,0
1974-02-06T00:00:00+00:00,386.8,386.8,386.8,386.8,0
1974-02-07T00:00:00+00:00,386.8,386.8,386.8,386.8,0
1974-02-08T00:00:00+00:00,386.8,386.8,386.8,386.8,0
1974-02-12T00:00:00+00:00,386.8,386.8,386.8,386.8,0
1974-02-13T00:00:00+00:00,386.8,386.8,386.8,386.8,0
1974-02-14T00:00:00+00:00,386.8,386.8,386.8,386.8,0
1974-02-15T00:00:00+00:00,386.8,386.8,386.8,386.8,0
1974-02-19T00:00:00+00:00,386.8,386.8,386.8,386.8,0
1974-02-20T00:00:00+00:00,386.8,386.8,386.8,386.8,0
1974-02-21T00:00:00+00:00,386.8,386.8,386.8,386.8,0
1974-02-22T00:00:00+00:00,386.8,386.8,386.8,386.8,0
1974-02-26T00:00:00+00:00,386.8,386.8,386.8,386.8,0
1974-02-27T00:00:00+00:00,386.8,386.8,386.8,386.8,0
1974-02-28T00:00:00+00:00,386.8,386.8,386.8,386.8,0
1974-03-01T00:00:00+00:00,386.8,386.8,386.8,386.8,0
1974-03-05T00:00:00+00:00,386.8,386.8,386.8,386.8,0
1974-03-06T00:00:00+00:00,386.8,386.8,386.8,386.8,0
1974-03-07T00:00:00+00:00,386.8,386.8,386.8,386.8,0
1974-03-08T00:00:00+00:00,386.8,386.8,386.8,386.8,0
1974-03-12T00:00:00+00:00,386.8,386.8,386.8,386.8,0
1974-03-13T00:00:00+00:00,386.8,386.8,386.8,386.8,0
1974-03-14T00:00:00+00:00,386.8,386.8,386.8,386.8,0
1974-03-15T00:00:00+00:00,386.8,386.8,386.8,386.8,0
1974-03-19T00:00:00+00:00,386.8,386.8,386.8,386.8,0
1974-03-20T00:00:00+00:00,386.8,386.8,386.8,386.8,0
1974-03-21T00:00:00+00:00,386.8,386.8,386.8,386.8,0
1974-03-22T00:00:00+00:00,386.8,386.8,386.8,386.8,0
1974-03-26T00:00:00+00:00,386.8,386.8,386.8,386.8,0
1974-03-27T00:00:00+00:00,386.8,386.8,386.8,386.8,0
1974-03-28T00:00:00+00:00,386.8,386.8,386.8,386.8,0
1974-03-29T00:00:00+00:00,386.8,386.8,386.8,386.8,0
1974-04-02T00:00:00+00:00,386.8,386.8,386.8,386.8,0
1974-04-03T00:00:00+00:00,386.8,386.8,386.8,386.8,0
1974-04-04T00:00:00+00:00,386.8,386.8,386.8,386.8,0
1974-04-05T00:00:00+00:00,386.8,386.8,386.8,386.8,0
1974-04-09T00:00:00+00:00,386.8,386.8,386.8,386.8,0
1974-04-10T00:00:00+00:00,386.8,386.8,386.8,386.8,0
1974-04-11T00:00:00+00:00,386.8,386.8,386.8,386.8,0
1974-04-12T00:00:00+00:00,386.8,386.8,386.8,386.8,0
1974-04-17T00:00:00+00:00,423.1,423.1,423.1,423.1,0
1974-04-18T00:00:00+00:00,423.1,423.1,423.1,423.1,0
1974-04-19T00:00:00+00:00,423.1,423.1,423.1,423.1,0
1974-04-23T00:00:00+00:00,423.1,423.1,423.1,423.1,0
1974-04-24T00:00:00+00:00,423.1,423.1,423.1,423.1,0
1974-04-25T00:00:00+00:00,423.1,423.1,423.1,423.1,0
1974-04-26T00:00:00+00:00,423.1,423.1,423.1,423.1,0
1974-04-30T00:00:00+00:00,423.1,423.1,423.1,423.1,0
1974-05-01T00:00:00+00:00,425,425,425,425,0
1974-05-03T00:00:00+00:00,420.1,420.1,420.1,420.1,0
1974-05-07T00:00:00+00:00,420.1,420.1,420.1,420.1,0
1974-05-08T00:00:00+00:00,420.1,420.1,420.1,420.1,0
1974-05-09T00:00:00+00:00,420.1,420.1,420.1,420.1,0
1974-05-10T00:00:00+00:00,420.1,420.1,420.1,420.1,0
1974-05-14T00:00:00+00:00,420.1,420.1,420.1,420.1,0
1974-05-15T00:00:00+00:00,420.1,420.1,420.1,420.1,0
1974-05-16T00:00:00+00:00,420.1,420.1,420.1,420.1,0
1974-05-17T00:00:00+00:00,420.1,420.1,420.1,420.1,0
1974-05-21T00:00:00+00:00,420.1,420.1,420.1,420.1,0
1974-05-22T00:00:00+00:00,420.1,420.1,420.1,420.1,0
1974-05-23T00:00:00+00:00,420.1,420.1,420.1,420.1,0
1974-05-28T00:00:00+00:00,418,418,418,418,0
1974-05-29T00:00:00+00:00,418,418,418,418,0
1974-05-30T00:00:00+00:00,418,418,418,418,0
1974-05-31T00:00:00+00:00,418,418,418,418,0
1974-06-05T00:00:00+00:00,412.2,412.2,412.2,412.2,0
1974-06-06T00:00:00+00:00,412.2,412.2,412.2,412.2,0
1974-06-07T00:00:00+00:00,412.2,412.2,412.2,412.2,0
1974-06-11T00:00:00+00:00,412.2,412.2,412.2,412.2,0
1974-06-12T00:00:00+00:00,412.2,412.2,412.2,412.2,0
1974-06-13T00:00:00+00:00,412.2,412.2,412.2,412.2,0
1974-06-19T00:00:00+00:00,406.7,406.7,406.7,406.7,0
1974-06-20T00:00:00+00:00,406.7,406.7,406.7,406.7,0
1974-06-21T00:00:00+00:00,406.7,406.7,406.7,406.7,0
1974-06-25T00:00:00+00:00,406.7,406.7,406.7,406.7,0
1974-06-26T00:00:00+00:00,406.7,406.7,406.7,406.7,0
1974-06-27T00:00:00+00:00,406.7,406.7,406.7,406.7,0
1974-06-28T00:00:00+00:00,406.7,406.7,406.7,406.7,0
1974-07-02T00:00:00+00:00,406.7,406.7,406.7,406.7,0
1974-07-03T00:00:00+00:00,406.7,406.7,406.7,406.7,0
1974-07-04T00:00:00+00:00,406.7,406.7,406.7,406.7,0
1974-07-05T00:00:00+00:00,406.7,406.7,406.7,406.7,0
1974-07-09T00:00:00+00:00,406.7,406.7,406.7,406.7,0
1974-07-10T00:00:00+00:00,406.7,406.7,406.7,406.7,0
1974-07-11T00:00:00+00:00,406.7,406.7,406.7,406.7,0
1974-07-12T00:00:00+00:00,406.7,406.7,406.7,406.7,0
1974-07-16T00:00:00+00:00,406.7,406.7,406.7,406.7,0
1974-07-17T00:00:00+00:00,406.7,406.7,406.7,406.7,0
1974-07-18T00:00:00+00:00,406.7,406.7,406.7,406.7,0
1974-07-19T00:00:00+00:00,406.7,406.7,406.7,406.7,0
1974-07-23T00:00:00+00:00,406.7,406.7,406.7,406.7,0
1974-07-24T00:00:00+00:00,406.7,406.7,406.7,406.7,0
1974-07-25T00:00:00+00:00,406.7,406.7,406.7,406.7,0
1974-07-26T00:00:00+00:00,406.7,406.7,406.7,406.7,0
1974-07-30T00:00:00+00:00,406.7,406.7,406.7,406.7,0
1974-07-31T00:00:00+00:00,406.7,406.7,406.7,406.7,0
1974-08-01T00:00:00+00:00,406.7,406.7,406.7,406.7,0
1974-08-02T00:00:00+00:00,406.7,406.7,406.7,406.7,0
1974-08-06T00:00:00+00:00,406.7,406.7,406.7,406.7,0
1974-08-07T00:00:00+00:00,406.7,406.7,406.7,406.7,0
1974-08-08T00:00:00+00:00,406.7,406.7,406.7,406.7,0
1974-08-09T00:00:00+00:00,406.7,406.7,406.7,406.7,0
1974-08-13T00:00:00+00:00,406.7,406.7,406.7,406.7,0
1974-08-14T00:00:00+00:00,406.7,406.7,406.7,406.7,0
1974-08-15T00:00:00+00:00,406.7,406.7,406.7,406.7,0
1974-08-16T00:00:00+00:00,406.7,406.7,406.7,406.7,0
1974-08-20T00:00:00+00:00,406.7,406.7,406.7,406.7,0
1974-08-21T00:00:00+00:00,406.7,406.7,406.7,406.7,0
1974-08-22T00:00:00+00:00,406.7,406.7,406.7,406.7,0
1974-08-23T00:00:00+00:00,406.7,406.7,406.7,406.7,0
1974-08-27T00:00:00+00:00,406.7,406.7,406.7,406.7,0
1974-08-28T00:00:00+00:00,406.7,406.7,406.7,406.7,0
1974-08-29T00:00:00+00:00,406.7,406.7,406.7,406.7,0
1974-08-30T00:00:00+00:00,406.7,406.7,406.7,406.7,0
1974-09-03T00:00:00+00:00,406.7,406.7,406.7,406.7,0
1974-09-04T00:00:00+00:00,406.7,406.7,406.7,406.7,0
1974-09-05T00:00:00+00:00,406.7,406.7,406.7,406.7,0
1974-09-06T00:00:00+00:00,406.7,406.7,406.7,406.7,0
1974-09-10T00:00:00+00:00,406.7,406.7,406.7,406.7,0
1974-09-11T00:00:00+00:00,406.7,406.7,406.7,406.7,0
1974-09-12T00:00:00+00:00,406.7,406.7,406.7,406.7,0
1974-09-13T00:00:00+00:00,406.7,406.7,406.7,406.7,0
1974-09-17T00:00:00+00:00,406.7,406.7,406.7,406.7,0
1974-09-18T00:00:00+00:00,406.7,406.7,406.7,406.7,0
1974-09-19T00:00:00+00:00,406.7,406.7,406.7,406.7,0
1974-09-20T00:00:00+00:00,406.7,406.7,406.7,406.7,0
1974-09-24T00:00:00+00:00,406.7,406.7,406.7,406.7,0
1974-09-25T00:00:00+00:00,406.7,406.7,406.7,406.7,0
1974-09-26T00:00:00+00:00,406.7,406.7,406.7,406.7,0
1974-09-27T00:00:00+00:00,406.7,406.7,406.7,406.7,0
1974-10-01T00:00:00+00:00,406.7,406.7,406.7,406.7,0
1974-10-02T00:00:00+00:00,406.7,406.7,406.7,406.7,0
1974-10-03T00:00:00+00:00,406.7,406.7,406.7,406.7,0
1974-10-04T00:00:00+00:00,406.7,406.7,406.7,406.7,0
1974-10-08T00:00:00+00:00,406.7,406.7,406.7,406.7,0
1974-10-09T00:00:00+00:00,406.7,406.7,406.7,406.7,0
1974-10-10T00:00:00+00:00,406.7,406.7,406.7,406.7,0
1974-10-11T00:00:00+00:00,406.7,406.7,406.7,406.7,0
1974-10-15T00:00:00+00:00,406.7,406.7,406.7,406.7,0
1974-10-16T00:00:00+00:00,406.7,406.7,406.7,406.7,0
1974-10-17T00:00:00+00:00,406.7,406.7,406.7,406.7,0
1974-10-18T00:00:00+00:00,406.7,406.7,406.7,406.7,0
1974-10-22T00:00:00+00:00,406.7,406.7,406.7,406.7,0
1974-10-23T00:00:00+00:00,406.7,406.7,406.7,406.7,0
1974-10-24T00:00:00+00:00,406.7,406.7,406.7,406.7,0
1974-10-25T00:00:00+00:00,406.7,406.7,406.7,406.7,0
1974-10-29T00:00:00+00:00,406.7,406.7,406.7,406.7,0
1974-10-30T00:00:00+00:00,406.7,406.7,406.7,406.7,0
1974-10-31T00:00:00+00:00,406.7,406.7,406.7,406.7,0
1974-11-01T00:00:00+00:00,406.7,406.7,406.7,406.7,0
1974-11-05T00:00:00+00:00,406.7,406.7,406.7,406.7,0
1974-11-06T00:00:00+00:00,406.7,406.7,406.7,406.7,0
1974-11-07T00:00:00+00:00,406.7,406.7,406.7,406.7,0
1974-11-08T00:00:00+00:00,406.7,406.7,406.7,406.7,0
1974-11-12T00:00:00+00:00,406.7,406.7,406.7,406.7,0
1974-11-13T00:00:00+00:00,406.7,406.7,406.7,406.7,0
1974-11-14T00:00:00+00:00,406.7,406.7,406.7,406.7,0
1974-11-15T00:00:00+00:00,406.7,406.7,406.7,406.7,0
1974-11-19T00:00:00+00:00,406.7,406.7,406.7,406.7,0
1974-11-20T00:00:00+00:00,406.7,406.7,406.7,406.7,0
1974-11-22T00:00:00+00:00,388.3,388.3,388.3,388.3,0
1974-11-26T00:00:00+00:00,388.3,388.3,388.3,388.3,0
1974-11-27T00:00:00+00:00,388.3,388.3,388.3,388.3,0
1974-11-28T00:00:00+00:00,388.3,388.3,388.3,388.3,0
1974-11-29T00:00:00+00:00,388.3,388.3,388.3,388.3,0
1974-12-03T00:00:00+00:00,388.3,388.3,388.3,388.3,0
1974-12-04T00:00:00+00:00,388.3,388.3,388.3,388.3,0
1974-12-05T00:00:00+00:00,388.3,388.3,388.3,388.3,0
1974-12-06T00:00:00+00:00,388.3,388.3,388.3,388.3,0
1974-12-10T00:00:00+00:00,388.3,388.3,388.3,388.3,0
1974-12-11T00:00:00+00:00,388.3,388.3,388.3,388.3,0
1974-12-12T00:00:00+00:00,388.3,388.3,388.3,388.3,0
1974-12-13T00:00:00+00:00,388.3,388.3,388.3,388.3,0
1974-12-17T00:00:00+00:00,388.3,388.3,388.3,388.3,0
1974-12-18T00:00:00+00:00,388.3,388.3,388.3,388.3,0
1974-12-19T00:00:00+00:00,388.3,388.3,388.3,388.3,0
1974-12-20T00:00:00+00:00,388.3,388.3,388.3,388.3,0
1974-12-24T00:00:00+00:00,388.3,388.3,388.3,388.3,0
1974-12-31T00:00:00+00:00,401.8,401.8,401.8,401.8,0
1975-01-03T00:00:00+00:00,411.2,411.2,411.2,411.2,0
1975-01-07T00:00:00+00:00,411.2,411.2,411.2,411.2,0
1975-01-08T00:00:00+00:00,411.2,411.2,411.2,411.2,0
1975-01-09T00:00:00+00:00,411.2,411.2,411.2,411.2,0
1975-01-10T00:00:00+00:00,411.2,411.2,411.2,411.2,0
1975-01-14T00:00:00+00:00,411.2,411.2,411.2,411.2,0
1975-01-15T00:00:00+00:00,411.2,411.2,411.2,411.2,0
1975-01-16T00:00:00+00:00,411.2,411.2,411.2,411.2,0
1975-01-17T00:00:00+00:00,411.2,411.2,411.2,411.2,0
1975-01-21T00:00:00+00:00,411.2,411.2,411.2,411.2,0
1975-01-22T00:00:00+00:00,411.2,411.2,411.2,411.2,0
1975-01-23T00:00:00+00:00,411.2,411.2,411.2,411.2,0
1975-01-24T00:00:00+00:00,411.2,411.2,411.2,411.2,0
1975-01-28T00:00:00+00:00,411.2,411.2,411.2,411.2,0
1975-01-29T00:00:00+00:00,411.2,411.2,411.2,411.2,0
1975-01-30T00:00:00+00:00,411.2,411.2,411.2,411.2,0
1975-01-31T00:00:00+00:00,411.2,411.2,411.2,411.2,0
1975-02-04T00:00:00+00:00,411.2,411.2,411.2,411.2,0
1975-02-05T00:00:00+00:00,411.2,411.2,411.2,411.2,0
1975-02-06T00:00:00+00:00,411.2,411.2,411.2,411.2,0
1975-02-07T00:00:00+00:00,411.2,411.2,411.2,411.2,0
1975-02-11T00:00:00+00:00,411.2,411.2,411.2,411.2,0
1975-02-12T00:00:00+00:00,411.2,411.2,411.2,411.2,0
1975-02-13T00:00:00+00:00,411.2,411.2,411.2,411.2,0
1975-02-14T00:00:00+00:00,411.2,411.2,411.2,411.2,0
1975-02-18T00:00:00+00:00,411.2,411.2,411.2,411.2,0
1975-02-19T00:00:00+00:00,411.2,411.2,411.2,411.2,0
1975-02-20T00:00:00+00:00,411.2,411.2,411.2,411.2,0
1975-02-21T00:00:00+00:00,411.2,411.2,411.2,411.2,0
1975-02-25T00:00:00+00:00,411.2,411.2,411.2,411.2,0
1975-02-26T00:00:00+00:00,411.2,411.2,411.2,411.2,0
1975-02-27T00:00:00+00:00,411.2,411.2,411.2,411.2,0
1975-02-28T00:00:00+00:00,411.2,411.2,411.2,411.2,0
1975-03-04T00:00:00+00:00,411.2,411.2,411.2,411.2,0
1975-03-05T00:00:00+00:00,411.2,411.2,411.2,411.2,0
1975-03-06T00:00:00+00:00,411.2,411.2,411.2,411.2,0
1975-03-07T00:00:00+00:00,411.2,411.2,411.2,411.2,0
1975-03-11T00:00:00+00:00,411.2,411.2,411.2,411.2,0
1975-03-12T00:00:00+00:00,411.2,411.2,411.2,411.2,0
1975-03-13T00:00:00+00:00,411.2,411.2,411.2,411.2,0
1975-03-14T00:00:00+00:00,411.2,411.2,411.2,411.2,0
1975-03-18T00:00:00+00:00,411.2,411.2,411.2,411.2,0
1975-03-19T00:00:00+00:00,411.2,411.2,411.2,411.2,0
1975-03-20T00:00:00+00:00,411.2,411.2,411.2,411.2,0
1975-03-21T00:00:00+00:00,411.2,411.2,411.2,411.2,0
1975-03-25T00:00:00+00:00,411.2,411.2,411.2,411.2,0
1975-03-26T00:00:00+00:00,411.2,411.2,411.2,411.2,0
1975-03-27T00:00:00+00:00,411.2,411.2,411.2,411.2,0
1975-03-28T00:00:00+00:00,411.2,411.2,411.2,411.2,0
1975-04-02T00:00:00+00:00,504,504,504,504,0
1975-04-03T00:00:00+00:00,504,504,504,504,0
1975-04-04T00:00:00+00:00,504,504,504,504,0
1975-04-08T00:00:00+00:00,504,504,504,504,0
1975-04-09T00:00:00+00:00,504,504,504,504,0
1975-04-10T00:00:00+00:00,504,504,504,504,0
1975-04-11T00:00:00+00:00,504,504,504,504,0
1975-04-15T00:00:00+00:00,504,504,504,504,0
1975-04-16T00:00:00+00:00,504,504,504,504,0
1975-04-17T00:00:00+00:00,504,504,504,504,0
1975-04-18T00:00:00+00:00,504,504,504,504,0
1975-04-22T00:00:00+00:00,504,504,504,504,0
1975-04-23T00:00:00+00:00,504,504,504,504,0
1975-04-24T00:00:00+00:00,504,504,504,504,0
1975-04-25T00:00:00+00:00,504,504,504,504,0
1975-04-29T00:00:00+00:00,504,504,504,504,0
1975-04-30T00:00:00+00:00,504,504,504,504,0
1975-05-01T00:00:00+00:00,515.6,515.6,515.6,515.6,0
1975-05-06T00:00:00+00:00,517.1,517.1,517.1,517.1,0
1975-05-07T00:00:00+00:00,517.1,517.1,517.1,517.1,0
1975-05-08T00:00:00+00:00,517.1,517.1,517.1,517.1,0
1975-05-13T00:00:00+00:00,513,513,513,513,0
1975-05-14T00:00:00+00:00,513,513,513,513,0
1975-05-15T00:00:00+00:00,513,513,513,513,0
1975-05-16T00:00:00+00:00,513,513,513,513,0
1975-05-21T00:00:00+00:00,502.6,502.6,502.6,502.6,0
1975-05-22T00:00:00+00:00,502.6,502.6,502.6,502.6,0
1975-05-23T00:00:00+00:00,502.6,502.6,502.6,502.6,0
1975-05-27T00:00:00+00:00,502.6,502.6,502.6,502.6,0
1975-05-28T00:00:00+00:00,502.6,502.6,502.6,502.6,0
1975-05-29T00:00:00+00:00,502.6,502.6,502.6,502.6,0
1975-06-03T00:00:00+00:00,486.8,486.8,486.8,486.8,0
1975-06-04T00:00:00+00:00,486.8,486.8,486.8,486.8,0
1975-06-05T00:00:00+00:00,486.8,486.8,486.8,486.8,0
1975-06-06T00:00:00+00:00,486.8,486.8,486.8,486.8,0
1975-06-10T00:00:00+00:00,486.8,486.8,486.8,486.8,0
1975-06-11T00:00:00+00:00,486.8,486.8,486.8,486.8,0
1975-06-12T00:00:00+00:00,486.8,486.8,486.8,486.8,0
1975-06-13T00:00:00+00:00,486.8,486.8,486.8,486.8,0
1975-06-17T00:00:00+00:00,486.8,486.8,486.8,486.8,0
1975-06-19T00:00:00+00:00,475.2,475.2,475.2,475.2,0
1975-06-20T00:00:00+00:00,475.2,475.2,475.2,475.2,0
1975-06-24T00:00:00+00:00,475.2,475.2,475.2,475.2,0
1975-06-25T00:00:00+00:00,475.2,475.2,475.2,475.2,0
1975-06-26T00:00:00+00:00,475.2,475.2,475.2,475.2,0
1975-06-27T00:00:00+00:00,475.2,475.2,475.2,475.2,0
1975-07-01T00:00:00+00:00,475.2,475.2,475.2,475.2,0
1975-07-02T00:00:00+00:00,475.2,475.2,475.2,475.2,0
1975-07-03T00:00:00+00:00,475.2,475.2,475.2,475.2,0
1975-07-04T00:00:00+00:00,475.2,475.2,475.2,475.2,0
1975-07-08T00:00:00+00:00,475.2,475.2,475.2,475.2,0
1975-07-09T00:00:00+00:00,475.2,475.2,475.2,475.2,0
1975-07-10T00:00:00+00:00,475.2,475.2,475.2,475.2,0
1975-07-11T00:00:00+00:00,475.2,475.2,475.2,475.2,0
1975-07-15T00:00:00+00:00,475.2,475.2,475.2,475.2,0
1975-07-16T00:00:00+00:00,475.2,475.2,475.2,475.2,0
1975-07-17T00:00:00+00:00,475.2,475.2,475.2,475.2,0
1975-07-18T00:00:00+00:00,475.2,475.2,475.2,475.2,0
1975-07-22T00:00:00+00:00,475.2,475.2,475.2,475.2,0
1975-07-23T00:00:00+00:00,475.2,475.2,475.2,475.2,0
1975-07-24T00:00:00+00:00,475.2,475.2,475.2,475.2,0
1975-07-25T00:00:00+00:00,475.2,475.2,475.2,475.2,0
1975-07-29T00:00:00+00:00,475.2,475.2,475.2,475.2,0
1975-07-30T00:00:00+00:00,475.2,475.2,475.2,475.2,0
1975-07-31T00:00:00+00:00,475.2,475.2,475.2,475.2,0
1975-08-01T00:00:00+00:00,475.2,475.2,475.2,475.2,0
1975-08-05T00:00:00+00:00,475.2,475.2,475.2,475.2,0
1975-08-06T00:00:00+00:00,475.2,475.2,475.2,475.2,0
1975-08-07T00:00:00+00:00,475.2,475.2,475.2,475.2,0
1975-08-08T00:00:00+00:00,475.2,475.2,475.2,475.2,0
1975-08-12T00:00:00+00:00,475.2,475.2,475.2,475.2,0
1975-08-13T00:00:00+00:00,475.2,475.2,475.2,475.2,0
1975-08-14T00:00:00+00:00,475.2,475.2,475.2,475.2,0
1975-08-15T00:00:00+00:00,475.2,475.2,475.2,475.2,0
1975-08-19T00:00:00+00:00,475.2,475.2,475.2,475.2,0
1975-08-20T00:00:00+00:00,475.2,475.2,475.2,475.2,0
1975-08-21T00:00:00+00:00,475.2,475.2,475.2,475.2,0
1975-08-22T00:00:00+00:00,475.2,475.2,475.2,475.2,0
1975-08-26T00:00:00+00:00,475.2,475.2,475.2,475.2,0
1975-08-27T00:00:00+00:00,475.2,475.2,475.2,475.2,0
1975-08-28T00:00:00+00:00,475.2,475.2,475.2,475.2,0
1975-08-29T00:00:00+00:00,475.2,475.2,475.2,475.2,0
1975-09-02T00:00:00+00:00,475.2,475.2,475.2,475.2,0
1975-09-03T00:00:00+00:00,475.2,475.2,475.2,475.2,0
1975-09-04T00:00:00+00:00,475.2,475.2,475.2,475.2,0
1975-09-05T00:00:00+00:00,475.2,475.2,475.2,475.2,0
1975-09-09T00:00:00+00:00,475.2,475.2,475.2,475.2,0
1975-09-10T00:00:00+00:00,475.2,475.2,475.2,475.2,0
1975-09-11T00:00:00+00:00,475.2,475.2,475.2,475.2,0
1975-09-12T00:00:00+00:00,475.2,475.2,475.2,475.2,0
1975-09-16T00:00:00+00:00,475.2,475.2,475.2,475.2,0
1975-09-17T00:00:00+00:00,475.2,475.2,475.2,475.2,0
1975-09-18T00:00:00+00:00,475.2,475.2,475.2,475.2,0
1975-09-19T00:00:00+00:00,475.2,475.2,475.2,475.2,0
1975-09-23T00:00:00+00:00,475.2,475.2,475.2,475.2,0
1975-09-24T00:00:00+00:00,475.2,475.2,475.2,475.2,0
1975-09-25T00:00:00+00:00,475.2,475.2,475.2,475.2,0
1975-09-26T00:00:00+00:00,475.2,475.2,475.2,475.2,0
1975-09-30T00:00:00+00:00,475.2,475.2,475.2,475.2,0
1975-10-01T00:00:00+00:00,475.2,475.2,475.2,475.2,0
1975-10-02T00:00:00+00:00,475.2,475.2,475.2,475.2,0
1975-10-03T00:00:00+00:00,475.2,475.2,475.2,475.2,0
1975-10-07T00:00:00+00:00,475.2,475.2,475.2,475.2,0
1975-10-08T00:00:00+00:00,475.2,475.2,475.2,475.2,0
1975-10-09T00:00:00+00:00,475.2,475.2,475.2,475.2,0
1975-10-10T00:00:00+00:00,475.2,475.2,475.2,475.2,0
1975-10-14T00:00:00+00:00,475.2,475.2,475.2,475.2,0
1975-10-15T00:00:00+00:00,475.2,475.2,475.2,475.2,0
1975-10-16T00:00:00+00:00,475.2,475.2,475.2,475.2,0
1975-10-17T00:00:00+00:00,475.2,475.2,475.2,475.2,0
1975-10-21T00:00:00+00:00,475.2,475.2,475.2,475.2,0
1975-10-22T00:00:00+00:00,475.2,475.2,475.2,475.2,0
1975-10-23T00:00:00+00:00,475.2,475.2,475.2,475.2,0
1975-10-24T00:00:00+00:00,475.2,475.2,475.2,475.2,0
1975-10-28T00:00:00+00:00,475.2,475.2,475.2,475.2,0
1975-10-29T00:00:00+00:00,475.2,475.2,475.2,475.2,0
1975-10-30T00:00:00+00:00,475.2,475.2,475.2,475.2,0
1975-10-31T00:00:00+00:00,475.2,475.2,475.2,475.2,0
1975-11-04T00:00:00+00:00,475.2,475.2,475.2,475.2,0
1975-11-05T00:00:00+00:00,475.2,475.2,475.2,475.2,0
1975-11-06T00:00:00+00:00,475.2,475.2,475.2,475.2,0
1975-11-07T00:00:00+00:00,475.2,475.2,475.2,475.2,0
1975-11-11T00:00:00+00:00,475.2,475.2,475.2,475.2,0
1975-11-12T00:00:00+00:00,475.2,475.2,475.2,475.2,0
1975-11-13T00:00:00+00:00,475.2,475.2,475.2,475.2,0
1975-11-14T00:00:00+00:00,475.2,475.2,475.2,475.2,0
1975-11-18T00:00:00+00:00,475.2,475.2,475.2,475.2,0
1975-11-19T00:00:00+00:00,475.2,475.2,475.2,475.2,0
1975-11-21T00:00:00+00:00,544.5,544.5,544.5,544.5,0
1975-11-25T00:00:00+00:00,544.5,544.5,544.5,544.5,0
1975-11-26T00:00:00+00:00,544.5,544.5,544.5,544.5,0
1975-11-27T00:00:00+00:00,544.5,544.5,544.5,544.5,0
1975-11-28T00:00:00+00:00,544.5,544.5,544.5,544.5,0
1975-12-02T00:00:00+00:00,544.5,544.5,544.5,544.5,0
1975-12-03T00:00:00+00:00,544.5,544.5,544.5,544.5,0
1975-12-04T00:00:00+00:00,544.5,544.5,544.5,544.5,0
1975-12-05T00:00:00+00:00,544.5,544.5,544.5,544.5,0
1975-12-09T00:00:00+00:00,544.5,544.5,544.5,544.5,0
1975-12-10T00:00:00+00:00,544.5,544.5,544.5,544.5,0
1975-12-11T00:00:00+00:00,544.5,544.5,544.5,544.5,0
1975-12-12T00:00:00+00:00,544.5,544.5,544.5,544.5,0
1975-12-16T00:00:00+00:00,544.5,544.5,544.5,544.5,0
1975-12-17T00:00:00+00:00,544.5,544.5,544.5,544.5,0
1975-12-18T00:00:00+00:00,544.5,544.5,544.5,544.5,0
1975-12-19T00:00:00+00:00,544.5,544.5,544.5,544.5,0
1975-12-23T00:00:00+00:00,544.5,544.5,544.5,544.5,0
1975-12-24T00:00:00+00:00,544.5,544.5,544.5,544.5,0
1975-12-30T00:00:00+00:00,544.5,544.5,544.5,544.5,0
1975-12-31T00:00:00+00:00,563.2,563.2,563.2,563.2,0
1976-01-06T00:00:00+00:00,578.2,578.2,578.2,578.2,0
1976-01-07T00:00:00+00:00,578.2,578.2,578.2,578.2,0
1976-01-08T00:00:00+00:00,578.2,578.2,578.2,578.2,0
1976-01-09T00:00:00+00:00,578.2,578.2,578.2,578.2,0
1976-01-13T00:00:00+00:00,578.2,578.2,578.2,578.2,0
1976-01-14T00:00:00+00:00,578.2,578.2,578.2,578.2,0
1976-01-15T00:00:00+00:00,578.2,578.2,578.2,578.2,0
1976-01-16T00:00:00+00:00,578.2,578.2,578.2,578.2,0
1976-01-20T00:00:00+00:00,578.2,578.2,578.2,578.2,0
1976-01-21T00:00:00+00:00,578.2,578.2,578.2,578.2,0
1976-01-22T00:00:00+00:00,578.2,578.2,578.2,578.2,0
1976-01-23T00:00:00+00:00,578.2,578.2,578.2,578.2,0
1976-01-27T00:00:00+00:00,578.2,578.2,578.2,578.2,0
1976-01-28T00:00:00+00:00,578.2,578.2,578.2,578.2,0
1976-01-29T00:00:00+00:00,578.2,578.2,578.2,578.2,0
1976-01-30T00:00:00+00:00,578.2,578.2,578.2,578.2,0
1976-02-03T00:00:00+00:00,578.2,578.2,578.2,578.2,0
1976-02-04T00:00:00+00:00,578.2,578.2,578.2,578.2,0
1976-02-05T00:00:00+00:00,578.2,578.2,578.2,578.2,0
1976-02-06T00:00:00+00:00,578.2,578.2,578.2,578.2,0
1976-02-10T00:00:00+00:00,578.2,578.2,578.2,578.2,0
1976-02-11T00:00:00+00:00,578.2,578.2,578.2,578.2,0
1976-02-12T00:00:00+00:00,578.2,578.2,578.2,578.2,0
1976-02-13T00:00:00+00:00,578.2,578.2,578.2,578.2,0
1976-02-17T00:00:00+00:00,578.2,578.2,578.2,578.2,0
1976-02-18T00:00:00+00:00,578.2,578.2,578.2,578.2,0
1976-02-19T00:00:00+00:00,578.2,578.2,578.2,578.2,0
1976-02-20T00:00:00+00:00,578.2,578.2,578.2,578.2,0
1976-02-24T00:00:00+00:00,578.2,578.2,578.2,578.2,0
1976-02-25T00:00:00+00:00,578.2,578.2,578.2,578.2,0
1976-02-26T00:00:00+00:00,578.2,578.2,578.2,578.2,0
1976-02-27T00:00:00+00:00,578.2,578.2,578.2,578.2,0
1976-03-02T00:00:00+00:00,578.2,578.2,578.2,578.2,0
1976-03-03T00:00:00+00:00,578.2,578.2,578.2,578.2,0
1976-03-04T00:00:00+00:00,578.2,578.2,578.2,578.2,0
1976-03-05T00:00:00+00:00,578.2,578.2,578.2,578.2,0
1976-03-09T00:00:00+00:00,578.2,578.2,578.2,578.2,0
1976-03-10T00:00:00+00:00,578.2,578.2,578.2,578.2,0
1976-03-11T00:00:00+00:00,578.2,578.2,578.2,578.2,0
1976-03-12T00:00:00+00:00,578.2,578.2,578.2,578.2,0
1976-03-16T00:00:00+00:00,578.2,578.2,578.2,578.2,0
1976-03-17T00:00:00+00:00,578.2,578.2,578.2,578.2,0
1976-03-18T00:00:00+00:00,578.2,578.2,578.2,578.2,0
1976-03-19T00:00:00+00:00,578.2,578.2,578.2,578.2,0
1976-03-23T00:00:00+00:00,578.2,578.2,578.2,578.2,0
1976-03-24T00:00:00+00:00,578.2,578.2,578.2,578.2,0
1976-03-25T00:00:00+00:00,578.2,578.2,578.2,578.2,0
1976-03-26T00:00:00+00:00,578.2,578.2,578.2,578.2,0
1976-03-30T00:00:00+00:00,578.2,578.2,578.2,578.2,0
1976-03-31T00:00:00+00:00,578.2,578.2,578.2,578.2,0
1976-04-01T00:00:00+00:00,578.2,578.2,578.2,578.2,0
1976-04-02T00:00:00+00:00,578.2,578.2,578.2,578.2,0
1976-04-06T00:00:00+00:00,578.2,578.2,578.2,578.2,0
1976-04-07T00:00:00+00:00,578.2,578.2,578.2,578.2,0
1976-04-08T00:00:00+00:00,578.2,578.2,578.2,578.2,0
1976-04-09T00:00:00+00:00,578.2,578.2,578.2,578.2,0
1976-04-13T00:00:00+00:00,578.2,578.2,578.2,578.2,0
1976-04-14T00:00:00+00:00,578.2,578.2,578.2,578.2,0
1976-04-15T00:00:00+00:00,578.2,578.2,578.2,578.2,0
1976-04-16T00:00:00+00:00,578.2,578.2,578.2,578.2,0
1976-04-21T00:00:00+00:00,577.4,577.4,577.4,577.4,0
1976-04-22T00:00:00+00:00,577.4,577.4,577.4,577.4,0
1976-04-23T00:00:00+00:00,577.4,577.4,577.4,577.4,0
1976-04-27T00:00:00+00:00,577.4,577.4,577.4,577.4,0
1976-04-28T00:00:00+00:00,577.4,577.4,577.4,577.4,0
1976-04-29T00:00:00+00:00,577.4,577.4,577.4,577.4,0
1976-04-30T00:00:00+00:00,577.4,577.4,577.4,577.4,0
1976-05-04T00:00:00+00:00,577.4,577.4,577.4,577.4,0
1976-05-05T00:00:00+00:00,577.4,577.4,577.4,577.4,0
1976-05-06T00:00:00+00:00,577.4,577.4,577.4,577.4,0
1976-05-07T00:00:00+00:00,577.4,577.4,577.4,577.4,0
1976-05-11T00:00:00+00:00,577.4,577.4,577.4,577.4,0
1976-05-12T00:00:00+00:00,577.4,577.4,577.4,577.4,0
1976-05-13T00:00:00+00:00,577.4,577.4,577.4,577.4,0
1976-05-14T00:00:00+00:00,577.4,577.4,577.4,577.4,0
1976-05-18T00:00:00+00:00,577.4,577.4,577.4,577.4,0
1976-05-19T00:00:00+00:00,577.4,577.4,577.4,577.4,0
1976-05-20T00:00:00+00:00,577.4,577.4,577.4,577.4,0
1976-05-21T00:00:00+00:00,577.4,577.4,577.4,577.4,0
1976-05-25T00:00:00+00:00,577.4,577.4,577.4,577.4,0
1976-05-26T00:00:00+00:00,577.4,577.4,577.4,577.4,0
1976-05-27T00:00:00+00:00,577.4,577.4,577.4,577.4,0
1976-06-01T00:00:00+00:00,542.4,542.4,542.4,542.4,0
1976-06-02T00:00:00+00:00,542.4,542.4,542.4,542.4,0
1976-06-03T00:00:00+00:00,542.4,542.4,542.4,542.4,0
1976-06-04T00:00:00+00:00,542.4,542.4,542.4,542.4,0
1976-06-09T00:00:00+00:00,536.6,536.6,536.6,536.6,0
1976-06-10T00:00:00+00:00,536.6,536.6,536.6,536.6,0
1976-06-11T00:00:00+00:00,536.6,536.6,536.6,536.6,0
1976-06-15T00:00:00+00:00,536.6,536.6,536.6,536.6,0
1976-06-16T00:00:00+00:00,536.6,536.6,536.6,536.6,0
1976-06-17T00:00:00+00:00,536.6,536.6,536.6,536.6,0
1976-06-22T00:00:00+00:00,543.9,543.9,543.9,543.9,0
1976-06-23T00:00:00+00:00,543.9,543.9,543.9,543.9,0
1976-06-24T00:00:00+00:00,543.9,543.9,543.9,543.9,0
1976-06-25T00:00:00+00:00,543.9,543.9,543.9,543.9,0
1976-06-29T00:00:00+00:00,543.9,543.9,543.9,543.9,0
1976-06-30T00:00:00+00:00,543.9,543.9,543.9,543.9,0
1976-07-01T00:00:00+00:00,543.9,543.9,543.9,543.9,0
1976-07-02T00:00:00+00:00,543.9,543.9,543.9,543.9,0
1976-07-06T00:00:00+00:00,543.9,543.9,543.9,543.9,0
1976-07-07T00:00:00+00:00,543.9,543.9,543.9,543.9,0
1976-07-08T00:00:00+00:00,543.9,543.9,543.9,543.9,0
1976-07-09T00:00:00+00:00,543.9,543.9,543.9,543.9,0
1976-07-13T00:00:00+00:00,543.9,543.9,543.9,543.9,0
1976-07-14T00:00:00+00:00,543.9,543.9,543.9,543.9,0
1976-07-15T00:00:00+00:00,543.9,543.9,543.9,543.9,0
1976-07-16T00:00:00+00:00,543.9,543.9,543.9,543.9,0
1976-07-20T00:00:00+00:00,543.9,543.9,543.9,543.9,0
1976-07-21T00:00:00+00:00,543.9,543.9,543.9,543.9,0
1976-07-22T00:00:00+00:00,543.9,543.9,543.9,543.9,0
1976-07-23T00:00:00+00:00,543.9,543.9,543.9,543.9,0
1976-07-27T00:00:00+00:00,543.9,543.9,543.9,543.9,0
1976-07-28T00:00:00+00:00,543.9,543.9,543.9,543.9,0
1976-07-29T00:00:00+00:00,543.9,543.9,543.9,543.9,0
1976-07-30T00:00:00+00:00,543.9,543.9,543.9,543.9,0
1976-08-03T00:00:00+00:00,543.9,543.9,543.9,543.9,0
1976-08-04T00:00:00+00:00,543.9,543.9,543.9,543.9,0
1976-08-05T00:00:00+00:00,543.9,543.9,543.9,543.9,0
1976-08-06T00:00:00+00:00,543.9,543.9,543.9,543.9,0
1976-08-10T00:00:00+00:00,543.9,543.9,543.9,543.9,0
1976-08-11T00:00:00+00:00,543.9,543.9,543.9,543.9,0
1976-08-12T00:00:00+00:00,543.9,543.9,543.9,543.9,0
1976-08-13T00:00:00+00:00,543.9,543.9,543.9,543.9,0
1976-08-17T00:00:00+00:00,543.9,543.9,543.9,543.9,0
1976-08-18T00:00:00+00:00,543.9,543.9,543.9,543.9,0
1976-08-19T00:00:00+00:00,543.9,543.9,543.9,543.9,0
1976-08-20T00:00:00+00:00,543.9,543.9,543.9,543.9,0
1976-08-24T00:00:00+00:00,543.9,543.9,543.9,543.9,0
1976-08-25T00:00:00+00:00,543.9,543.9,543.9,543.9,0
1976-08-26T00:00:00+00:00,543.9,543.9,543.9,543.9,0
1976-08-27T00:00:00+00:00,543.9,543.9,543.9,543.9,0
1976-08-31T00:00:00+00:00,543.9,543.9,543.9,543.9,0
1976-09-01T00:00:00+00:00,543.9,543.9,543.9,543.9,0
1976-09-02T00:00:00+00:00,543.9,543.9,543.9,543.9,0
1976-09-03T00:00:00+00:00,543.9,543.9,543.9,543.9,0
1976-09-07T00:00:00+00:00,543.9,543.9,543.9,543.9,0
1976-09-08T00:00:00+00:00,543.9,543.9,543.9,543.9,0
1976-09-09T00:00:00+00:00,543.9,543.9,543.9,543.9,0
1976-09-10T00:00:00+00:00,543.9,543.9,543.9,543.9,0
1976-09-14T00:00:00+00:00,543.9,543.9,543.9,543.9,0
1976-09-15T00:00:00+00:00,543.9,543.9,543.9,543.9,0
1976-09-16T00:00:00+00:00,543.9,543.9,543.9,543.9,0
1976-09-17T00:00:00+00:00,543.9,543.9,543.9,543.9,0
1976-09-21T00:00:00+00:00,543.9,543.9,543.9,543.9,0
1976-09-22T00:00:00+00:00,543.9,543.9,543.9,543.9,0
1976-09-23T00:00:00+00:00,543.9,543.9,543.9,543.9,0
1976-09-24T00:00:00+00:00,543.9,543.9,543.9,543.9,0
1976-09-28T00:00:00+00:00,543.9,543.9,543.9,543.9,0
1976-09-29T00:00:00+00:00,543.9,543.9,543.9,543.9,0
1976-09-30T00:00:00+00:00,543.9,543.9,543.9,543.9,0
1976-10-01T00:00:00+00:00,543.9,543.9,543.9,543.9,0
1976-10-05T00:00:00+00:00,543.9,543.9,543.9,543.9,0
1976-10-06T00:00:00+00:00,543.9,543.9,543.9,543.9,0
1976-10-07T00:00:00+00:00,543.9,543.9,543.9,543.9,0
1976-10-08T00:00:00+00:00,543.9,543.9,543.9,543.9,0
1976-10-12T00:00:00+00:00,543.9,543.9,543.9,543.9,0
1976-10-13T00:00:00+00:00,543.9,543.9,543.9,543.9,0
1976-10-14T00:00:00+00:00,543.9,543.9,543.9,543.9,0
1976-10-15T00:00:00+00:00,543.9,543.9,543.9,543.9,0
1976-10-19T00:00:00+00:00,543.9,543.9,543.9,543.9,0
1976-10-20T00:00:00+00:00,543.9,543.9,543.9,543.9,0
1976-10-21T00:00:00+00:00,543.9,543.9,543.9,543.9,0
1976-10-22T00:00:00+00:00,543.9,543.9,543.9,543.9,0
1976-10-26T00:00:00+00:00,543.9,543.9,543.9,543.9,0
1976-10-27T00:00:00+00:00,543.9,543.9,543.9,543.9,0
1976-10-28T00:00:00+00:00,543.9,543.9,543.9,543.9,0
1976-10-29T00:00:00+00:00,543.9,543.9,543.9,543.9,0
1976-11-02T00:00:00+00:00,543.9,543.9,543.9,543.9,0
1976-11-03T00:00:00+00:00,543.9,543.9,543.9,543.9,0
1976-11-04T00:00:00+00:00,543.9,543.9,543.9,543.9,0
1976-11-05T00:00:00+00:00,543.9,543.9,543.9,543.9,0
1976-11-09T00:00:00+00:00,543.9,543.9,543.9,543.9,0
1976-11-10T00:00:00+00:00,543.9,543.9,543.9,543.9,0
1976-11-11T00:00:00+00:00,543.9,543.9,543.9,543.9,0
1976-11-12T00:00:00+00:00,543.9,543.9,543.9,543.9,0
1976-11-16T00:00:00+00:00,543.9,543.9,543.9,543.9,0
1976-11-17T00:00:00+00:00,543.9,543.9,543.9,543.9,0
1976-11-19T00:00:00+00:00,500,500,500,500,0
1976-11-23T00:00:00+00:00,500,500,500,500,0
1976-11-24T00:00:00+00:00,500,500,500,500,0
1976-11-25T00:00:00+00:00,500,500,500,500,0
1976-11-26T00:00:00+00:00,500,500,500,500,0
1976-11-30T00:00:00+00:00,500,500,500,500,0
1976-12-01T00:00:00+00:00,500,500,500,500,0
1976-12-02T00:00:00+00:00,500,500,500,500,0
1976-12-03T00:00:00+00:00,500,500,500,500,0
1976-12-07T00:00:00+00:00,500,500,500,500,0
1976-12-08T00:00:00+00:00,500,500,500,500,0
1976-12-09T00:00:00+00:00,500,500,500,500,0
1976-12-10T00:00:00+00:00,500,500,500,500,0
1976-12-14T00:00:00+00:00,500,500,500,500,0
1976-12-15T00:00:00+00:00,500,500,500,500,0
1976-12-16T00:00:00+00:00,500,500,500,500,0
1976-12-17T00:00:00+00:00,500,500,500,500,0
1976-12-21T00:00:00+00:00,500,500,500,500,0
1976-12-22T00:00:00+00:00,500,500,500,500,0
1976-12-23T00:00:00+00:00,500,500,500,500,0
1976-12-24T00:00:00+00:00,500,500,500,500,0
1976-12-28T00:00:00+00:00,500,500,500,500,0
1976-12-29T00:00:00+00:00,500,500,500,500,0
1976-12-30T00:00:00+00:00,500,500,500,500,0
1976-12-31T00:00:00+00:00,509,509,509,509,0
1977-01-04T00:00:00+00:00,509,509,509,509,0
1977-01-05T00:00:00+00:00,509,509,509,509,0
1977-01-06T00:00:00+00:00,509,509,509,509,0
1977-01-07T00:00:00+00:00,509,509,509,509,0
1977-01-11T00:00:00+00:00,509,509,509,509,0
1977-01-12T00:00:00+00:00,509,509,509,509,0
1977-01-13T00:00:00+00:00,509,509,509,509,0
1977-01-14T00:00:00+00:00,509,509,509,509,0
1977-01-18T00:00:00+00:00,509,509,509,509,0
1977-01-19T00:00:00+00:00,509,509,509,509,0
1977-01-20T00:00:00+00:00,509,509,509,509,0
1977-01-21T00:00:00+00:00,509,509,509,509,0
1977-01-25T00:00:00+00:00,509,509,509,509,0
1977-01-26T00:00:00+00:00,509,509,509,509,0
1977-01-27T00:00:00+00:00,509,509,509,509,0
1977-01-28T00:00:00+00:00,509,509,509,509,0
1977-02-01T00:00:00+00:00,509,509,509,509,0
1977-02-02T00:00:00+00:00,509,509,509,509,0
1977-02-03T00:00:00+00:00,509,509,509,509,0
1977-02-04T00:00:00+00:00,509,509,509,509,0
1977-02-08T00:00:00+00:00,509,509,509,509,0
1977-02-09T00:00:00+00:00,509,509,509,509,0
1977-02-10T00:00:00+00:00,509,509,509,509,0
1977-02-11T00:00:00+00:00,509,509,509,509,0
1977-02-15T00:00:00+00:00,509,509,509,509,0
1977-02-16T00:00:00+00:00,509,509,509,509,0
1977-02-17T00:00:00+00:00,509,509,509,509,0
1977-02-18T00:00:00+00:00,509,509,509,509,0
1977-02-22T00:00:00+00:00,509,509,509,509,0
1977-02-23T00:00:00+00:00,509,509,509,509,0
1977-02-24T00:00:00+00:00,509,509,509,509,0
1977-02-25T00:00:00+00:00,509,509,509,509,0
1977-03-01T00:00:00+00:00,509,509,509,509,0
1977-03-02T00:00:00+00:00,509,509,509,509,0
1977-03-03T00:00:00+00:00,509,509,509,509,0
1977-03-04T00:00:00+00:00,509,509,509,509,0
1977-03-08T00:00:00+00:00,509,509,509,509,0
1977-03-09T00:00:00+00:00,509,509,509,509,0
1977-03-10T00:00:00+00:00,509,509,509,509,0
1977-03-11T00:00:00+00:00,509,509,509,509,0
1977-03-15T00:00:00+00:00,509,509,509,509,0
1977-03-16T00:00:00+00:00,509,509,509,509,0
1977-03-17T00:00:00+00:00,509,509,509,509,0
1977-03-18T00:00:00+00:00,509,509,509,509,0
1977-03-22T00:00:00+00:00,509,509,509,509,0
1977-03-23T00:00:00+00:00,509,509,509,509,0
1977-03-24T00:00:00+00:00,509,509,509,509,0
1977-03-25T00:00:00+00:00,509,509,509,509,0
1977-03-29T00:00:00+00:00,509,509,509,509,0
1977-03-30T00:00:00+00:00,509,509,509,509,0
1977-03-31T00:00:00+00:00,509,509,509,509,0
1977-04-01T00:00:00+00:00,509,509,509,509,0
1977-04-05T00:00:00+00:00,509,509,509,509,0
1977-04-06T00:00:00+00:00,509,509,509,509,0
1977-04-07T00:00:00+00:00,509,509,509,509,0
1977-04-08T00:00:00+00:00,509,509,509,509,0
1977-04-13T00:00:00+00:00,518.2,518.2,518.2,518.2,0
1977-04-14T00:00:00+00:00,518.2,518.2,518.2,518.2,0
1977-04-15T00:00:00+00:00,518.2,518.2,518.2,518.2,0
1977-04-19T00:00:00+00:00,518.2,518.2,518.2,518.2,0
1977-04-20T00:00:00+00:00,518.2,518.2,518.2,518.2,0
1977-04-21T00:00:00+00:00,518.2,518.2,518.2,518.2,0
1977-04-22T00:00:00+00:00,518.2,518.2,518.2,518.2,0
1977-04-26T00:00:00+00:00,518.2,518.2,518.2,518.2,0
1977-04-27T00:00:00+00:00,518.2,518.2,518.2,518.2,0
1977-04-28T00:00:00+00:00,518.2,518.2,518.2,518.2,0
1977-04-29T00:00:00+00:00,518.2,518.2,518.2,518.2,0
1977-05-03T00:00:00+00:00,518.2,518.2,518.2,518.2,0
1977-05-04T00:00:00+00:00,518.2,518.2,518.2,518.2,0
1977-05-05T00:00:00+00:00,518.2,518.2,518.2,518.2,0
1977-05-06T00:00:00+00:00,518.2,518.2,518.2,518.2,0
1977-05-10T00:00:00+00:00,518.2,518.2,518.2,518.2,0
1977-05-11T00:00:00+00:00,518.2,518.2,518.2,518.2,0
1977-05-12T00:00:00+00:00,518.2,518.2,518.2,518.2,0
1977-05-13T00:00:00+00:00,518.2,518.2,518.2,518.2,0
1977-05-17T00:00:00+00:00,518.2,518.2,518.2,518.2,0
1977-05-18T00:00:00+00:00,518.2,518.2,518.2,518.2,0
1977-05-19T00:00:00+00:00,518.2,518.2,518.2,518.2,0
1977-05-24T00:00:00+00:00,541.6,541.6,541.6,541.6,0
1977-05-25T00:00:00+00:00,541.6,541.6,541.6,541.6,0
1977-05-26T00:00:00+00:00,541.6,541.6,541.6,541.6,0
1977-05-27T00:00:00+00:00,541.6,541.6,541.6,541.6,0
1977-06-01T00:00:00+00:00,539.9,539.9,539.9,539.9,0
1977-06-02T00:00:00+00:00,539.9,539.9,539.9,539.9,0
1977-06-03T00:00:00+00:00,539.9,539.9,539.9,539.9,0
1977-06-07T00:00:00+00:00,539.9,539.9,539.9,539.9,0
1977-06-08T00:00:00+00:00,539.9,539.9,539.9,539.9,0
1977-06-09T00:00:00+00:00,539.9,539.9,539.9,539.9,0
1977-06-14T00:00:00+00:00,533.4,533.4,533.4,533.4,0
1977-06-15T00:00:00+00:00,533.4,533.4,533.4,533.4,0
1977-06-16T00:00:00+00:00,533.4,533.4,533.4,533.4,0
1977-06-17T00:00:00+00:00,533.4,533.4,533.4,533.4,0
1977-06-21T00:00:00+00:00,533.4,533.4,533.4,533.4,0
1977-06-22T00:00:00+00:00,533.4,533.4,533.4,533.4,0
1977-06-23T00:00:00+00:00,533.4,533.4,533.4,533.4,0
1977-06-24T00:00:00+00:00,533.4,533.4,533.4,533.4,0
1977-06-28T00:00:00+00:00,533.4,533.4,533.4,533.4,0
1977-06-29T00:00:00+00:00,533.4,533.4,533.4,533.4,0
1977-06-30T00:00:00+00:00,533.4,533.4,533.4,533.4,0
1977-07-01T00:00:00+00:00,533.4,533.4,533.4,533.4,0
1977-07-05T00:00:00+00:00,533.4,533.4,533.4,533.4,0
1977-07-06T00:00:00+00:00,533.4,533.4,533.4,533.4,0
1977-07-07T00:00:00+00:00,533.4,533.4,533.4,533.4,0
1977-07-08T00:00:00+00:00,533.4,533.4,533.4,533.4,0
1977-07-12T00:00:00+00:00,533.4,533.4,533.4,533.4,0
1977-07-13T00:00:00+00:00,533.4,533.4,533.4,533.4,0
1977-07-14T00:00:00+00:00,533.4,533.4,533.4,533.4,0
1977-07-15T00:00:00+00:00,533.4,533.4,533.4,533.4,0
1977-07-19T00:00:00+00:00,533.4,533.4,533.4,533.4,0
1977-07-20T00:00:00+00:00,533.4,533.4,533.4,533.4,0
1977-07-21T00:00:00+00:00,533.4,533.4,533.4,533.4,0
1977-07-22T00:00:00+00:00,533.4,533.4,533.4,533.4,0
1977-07-26T00:00:00+00:00,533.4,533.4,533.4,533.4,0
1977-07-27T00:00:00+00:00,533.4,533.4,533.4,533.4,0
1977-07-28T00:00:00+00:00,533.4,533.4,533.4,533.4,0
1977-07-29T00:00:00+00:00,533.4,533.4,533.4,533.4,0
1977-08-02T00:00:00+00:00,533.4,533.4,533.4,533.4,0
1977-08-03T00:00:00+00:00,533.4,533.4,533.4,533.4,0
1977-08-04T00:00:00+00:00,533.4,533.4,533.4,533.4,0
1977-08-05T00:00:00+00:00,533.4,533.4,533.4,533.4,0
1977-08-09T00:00:00+00:00,533.4,533.4,533.4,533.4,0
1977-08-10T00:00:00+00:00,533.4,533.4,533.4,533.4,0
1977-08-11T00:00:00+00:00,533.4,533.4,533.4,533.4,0
1977-08-12T00:00:00+00:00,533.4,533.4,533.4,533.4,0
1977-08-16T00:00:00+00:00,533.4,533.4,533.4,533.4,0
1977-08-17T00:00:00+00:00,533.4,533.4,533.4,533.4,0
1977-08-18T00:00:00+00:00,533.4,533.4,533.4,533.4,0
1977-08-19T00:00:00+00:00,533.4,533.4,533.4,533.4,0
1977-08-23T00:00:00+00:00,533.4,533.4,533.4,533.4,0
1977-08-24T00:00:00+00:00,533.4,533.4,533.4,533.4,0
1977-08-25T00:00:00+00:00,533.4,533.4,533.4,533.4,0
1977-08-26T00:00:00+00:00,533.4,533.4,533.4,533.4,0
1977-08-30T00:00:00+00:00,533.4,533.4,533.4,533.4,0
1977-08-31T00:00:00+00:00,533.4,533.4,533.4,533.4,0
1977-09-01T00:00:00+00:00,533.4,533.4,533.4,533.4,0
1977-09-02T00:00:00+00:00,533.4,533.4,533.4,533.4,0
1977-09-06T00:00:00+00:00,533.4,533.4,533.4,533.4,0
1977-09-07T00:00:00+00:00,533.4,533.4,533.4,533.4,0
1977-09-08T00:00:00+00:00,533.4,533.4,533.4,533.4,0
1977-09-09T00:00:00+00:00,533.4,533.4,533.4,533.4,0
1977-09-13T00:00:00+00:00,533.4,533.4,533.4,533.4,0
1977-09-14T00:00:00+00:00,533.4,533.4,533.4,533.4,0
1977-09-15T00:00:00+00:00,533.4,533.4,533.4,533.4,0
1977-09-16T00:00:00+00:00,533.4,533.4,533.4,533.4,0
1977-09-20T00:00:00+00:00,533.4,533.4,533.4,533.4,0
1977-09-21T00:00:00+00:00,533.4,533.4,533.4,533.4,0
1977-09-22T00:00:00+00:00,533.4,533.4,533.4,533.4,0
1977-09-23T00:00:00+00:00,533.4,533.4,533.4,533.4,0
1977-09-27T00:00:00+00:00,533.4,533.4,533.4,533.4,0
1977-09-28T00:00:00+00:00,533.4,533.4,533.4,533.4,0
1977-09-29T00:00:00+00:00,533.4,533.4,533.4,533.4,0
1977-09-30T00:00:00+00:00,533.4,533.4,533.4,533.4,0
1977-10-04T00:00:00+00:00,533.4,533.4,533.4,533.4,0
1977-10-05T00:00:00+00:00,533.4,533.4,533.4,533.4,0
1977-10-06T00:00:00+00:00,533.4,533.4,533.4,533.4,0
1977-10-07T00:00:00+00:00,533.4,533.4,533.4,533.4,0
1977-10-11T00:00:00+00:00,533.4,533.4,533.4,533.4,0
1977-10-12T00:00:00+00:00,533.4,533.4,533.4,533.4,0
1977-10-13T00:00:00+00:00,533.4,533.4,533.4,533.4,0
1977-10-14T00:00:00+00:00,533.4,533.4,533.4,533.4,0
1977-10-18T00:00:00+00:00,533.4,533.4,533.4,533.4,0
1977-10-19T00:00:00+00:00,533.4,533.4,533.4,533.4,0
1977-10-20T00:00:00+00:00,533.4,533.4,533.4,533.4,0
1977-10-21T00:00:00+00:00,533.4,533.4,533.4,533.4,0
1977-10-25T00:00:00+00:00,533.4,533.4,533.4,533.4,0
1977-10-26T00:00:00+00:00,533.4,533.4,533.4,533.4,0
1977-10-27T00:00:00+00:00,533.4,533.4,533.4,533.4,0
1977-10-28T00:00:00+00:00,533.4,533.4,533.4,533.4,0
1977-11-01T00:00:00+00:00,533.4,533.4,533.4,533.4,0
1977-11-02T00:00:00+00:00,533.4,533.4,533.4,533.4,0
1977-11-03T00:00:00+00:00,533.4,533.4,533.4,533.4,0
1977-11-04T00:00:00+00:00,533.4,533.4,533.4,533.4,0
1977-11-08T00:00:00+00:00,533.4,533.4,533.4,533.4,0
1977-11-09T00:00:00+00:00,533.4,533.4,533.4,533.4,0
1977-11-10T00:00:00+00:00,533.4,533.4,533.4,533.4,0
1977-11-11T00:00:00+00:00,533.4,533.4,533.4,533.4,0
1977-11-15T00:00:00+00:00,533.4,533.4,533.4,533.4,0
1977-11-16T00:00:00+00:00,533.4,533.4,533.4,533.4,0
1977-11-18T00:00:00+00:00,567.6,567.6,567.6,567.6,0
1977-11-22T00:00:00+00:00,567.6,567.6,567.6,567.6,0
1977-11-23T00:00:00+00:00,567.6,567.6,567.6,567.6,0
1977-11-24T00:00:00+00:00,567.6,567.6,567.6,567.6,0
1977-11-25T00:00:00+00:00,567.6,567.6,567.6,567.6,0
1977-11-29T00:00:00+00:00,567.6,567.6,567.6,567.6,0
1977-11-30T00:00:00+00:00,567.6,567.6,567.6,567.6,0
1977-12-01T00:00:00+00:00,567.6,567.6,567.6,567.6,0
1977-12-02T00:00:00+00:00,567.6,567.6,567.6,567.6,0
1977-12-06T00:00:00+00:00,567.6,567.6,567.6,567.6,0
1977-12-07T00:00:00+00:00,567.6,567.6,567.6,567.6,0
1977-12-08T00:00:00+00:00,567.6,567.6,567.6,567.6,0
1977-12-09T00:00:00+00:00,567.6,567.6,567.6,567.6,0
1977-12-13T00:00:00+00:00,567.6,567.6,567.6,567.6,0
1977-12-14T00:00:00+00:00,567.6,567.6,567.6,567.6,0
1977-12-15T00:00:00+00:00,567.6,567.6,567.6,567.6,0
1977-12-16T00:00:00+00:00,567.6,567.6,567.6,567.6,0
1977-12-20T00:00:00+00:00,567.6,567.6,567.6,567.6,0
1977-12-21T00:00:00+00:00,567.6,567.6,567.6,567.6,0
1977-12-22T00:00:00+00:00,567.6,567.6,567.6,567.6,0
1977-12-23T00:00:00+00:00,567.6,567.6,567.6,567.6,0
1977-12-28T00:00:00+00:00,554.1,554.1,554.1,554.1,0
1977-12-29T00:00:00+00:00,554.1,554.1,554.1,554.1,0
1977-12-30T00:00:00+00:00,554.1,554.1,554.1,554.1,0
1978-01-03T00:00:00+00:00,554.1,554.1,554.1,554.1,0
1978-01-04T00:00:00+00:00,554.1,554.1,554.1,554.1,0
1978-01-05T00:00:00+00:00,554.1,554.1,554.1,554.1,0
1978-01-06T00:00:00+00:00,554.1,554.1,554.1,554.1,0
1978-01-10T00:00:00+00:00,554.1,554.1,554.1,554.1,0
1978-01-11T00:00:00+00:00,554.1,554.1,554.1,554.1,0
1978-01-12T00:00:00+00:00,554.1,554.1,554.1,554.1,0
1978-01-13T00:00:00+00:00,554.1,554.1,554.1,554.1,0
1978-01-17T00:00:00+00:00,554.1,554.1,554.1,554.1,0
1978-01-18T00:00:00+00:00,554.1,554.1,554.1,554.1,0
1978-01-19T00:00:00+00:00,554.1,554.1,554.1,554.1,0
1978-01-20T00:00:00+00:00,554.1,554.1,554.1,554.1,0
1978-01-24T00:00:00+00:00,554.1,554.1,554.1,554.1,0
1978-01-25T00:00:00+00:00,554.1,554.1,554.1,554.1,0
1978-01-26T00:00:00+00:00,554.1,554.1,554.1,554.1,0
1978-01-27T00:00:00+00:00,554.1,554.1,554.1,554.1,0
1978-01-31T00:00:00+00:00,554.1,554.1,554.1,554.1,0
1978-02-01T00:00:00+00:00,554.1,554.1,554.1,554.1,0
1978-02-02T00:00:00+00:00,554.1,554.1,554.1,554.1,0
1978-02-03T00:00:00+00:00,554.1,554.1,554.1,554.1,0
1978-02-07T00:00:00+00:00,554.1,554.1,554.1,554.1,0
1978-02-08T00:00:00+00:00,554.1,554.1,554.1,554.1,0
1978-02-09T00:00:00+00:00,554.1,554.1,554.1,554.1,0
1978-02-10T00:00:00+00:00,554.1,554.1,554.1,554.1,0
1978-02-14T00:00:00+00:00,554.1,554.1,554.1,554.1,0
1978-02-15T00:00:00+00:00,554.1,554.1,554.1,554.1,0
1978-02-16T00:00:00+00:00,554.1,554.1,554.1,554.1,0
1978-02-17T00:00:00+00:00,554.1,554.1,554.1,554.1,0
1978-02-21T00:00:00+00:00,554.1,554.1,554.1,554.1,0
1978-02-22T00:00:00+00:00,554.1,554.1,554.1,554.1,0
1978-02-23T00:00:00+00:00,554.1,554.1,554.1,554.1,0
1978-02-24T00:00:00+00:00,554.1,554.1,554.1,554.1,0
1978-02-28T00:00:00+00:00,554.1,554.1,554.1,554.1,0
1978-03-01T00:00:00+00:00,554.1,554.1,554.1,554.1,0
1978-03-02T00:00:00+00:00,554.1,554.1,554.1,554.1,0
1978-03-03T00:00:00+00:00,554.1,554.1,554.1,554.1,0
1978-03-07T00:00:00+00:00,554.1,554.1,554.1,554.1,0
1978-03-08T00:00:00+00:00,554.1,554.1,554.1,554.1,0
1978-03-09T00:00:00+00:00,554.1,554.1,554.1,554.1,0
1978-03-10T00:00:00+00:00,554.1,554.1,554.1,554.1,0
1978-03-14T00:00:00+00:00,554.1,554.1,554.1,554.1,0
1978-03-15T00:00:00+00:00,554.1,554.1,554.1,554.1,0
1978-03-16T00:00:00+00:00,554.1,554.1,554.1,554.1,0
1978-03-17T00:00:00+00:00,554.1,554.1,554.1,554.1,0
1978-03-21T00:00:00+00:00,554.1,554.1,554.1,554.1,0
1978-03-22T00:00:00+00:00,554.1,554.1,554.1,554.1,0
1978-03-23T00:00:00+00:00,554.1,554.1,554.1,554.1,0
1978-03-24T00:00:00+00:00,554.1,554.1,554.1,554.1,0
1978-03-29T00:00:00+00:00,548.7,548.7,548.7,548.7,0
1978-03-30T00:00:00+00:00,548.7,548.7,548.7,548.7,0
1978-03-31T00:00:00+00:00,548.7,548.7,548.7,548.7,0
1978-04-04T00:00:00+00:00,548.7,548.7,548.7,548.7,0
1978-04-05T00:00:00+00:00,548.7,548.7,548.7,548.7,0
1978-04-06T00:00:00+00:00,548.7,548.7,548.7,548.7,0
1978-04-07T00:00:00+00:00,548.7,548.7,548.7,548.7,0
1978-04-11T00:00:00+00:00,548.7,548.7,548.7,548.7,0
1978-04-12T00:00:00+00:00,548.7,548.7,548.7,548.7,0
1978-04-13T00:00:00+00:00,548.7,548.7,548.7,548.7,0
1978-04-14T00:00:00+00:00,548.7,548.7,548.7,548.7,0
1978-04-18T00:00:00+00:00,548.7,548.7,548.7,548.7,0
1978-04-19T00:00:00+00:00,548.7,548.7,548.7,548.7,0
1978-04-20T00:00:00+00:00,548.7,548.7,548.7,548.7,0
1978-04-21T00:00:00+00:00,548.7,548.7,548.7,548.7,0
1978-04-25T00:00:00+00:00,548.7,548.7,548.7,548.7,0
1978-04-26T00:00:00+00:00,548.7,548.7,548.7,548.7,0
1978-04-27T00:00:00+00:00,548.7,548.7,548.7,548.7,0
1978-04-28T00:00:00+00:00,548.7,548.7,548.7,548.7,0
1978-05-03T00:00:00+00:00,532.7,532.7,532.7,532.7,0
1978-05-04T00:00:00+00:00,532.7,532.7,532.7,532.7,0
1978-05-09T00:00:00+00:00,534.5,534.5,534.5,534.5,0
1978-05-10T00:00:00+00:00,534.5,534.5,534.5,534.5,0
1978-05-11T00:00:00+00:00,534.5,534.5,534.5,534.5,0
1978-05-12T00:00:00+00:00,534.5,534.5,534.5,534.5,0
1978-05-17T00:00:00+00:00,525,525,525,525,0
1978-05-18T00:00:00+00:00,525,525,525,525,0
1978-05-19T00:00:00+00:00,525,525,525,525,0
1978-05-23T00:00:00+00:00,525,525,525,525,0
1978-05-24T00:00:00+00:00,525,525,525,525,0
1978-05-25T00:00:00+00:00,525,525,525,525,0
1978-05-30T00:00:00+00:00,536,536,536,536,0
1978-05-31T00:00:00+00:00,536,536,536,536,0
1978-06-01T00:00:00+00:00,536,536,536,536,0
1978-06-02T00:00:00+00:00,536,536,536,536,0
1978-06-06T00:00:00+00:00,536,536,536,536,0
1978-06-07T00:00:00+00:00,536,536,536,536,0
1978-06-08T00:00:00+00:00,536,536,536,536,0
1978-06-09T00:00:00+00:00,536,536,536,536,0
1978-06-13T00:00:00+00:00,536,536,536,536,0
1978-06-14T00:00:00+00:00,536,536,536,536,0
1978-06-15T00:00:00+00:00,536,536,536,536,0
1978-06-16T00:00:00+00:00,536,536,536,536,0
1978-06-20T00:00:00+00:00,536,536,536,536,0
1978-06-21T00:00:00+00:00,536,536,536,536,0
1978-06-22T00:00:00+00:00,536,536,536,536,0
1978-06-23T00:00:00+00:00,536,536,536,536,0
1978-06-27T00:00:00+00:00,536,536,536,536,0
1978-06-28T00:00:00+00:00,536,536,536,536,0
1978-06-29T00:00:00+00:00,536,536,536,536,0
1978-06-30T00:00:00+00:00,536,536,536,536,0
1978-07-04T00:00:00+00:00,536,536,536,536,0
1978-07-05T00:00:00+00:00,536,536,536,536,0
1978-07-06T00:00:00+00:00,536,536,536,536,0
1978-07-07T00:00:00+00:00,536,536,536,536,0
1978-07-11T00:00:00+00:00,536,536,536,536,0
1978-07-12T00:00:00+00:00,536,536,536,536,0
1978-07-13T00:00:00+00:00,536,536,536,536,0
1978-07-14T00:00:00+00:00,536,536,536,536,0
1978-07-18T00:00:00+00:00,536,536,536,536,0
1978-07-19T00:00:00+00:00,536,536,536,536,0
1978-07-20T00:00:00+00:00,536,536,536,536,0
1978-07-21T00:00:00+00:00,536,536,536,536,0
1978-07-25T00:00:00+00:00,536,536,536,536,0
1978-07-26T00:00:00+00:00,536,536,536,536,0
1978-07-27T00:00:00+00:00,536,536,536,536,0
1978-07-28T00:00:00+00:00,536,536,536,536,0
1978-08-01T00:00:00+00:00,536,536,536,536,0
1978-08-02T00:00:00+00:00,536,536,536,536,0
1978-08-03T00:00:00+00:00,536,536,536,536,0
1978-08-04T00:00:00+00:00,536,536,536,536,0
1978-08-08T00:00:00+00:00,536,536,536,536,0
1978-08-09T00:00:00+00:00,536,536,536,536,0
1978-08-10T00:00:00+00:00,536,536,536,536,0
1978-08-11T00:00:00+00:00,536,536,536,536,0
1978-08-15T00:00:00+00:00,536,536,536,536,0
1978-08-16T00:00:00+00:00,536,536,536,536,0
1978-08-17T00:00:00+00:00,536,536,536,536,0
1978-08-18T00:00:00+00:00,536,536,536,536,0
1978-08-22T00:00:00+00:00,536,536,536,536,0
1978-08-23T00:00:00+00:00,536,536,536,536,0
1978-08-24T00:00:00+00:00,536,536,536,536,0
1978-08-25T00:00:00+00:00,536,536,536,536,0
1978-08-29T00:00:00+00:00,536,536,536,536,0
1978-08-30T00:00:00+00:00,536,536,536,536,0
1978-08-31T00:00:00+00:00,536,536,536,536,0
1978-09-01T00:00:00+00:00,536,536,536,536,0
1978-09-05T00:00:00+00:00,536,536,536,536,0
1978-09-06T00:00:00+00:00,536,536,536,536,0
1978-09-07T00:00:00+00:00,536,536,536,536,0
1978-09-08T00:00:00+00:00,536,536,536,536,0
1978-09-12T00:00:00+00:00,536,536,536,536,0
1978-09-13T00:00:00+00:00,536,536,536,536,0
1978-09-14T00:00:00+00:00,536,536,536,536,0
1978-09-15T00:00:00+00:00,536,536,536,536,0
1978-09-19T00:00:00+00:00,536,536,536,536,0
1978-09-20T00:00:00+00:00,536,536,536,536,0
1978-09-21T00:00:00+00:00,536,536,536,536,0
1978-09-22T00:00:00+00:00,536,536,536,536,0
1978-09-26T00:00:00+00:00,536,536,536,536,0
1978-09-27T00:00:00+00:00,536,536,536,536,0
1978-09-28T00:00:00+00:00,536,536,536,536,0
1978-09-29T00:00:00+00:00,536,536,536,536,0
1978-10-03T00:00:00+00:00,536,536,536,536,0
1978-10-04T00:00:00+00:00,536,536,536,536,0
1978-10-05T00:00:00+00:00,536,536,536,536,0
1978-10-06T00:00:00+00:00,536,536,536,536,0
1978-10-10T00:00:00+00:00,536,536,536,536,0
1978-10-11T00:00:00+00:00,536,536,536,536,0
1978-10-12T00:00:00+00:00,536,536,536,536,0
1978-10-13T00:00:00+00:00,536,536,536,536,0
1978-10-17T00:00:00+00:00,536,536,536,536,0
1978-10-18T00:00:00+00:00,536,536,536,536,0
1978-10-19T00:00:00+00:00,536,536,536,536,0
1978-10-20T00:00:00+00:00,536,536,536,536,0
1978-10-24T00:00:00+00:00,536,536,536,536,0
1978-10-25T00:00:00+00:00,536,536,536,536,0
1978-10-26T00:00:00+00:00,536,536,536,536,0
1978-10-27T00:00:00+00:00,536,536,536,536,0
1978-10-31T00:00:00+00:00,536,536,536,536,0
1978-11-01T00:00:00+00:00,536,536,536,536,0
1978-11-02T00:00:00+00:00,536,536,536,536,0
1978-11-03T00:00:00+00:00,536,536,536,536,0
1978-11-07T00:00:00+00:00,536,536,536,536,0
1978-11-08T00:00:00+00:00,536,536,536,536,0
1978-11-09T00:00:00+00:00,536,536,536,536,0
1978-11-10T00:00:00+00:00,536,536,536,536,0
1978-11-14T00:00:00+00:00,536,536,536,536,0
1978-11-15T00:00:00+00:00,536,536,536,536,0
1978-11-16T00:00:00+00:00,536,536,536,536,0
1978-11-17T00:00:00+00:00,536,536,536,536,0
1978-11-21T00:00:00+00:00,536,536,536,536,0
1978-11-22T00:00:00+00:00,536,536,536,536,0
1978-11-24T00:00:00+00:00,586.3,586.3,586.3,586.3,0
1978-11-28T00:00:00+00:00,586.3,586.3,586.3,586.3,0
1978-11-29T00:00:00+00:00,586.3,586.3,586.3,586.3,0
1978-11-30T00:00:00+00:00,586.3,586.3,586.3,586.3,0
1978-12-01T00:00:00+00:00,586.3,586.3,586.3,586.3,0
1978-12-05T00:00:00+00:00,586.3,586.3,586.3,586.3,0
1978-12-06T00:00:00+00:00,586.3,586.3,586.3,586.3,0
1978-12-07T00:00:00+00:00,586.3,586.3,586.3,586.3,0
1978-12-08T00:00:00+00:00,586.3,586.3,586.3,586.3,0
1978-12-12T00:00:00+00:00,586.3,586.3,586.3,586.3,0
1978-12-13T00:00:00+00:00,586.3,586.3,586.3,586.3,0
1978-12-14T00:00:00+00:00,586.3,586.3,586.3,586.3,0
1978-12-15T00:00:00+00:00,586.3,586.3,586.3,586.3,0
1978-12-19T00:00:00+00:00,586.3,586.3,586.3,586.3,0
1978-12-20T00:00:00+00:00,586.3,586.3,586.3,586.3,0
1978-12-21T00:00:00+00:00,586.3,586.3,586.3,586.3,0
1978-12-22T00:00:00+00:00,586.3,586.3,586.3,586.3,0
1978-12-28T00:00:00+00:00,574.9,574.9,574.9,574.9,0
1978-12-29T00:00:00+00:00,574.9,574.9,574.9,574.9,0
1979-01-03T00:00:00+00:00,581.1,581.1,581.1,581.1,0
1979-01-04T00:00:00+00:00,581.1,581.1,581.1,581.1,0
1979-01-05T00:00:00+00:00,581.1,581.1,581.1,581.1,0
1979-01-09T00:00:00+00:00,581.1,581.1,581.1,581.1,0
1979-01-10T00:00:00+00:00,581.1,581.1,581.1,581.1,0
1979-01-11T00:00:00+00:00,581.1,581.1,581.1,581.1,0
1979-01-12T00:00:00+00:00,581.1,581.1,581.1,581.1,0
1979-01-16T00:00:00+00:00,581.1,581.1,581.1,581.1,0
1979-01-17T00:00:00+00:00,581.1,581.1,581.1,581.1,0
1979-01-18T00:00:00+00:00,581.1,581.1,581.1,581.1,0
1979-01-19T00:00:00+00:00,581.1,581.1,581.1,581.1,0
1979-01-23T00:00:00+00:00,581.1,581.1,581.1,581.1,0
1979-01-24T00:00:00+00:00,581.1,581.1,581.1,581.1,0
1979-01-25T00:00:00+00:00,581.1,581.1,581.1,581.1,0
1979-01-26T00:00:00+00:00,581.1,581.1,581.1,581.1,0
1979-01-30T00:00:00+00:00,581.1,581.1,581.1,581.1,0
1979-01-31T00:00:00+00:00,581.1,581.1,581.1,581.1,0
1979-02-01T00:00:00+00:00,581.1,581.1,581.1,581.1,0
1979-02-02T00:00:00+00:00,581.1,581.1,581.1,581.1,0
1979-02-06T00:00:00+00:00,581.1,581.1,581.1,581.1,0
1979-02-07T00:00:00+00:00,581.1,581.1,581.1,581.1,0
1979-02-08T00:00:00+00:00,581.1,581.1,581.1,581.1,0
1979-02-09T00:00:00+00:00,581.1,581.1,581.1,581.1,0
1979-02-13T00:00:00+00:00,581.1,581.1,581.1,581.1,0
1979-02-14T00:00:00+00:00,581.1,581.1,581.1,581.1,0
1979-02-15T00:00:00+00:00,581.1,581.1,581.1,581.1,0
1979-02-16T00:00:00+00:00,581.1,581.1,581.1,581.1,0
1979-02-20T00:00:00+00:00,581.1,581.1,581.1,581.1,0
1979-02-21T00:00:00+00:00,581.1,581.1,581.1,581.1,0
1979-02-22T00:00:00+00:00,581.1,581.1,581.1,581.1,0
1979-02-23T00:00:00+00:00,581.1,581.1,581.1,581.1,0
1979-02-27T00:00:00+00:00,581.1,581.1,581.1,581.1,0
1979-02-28T00:00:00+00:00,581.1,581.1,581.1,581.1,0
1979-03-01T00:00:00+00:00,581.1,581.1,581.1,581.1,0
1979-03-02T00:00:00+00:00,581.1,581.1,581.1,581.1,0
1979-03-06T00:00:00+00:00,581.1,581.1,581.1,581.1,0
1979-03-07T00:00:00+00:00,581.1,581.1,581.1,581.1,0
1979-03-08T00:00:00+00:00,581.1,581.1,581.1,581.1,0
1979-03-09T00:00:00+00:00,581.1,581.1,581.1,581.1,0
1979-03-13T00:00:00+00:00,581.1,581.1,581.1,581.1,0
1979-03-14T00:00:00+00:00,581.1,581.1,581.1,581.1,0
1979-03-15T00:00:00+00:00,581.1,581.1,581.1,581.1,0
1979-03-16T00:00:00+00:00,581.1,581.1,581.1,581.1,0
1979-03-20T00:00:00+00:00,581.1,581.1,581.1,581.1,0
1979-03-21T00:00:00+00:00,581.1,581.1,581.1,581.1,0
1979-03-22T00:00:00+00:00,581.1,581.1,581.1,581.1,0
1979-03-23T00:00:00+00:00,581.1,581.1,581.1,581.1,0
1979-03-27T00:00:00+00:00,581.1,581.1,581.1,581.1,0
1979-03-28T00:00:00+00:00,581.1,581.1,581.1,581.1,0
1979-03-29T00:00:00+00:00,581.1,581.1,581.1,581.1,0
1979-03-30T00:00:00+00:00,581.1,581.1,581.1,581.1,0
1979-04-03T00:00:00+00:00,581.1,581.1,581.1,581.1,0
1979-04-04T00:00:00+00:00,581.1,581.1,581.1,581.1,0
1979-04-05T00:00:00+00:00,581.1,581.1,581.1,581.1,0
1979-04-06T00:00:00+00:00,581.1,581.1,581.1,581.1,0
1979-04-10T00:00:00+00:00,581.1,581.1,581.1,581.1,0
1979-04-11T00:00:00+00:00,581.1,581.1,581.1,581.1,0
1979-04-12T00:00:00+00:00,581.1,581.1,581.1,581.1,0
1979-04-13T00:00:00+00:00,581.1,581.1,581.1,581.1,0
1979-04-18T00:00:00+00:00,552.9,552.9,552.9,552.9,0
1979-04-19T00:00:00+00:00,552.9,552.9,552.9,552.9,0
1979-04-20T00:00:00+00:00,552.9,552.9,552.9,552.9,0
1979-04-24T00:00:00+00:00,552.9,552.9,552.9,552.9,0
1979-04-25T00:00:00+00:00,552.9,552.9,552.9,552.9,0
1979-04-26T00:00:00+00:00,552.9,552.9,552.9,552.9,0
1979-04-27T00:00:00+00:00,552.9,552.9,552.9,552.9,0
1979-05-01T00:00:00+00:00,554.7,554.7,554.7,554.7,0
1979-05-03T00:00:00+00:00,553.4,553.4,553.4,553.4,0
1979-05-04T00:00:00+00:00,553.4,553.4,553.4,553.4,0
1979-05-08T00:00:00+00:00,553.4,553.4,553.4,553.4,0
1979-05-09T00:00:00+00:00,553.4,553.4,553.4,553.4,0
1979-05-10T00:00:00+00:00,553.4,553.4,553.4,553.4,0
1979-05-11T00:00:00+00:00,553.4,553.4,553.4,553.4,0
1979-05-15T00:00:00+00:00,553.4,553.4,553.4,553.4,0
1979-05-16T00:00:00+00:00,553.4,553.4,553.4,553.4,0
1979-05-17T00:00:00+00:00,553.4,553.4,553.4,553.4,0
1979-05-18T00:00:00+00:00,553.4,553.4,553.4,553.4,0
1979-05-22T00:00:00+00:00,553.4,553.4,553.4,553.4,0
1979-05-23T00:00:00+00:00,553.4,553.4,553.4,553.4,0
1979-05-24T00:00:00+00:00,553.4,553.4,553.4,553.4,0
1979-05-29T00:00:00+00:00,532.5,532.5,532.5,532.5,0
1979-05-30T00:00:00+00:00,532.5,532.5,532.5,532.5,0
1979-05-31T00:00:00+00:00,532.5,532.5,532.5,532.5,0
1979-06-01T00:00:00+00:00,532.5,532.5,532.5,532.5,0
1979-06-06T00:00:00+00:00,511.8,511.8,511.8,511.8,0
1979-06-07T00:00:00+00:00,511.8,511.8,511.8,511.8,0
1979-06-08T00:00:00+00:00,511.8,511.8,511.8,511.8,0
1979-06-12T00:00:00+00:00,511.8,511.8,511.8,511.8,0
1979-06-13T00:00:00+00:00,511.8,511.8,511.8,511.8,0
1979-06-14T00:00:00+00:00,511.8,511.8,511.8,511.8,0
1979-06-19T00:00:00+00:00,519.8,519.8,519.8,519.8,0
1979-06-20T00:00:00+00:00,519.8,519.8,519.8,519.8,0
1979-06-21T00:00:00+00:00,519.8,519.8,519.8,519.8,0
1979-06-22T00:00:00+00:00,519.8,519.8,519.8,519.8,0
1979-06-26T00:00:00+00:00,519.8,519.8,519.8,519.8,0
1979-06-27T00:00:00+00:00,519.8,519.8,519.8,519.8,0
1979-06-28T00:00:00+00:00,519.8,519.8,519.8,519.8,0
1979-06-29T00:00:00+00:00,519.8,519.8,519.8,519.8,0
1979-07-03T00:00:00+00:00,519.8,519.8,519.8,519.8,0
1979-07-04T00:00:00+00:00,519.8,519.8,519.8,519.8,0
1979-07-05T00:00:00+00:00,519.8,519.8,519.8,519.8,0
1979-07-06T00:00:00+00:00,519.8,519.8,519.8,519.8,0
1979-07-10T00:00:00+00:00,519.8,519.8,519.8,519.8,0
1979-07-11T00:00:00+00:00,519.8,519.8,519.8,519.8,0
1979-07-12T00:00:00+00:00,519.8,519.8,519.8,519.8,0
1979-07-13T00:00:00+00:00,519.8,519.8,519.8,519.8,0
1979-07-17T00:00:00+00:00,519.8,519.8,519.8,519.8,0
1979-07-18T00:00:00+00:00,519.8,519.8,519.8,519.8,0
1979-07-19T00:00:00+00:00,519.8,519.8,519.8,519.8,0
1979-07-20T00:00:00+00:00,519.8,519.8,519.8,519.8,0
1979-07-24T00:00:00+00:00,519.8,519.8,519.8,519.8,0
1979-07-25T00:00:00+00:00,519.8,519.8,519.8,519.8,0
1979-07-26T00:00:00+00:00,519.8,519.8,519.8,519.8,0
1979-07-27T00:00:00+00:00,519.8,519.8,519.8,519.8,0
1979-07-31T00:00:00+00:00,519.8,519.8,519.8,519.8,0
1979-08-01T00:00:00+00:00,519.8,519.8,519.8,519.8,0
1979-08-02T00:00:00+00:00,519.8,519.8,519.8,519.8,0
1979-08-03T00:00:00+00:00,519.8,519.8,519.8,519.8,0
1979-08-07T00:00:00+00:00,519.8,519.8,519.8,519.8,0
1979-08-08T00:00:00+00:00,519.8,519.8,519.8,519.8,0
1979-08-09T00:00:00+00:00,519.8,519.8,519.8,519.8,0
1979-08-10T00:00:00+00:00,519.8,519.8,519.8,519.8,0
1979-08-14T00:00:00+00:00,519.8,519.8,519.8,519.8,0
1979-08-15T00:00:00+00:00,519.8,519.8,519.8,519.8,0
1979-08-16T00:00:00+00:00,519.8,519.8,519.8,519.8,0
1979-08-17T00:00:00+00:00,519.8,519.8,519.8,519.8,0
1979-08-21T00:00:00+00:00,519.8,519.8,519.8,519.8,0
1979-08-22T00:00:00+00:00,519.8,519.8,519.8,519.8,0
1979-08-23T00:00:00+00:00,519.8,519.8,519.8,519.8,0
1979-08-24T00:00:00+00:00,519.8,519.8,519.8,519.8,0
1979-08-28T00:00:00+00:00,519.8,519.8,519.8,519.8,0
1979-08-29T00:00:00+00:00,519.8,519.8,519.8,519.8,0
1979-08-30T00:00:00+00:00,519.8,519.8,519.8,519.8,0
1979-08-31T00:00:00+00:00,519.8,519.8,519.8,519.8,0
1979-09-04T00:00:00+00:00,519.8,519.8,519.8,519.8,0
1979-09-05T00:00:00+00:00,519.8,519.8,519.8,519.8,0
1979-09-06T00:00:00+00:00,519.8,519.8,519.8,519.8,0
1979-09-07T00:00:00+00:00,519.8,519.8,519.8,519.8,0
1979-09-11T00:00:00+00:00,519.8,519.8,519.8,519.8,0
1979-09-12T00:00:00+00:00,519.8,519.8,519.8,519.8,0
1979-09-13T00:00:00+00:00,519.8,519.8,519.8,519.8,0
1979-09-14T00:00:00+00:00,519.8,519.8,519.8,519.8,0
1979-09-18T00:00:00+00:00,519.8,519.8,519.8,519.8,0
1979-09-19T00:00:00+00:00,519.8,519.8,519.8,519.8,0
1979-09-20T00:00:00+00:00,519.8,519.8,519.8,519.8,0
1979-09-21T00:00:00+00:00,519.8,519.8,519.8,519.8,0
1979-09-25T00:00:00+00:00,519.8,519.8,519.8,519.8,0
1979-09-26T00:00:00+00:00,519.8,519.8,519.8,519.8,0
1979-09-27T00:00:00+00:00,519.8,519.8,519.8,519.8,0
1979-09-28T00:00:00+00:00,519.8,519.8,519.8,519.8,0
1979-10-02T00:00:00+00:00,519.8,519.8,519.8,519.8,0
1979-10-03T00:00:00+00:00,519.8,519.8,519.8,519.8,0
1979-10-04T00:00:00+00:00,519.8,519.8,519.8,519.8,0
1979-10-05T00:00:00+00:00,519.8,519.8,519.8,519.8,0
1979-10-09T00:00:00+00:00,519.8,519.8,519.8,519.8,0
1979-10-10T00:00:00+00:00,519.8,519.8,519.8,519.8,0
1979-10-11T00:00:00+00:00,519.8,519.8,519.8,519.8,0
1979-10-12T00:00:00+00:00,519.8,519.8,519.8,519.8,0
1979-10-16T00:00:00+00:00,519.8,519.8,519.8,519.8,0
1979-10-17T00:00:00+00:00,519.8,519.8,519.8,519.8,0
1979-10-18T00:00:00+00:00,519.8,519.8,519.8,519.8,0
1979-10-19T00:00:00+00:00,519.8,519.8,519.8,519.8,0
1979-10-23T00:00:00+00:00,519.8,519.8,519.8,519.8,0
1979-10-24T00:00:00+00:00,519.8,519.8,519.8,519.8,0
1979-10-25T00:00:00+00:00,519.8,519.8,519.8,519.8,0
1979-10-26T00:00:00+00:00,519.8,519.8,519.8,519.8,0
1979-10-30T00:00:00+00:00,519.8,519.8,519.8,519.8,0
1979-10-31T00:00:00+00:00,519.8,519.8,519.8,519.8,0
1979-11-01T00:00:00+00:00,519.8,519.8,519.8,519.8,0
1979-11-02T00:00:00+00:00,519.8,519.8,519.8,519.8,0
1979-11-06T00:00:00+00:00,519.8,519.8,519.8,519.8,0
1979-11-07T00:00:00+00:00,519.8,519.8,519.8,519.8,0
1979-11-08T00:00:00+00:00,519.8,519.8,519.8,519.8,0
1979-11-09T00:00:00+00:00,519.8,519.8,519.8,519.8,0
1979-11-13T00:00:00+00:00,519.8,519.8,519.8,519.8,0
1979-11-14T00:00:00+00:00,519.8,519.8,519.8,519.8,0
1979-11-15T00:00:00+00:00,519.8,519.8,519.8,519.8,0
1979-11-16T00:00:00+00:00,519.8,519.8,519.8,519.8,0
1979-11-20T00:00:00+00:00,519.8,519.8,519.8,519.8,0
1979-11-21T00:00:00+00:00,519.8,519.8,519.8,519.8,0
1979-11-23T00:00:00+00:00,495.5,495.5,495.5,495.5,0
1979-11-27T00:00:00+00:00,495.5,495.5,495.5,495.5,0
1979-11-28T00:00:00+00:00,495.5,495.5,495.5,495.5,0
1979-11-29T00:00:00+00:00,495.5,495.5,495.5,495.5,0
1979-11-30T00:00:00+00:00,495.5,495.5,495.5,495.5,0
1979-12-04T00:00:00+00:00,495.5,495.5,495.5,495.5,0
1979-12-05T00:00:00+00:00,495.5,495.5,495.5,495.5,0
1979-12-06T00:00:00+00:00,495.5,495.5,495.5,495.5,0
1979-12-07T00:00:00+00:00,495.5,495.5,495.5,495.5,0
1979-12-11T00:00:00+00:00,495.5,495.5,495.5,495.5,0
1979-12-12T00:00:00+00:00,495.5,495.5,495.5,495.5,0
1979-12-13T00:00:00+00:00,495.5,495.5,495.5,495.5,0
1979-12-14T00:00:00+00:00,495.5,495.5,495.5,495.5,0
1979-12-18T00:00:00+00:00,495.5,495.5,495.5,495.5,0
1979-12-19T00:00:00+00:00,495.5,495.5,495.5,495.5,0
1979-12-20T00:00:00+00:00,495.5,495.5,495.5,495.5,0
1979-12-21T00:00:00+00:00,495.5,495.5,495.5,495.5,0
1979-12-28T00:00:00+00:00,497.8,497.8,497.8,497.8,0
1980-01-03T00:00:00+00:00,493.5,493.5,493.5,493.5,0
1980-01-04T00:00:00+00:00,493.5,493.5,493.5,493.5,0
1980-01-08T00:00:00+00:00,493.5,493.5,493.5,493.5,0
1980-01-09T00:00:00+00:00,493.5,493.5,493.5,493.5,0
1980-01-10T00:00:00+00:00,493.5,493.5,493.5,493.5,0
1980-01-11T00:00:00+00:00,493.5,493.5,493.5,493.5,0
1980-01-15T00:00:00+00:00,493.5,493.5,493.5,493.5,0
1980-01-16T00:00:00+00:00,493.5,493.5,493.5,493.5,0
1980-01-17T00:00:00+00:00,493.5,493.5,493.5,493.5,0
1980-01-18T00:00:00+00:00,493.5,493.5,493.5,493.5,0
1980-01-22T00:00:00+00:00,493.5,493.5,493.5,493.5,0
1980-01-23T00:00:00+00:00,493.5,493.5,493.5,493.5,0
1980-01-24T00:00:00+00:00,493.5,493.5,493.5,493.5,0
1980-01-25T00:00:00+00:00,493.5,493.5,493.5,493.5,0
1980-01-29T00:00:00+00:00,493.5,493.5,493.5,493.5,0
1980-01-30T00:00:00+00:00,493.5,493.5,493.5,493.5,0
1980-01-31T00:00:00+00:00,493.5,493.5,493.5,493.5,0
1980-02-01T00:00:00+00:00,493.5,493.5,493.5,493.5,0
1980-02-05T00:00:00+00:00,493.5,493.5,493.5,493.5,0
1980-02-06T00:00:00+00:00,493.5,493.5,493.5,493.5,0
1980-02-07T00:00:00+00:00,493.5,493.5,493.5,493.5,0
1980-02-08T00:00:00+00:00,493.5,493.5,493.5,493.5,0
1980-02-12T00:00:00+00:00,493.5,493.5,493.5,493.5,0
1980-02-13T00:00:00+00:00,493.5,493.5,493.5,493.5,0
1980-02-14T00:00:00+00:00,493.5,493.5,493.5,493.5,0
1980-02-15T00:00:00+00:00,493.5,493.5,493.5,493.5,0
1980-02-19T00:00:00+00:00,493.5,493.5,493.5,493.5,0
1980-02-20T00:00:00+00:00,493.5,493.5,493.5,493.5,0
1980-02-21T00:00:00+00:00,493.5,493.5,493.5,493.5,0
1980-02-22T00:00:00+00:00,493.5,493.5,493.5,493.5,0
1980-02-26T00:00:00+00:00,493.5,493.5,493.5,493.5,0
1980-02-27T00:00:00+00:00,493.5,493.5,493.5,493.5,0
1980-02-28T00:00:00+00:00,493.5,493.5,493.5,493.5,0
1980-02-29T00:00:00+00:00,493.5,493.5,493.5,493.5,0
1980-03-04T00:00:00+00:00,493.5,493.5,493.5,493.5,0
1980-03-05T00:00:00+00:00,493.5,493.5,493.5,493.5,0
1980-03-06T00:00:00+00:00,493.5,493.5,493.5,493.5,0
1980-03-07T00:00:00+00:00,493.5,493.5,493.5,493.5,0
1980-03-11T00:00:00+00:00,493.5,493.5,493.5,493.5,0
1980-03-12T00:00:00+00:00,493.5,493.5,493.5,493.5,0
1980-03-13T00:00:00+00:00,493.5,493.5,493.5,493.5,0
1980-03-14T00:00:00+00:00,493.5,493.5,493.5,493.5,0
1980-03-18T00:00:00+00:00,493.5,493.5,493.5,493.5,0
1980-03-19T00:00:00+00:00,493.5,493.5,493.5,493.5,0
1980-03-20T00:00:00+00:00,493.5,493.5,493.5,493.5,0
1980-03-21T00:00:00+00:00,493.5,493.5,493.5,493.5,0
1980-03-25T00:00:00+00:00,493.5,493.5,493.5,493.5,0
1980-03-26T00:00:00+00:00,493.5,493.5,493.5,493.5,0
1980-03-27T00:00:00+00:00,493.5,493.5,493.5,493.5,0
1980-03-28T00:00:00+00:00,493.5,493.5,493.5,493.5,0
1980-04-01T00:00:00+00:00,493.5,493.5,493.5,493.5,0
1980-04-02T00:00:00+00:00,493.5,493.5,493.5,493.5,0
1980-04-03T00:00:00+00:00,493.5,493.5,493.5,493.5,0
1980-04-04T00:00:00+00:00,493.5,493.5,493.5,493.5,0
1980-04-09T00:00:00+00:00,482.7,482.7,482.7,482.7,0
1980-04-10T00:00:00+00:00,482.7,482.7,482.7,482.7,0
1980-04-11T00:00:00+00:00,482.7,482.7,482.7,482.7,0
1980-04-15T00:00:00+00:00,482.7,482.7,482.7,482.7,0
1980-04-16T00:00:00+00:00,482.7,482.7,482.7,482.7,0
1980-04-17T00:00:00+00:00,482.7,482.7,482.7,482.7,0
1980-04-18T00:00:00+00:00,482.7,482.7,482.7,482.7,0
1980-04-22T00:00:00+00:00,482.7,482.7,482.7,482.7,0
1980-04-23T00:00:00+00:00,482.7,482.7,482.7,482.7,0
1980-04-24T00:00:00+00:00,482.7,482.7,482.7,482.7,0
1980-04-25T00:00:00+00:00,482.7,482.7,482.7,482.7,0
1980-04-29T00:00:00+00:00,482.7,482.7,482.7,482.7,0
1980-04-30T00:00:00+00:00,482.7,482.7,482.7,482.7,0
1980-05-01T00:00:00+00:00,496.1,496.1,496.1,496.1,0
1980-05-06T00:00:00+00:00,489.2,489.2,489.2,489.2,0
1980-05-07T00:00:00+00:00,489.2,489.2,489.2,489.2,0
1980-05-08T00:00:00+00:00,489.2,489.2,489.2,489.2,0
1980-05-09T00:00:00+00:00,489.2,489.2,489.2,489.2,0
1980-05-13T00:00:00+00:00,489.2,489.2,489.2,489.2,0
1980-05-14T00:00:00+00:00,489.2,489.2,489.2,489.2,0
1980-05-15T00:00:00+00:00,489.2,489.2,489.2,489.2,0
1980-05-20T00:00:00+00:00,502.2,502.2,502.2,502.2,0
1980-05-21T00:00:00+00:00,502.2,502.2,502.2,502.2,0
1980-05-22T00:00:00+00:00,502.2,502.2,502.2,502.2,0
1980-05-23T00:00:00+00:00,502.2,502.2,502.2,502.2,0
1980-05-28T00:00:00+00:00,498.8,498.8,498.8,498.8,0
1980-05-29T00:00:00+00:00,498.8,498.8,498.8,498.8,0
1980-05-30T00:00:00+00:00,498.8,498.8,498.8,498.8,0
1980-06-03T00:00:00+00:00,498.8,498.8,498.8,498.8,0
1980-06-04T00:00:00+00:00,498.8,498.8,498.8,498.8,0
1980-06-05T00:00:00+00:00,498.8,498.8,498.8,498.8,0
1980-06-10T00:00:00+00:00,502,502,502,502,0
1980-06-11T00:00:00+00:00,502,502,502,502,0
1980-06-12T00:00:00+00:00,502,502,502,502,0
1980-06-13T00:00:00+00:00,502,502,502,502,0
1980-06-17T00:00:00+00:00,502,502,502,502,0
1980-06-19T00:00:00+00:00,511.8,511.8,511.8,511.8,0
1980-06-20T00:00:00+00:00,511.8,511.8,511.8,511.8,0
1980-06-24T00:00:00+00:00,511.8,511.8,511.8,511.8,0
1980-06-25T00:00:00+00:00,511.8,511.8,511.8,511.8,0
1980-06-26T00:00:00+00:00,511.8,511.8,511.8,511.8,0
1980-06-27T00:00:00+00:00,511.8,511.8,511.8,511.8,0
1980-07-01T00:00:00+00:00,511.8,511.8,511.8,511.8,0
1980-07-02T00:00:00+00:00,511.8,511.8,511.8,511.8,0
1980-07-03T00:00:00+00:00,511.8,511.8,511.8,511.8,0
1980-07-04T00:00:00+00:00,511.8,511.8,511.8,511.8,0
1980-07-08T00:00:00+00:00,511.8,511.8,511.8,511.8,0
1980-07-09T00:00:00+00:00,511.8,511.8,511.8,511.8,0
1980-07-10T00:00:00+00:00,511.8,511.8,511.8,511.8,0
1980-07-11T00:00:00+00:00,511.8,511.8,511.8,511.8,0
1980-07-15T00:00:00+00:00,511.8,511.8,511.8,511.8,0
1980-07-16T00:00:00+00:00,511.8,511.8,511.8,511.8,0
1980-07-17T00:00:00+00:00,511.8,511.8,511.8,511.8,0
1980-07-18T00:00:00+00:00,511.8,511.8,511.8,511.8,0
1980-07-22T00:00:00+00:00,511.8,511.8,511.8,511.8,0
1980-07-23T00:00:00+00:00,511.8,511.8,511.8,511.8,0
1980-07-24T00:00:00+00:00,511.8,511.8,511.8,511.8,0
1980-07-25T00:00:00+00:00,511.8,511.8,511.8,511.8,0
1980-07-29T00:00:00+00:00,511.8,511.8,511.8,511.8,0
1980-07-30T00:00:00+00:00,511.8,511.8,511.8,511.8,0
1980-07-31T00:00:00+00:00,511.8,511.8,511.8,511.8,0
1980-08-01T00:00:00+00:00,511.8,511.8,511.8,511.8,0
1980-08-05T00:00:00+00:00,511.8,511.8,511.8,511.8,0
1980-08-06T00:00:00+00:00,511.8,511.8,511.8,511.8,0
1980-08-07T00:00:00+00:00,511.8,511.8,511.8,511.8,0
1980-08-08T00:00:00+00:00,511.8,511.8,511.8,511.8,0
1980-08-12T00:00:00+00:00,511.8,511.8,511.8,511.8,0
1980-08-13T00:00:00+00:00,511.8,511.8,511.8,511.8,0
1980-08-14T00:00:00+00:00,511.8,511.8,511.8,511.8,0
1980-08-15T00:00:00+00:00,511.8,511.8,511.8,511.8,0
1980-08-19T00:00:00+00:00,511.8,511.8,511.8,511.8,0
1980-08-20T00:00:00+00:00,511.8,511.8,511.8,511.8,0
1980-08-21T00:00:00+00:00,511.8,511.8,511.8,511.8,0
1980-08-22T00:00:00+00:00,511.8,511.8,511.8,511.8,0
1980-08-26T00:00:00+00:00,511.8,511.8,511.8,511.8,0
1980-08-27T00:00:00+00:00,511.8,511.8,511.8,511.8,0
1980-08-28T00:00:00+00:00,511.8,511.8,511.8,511.8,0
1980-08-29T00:00:00+00:00,511.8,511.8,511.8,511.8,0
1980-09-02T00:00:00+00:00,511.8,511.8,511.8,511.8,0
1980-09-03T00:00:00+00:00,511.8,511.8,511.8,511.8,0
1980-09-04T00:00:00+00:00,511.8,511.8,511.8,511.8,0
1980-09-05T00:00:00+00:00,511.8,511.8,511.8,511.8,0
1980-09-09T00:00:00+00:00,511.8,511.8,511.8,511.8,0
1980-09-10T00:00:00+00:00,511.8,511.8,511.8,511.8,0
1980-09-11T00:00:00+00:00,511.8,511.8,511.8,511.8,0
1980-09-12T00:00:00+00:00,511.8,511.8,511.8,511.8,0
1980-09-16T00:00:00+00:00,511.8,511.8,511.8,511.8,0
1980-09-17T00:00:00+00:00,511.8,511.8,511.8,511.8,0
1980-09-18T00:00:00+00:00,511.8,511.8,511.8,511.8,0
1980-09-19T00:00:00+00:00,511.8,511.8,511.8,511.8,0
1980-09-23T00:00:00+00:00,511.8,511.8,511.8,511.8,0
1980-09-24T00:00:00+00:00,511.8,511.8,511.8,511.8,0
1980-09-25T00:00:00+00:00,511.8,511.8,511.8,511.8,0
1980-09-26T00:00:00+00:00,511.8,511.8,511.8,511.8,0
1980-09-30T00:00:00+00:00,511.8,511.8,511.8,511.8,0
1980-10-01T00:00:00+00:00,511.8,511.8,511.8,511.8,0
1980-10-02T00:00:00+00:00,511.8,511.8,511.8,511.8,0
1980-10-03T00:00:00+00:00,511.8,511.8,511.8,511.8,0
1980-10-07T00:00:00+00:00,511.8,511.8,511.8,511.8,0
1980-10-08T00:00:00+00:00,511.8,511.8,511.8,511.8,0
1980-10-09T00:00:00+00:00,511.8,511.8,511.8,511.8,0
1980-10-10T00:00:00+00:00,511.8,511.8,511.8,511.8,0
1980-10-14T00:00:00+00:00,511.8,511.8,511.8,511.8,0
1980-10-15T00:00:00+00:00,511.8,511.8,511.8,511.8,0
1980-10-16T00:00:00+00:00,511.8,511.8,511.8,511.8,0
1980-10-17T00:00:00+00:00,511.8,511.8,511.8,511.8,0
1980-10-21T00:00:00+00:00,511.8,511.8,511.8,511.8,0
1980-10-22T00:00:00+00:00,511.8,511.8,511.8,511.8,0
1980-10-23T00:00:00+00:00,511.8,511.8,511.8,511.8,0
1980-10-24T00:00:00+00:00,511.8,511.8,511.8,511.8,0
1980-10-28T00:00:00+00:00,511.8,511.8,511.8,511.8,0
1980-10-29T00:00:00+00:00,511.8,511.8,511.8,511.8,0
1980-10-30T00:00:00+00:00,511.8,511.8,511.8,511.8,0
1980-10-31T00:00:00+00:00,511.8,511.8,511.8,511.8,0
1980-11-04T00:00:00+00:00,511.8,511.8,511.8,511.8,0
1980-11-05T00:00:00+00:00,511.8,511.8,511.8,511.8,0
1980-11-06T00:00:00+00:00,511.8,511.8,511.8,511.8,0
1980-11-07T00:00:00+00:00,511.8,511.8,511.8,511.8,0
1980-11-11T00:00:00+00:00,511.8,511.8,511.8,511.8,0
1980-11-12T00:00:00+00:00,511.8,511.8,511.8,511.8,0
1980-11-13T00:00:00+00:00,511.8,511.8,511.8,511.8,0
1980-11-14T00:00:00+00:00,511.8,511.8,511.8,511.8,0
1980-11-18T00:00:00+00:00,511.8,511.8,511.8,511.8,0
1980-11-19T00:00:00+00:00,511.8,511.8,511.8,511.8,0
1980-11-21T00:00:00+00:00,492.5,492.5,492.5,492.5,0
1980-11-25T00:00:00+00:00,492.5,492.5,492.5,492.5,0
1980-11-26T00:00:00+00:00,492.5,492.5,492.5,492.5,0
1980-11-27T00:00:00+00:00,492.5,492.5,492.5,492.5,0
1980-11-28T00:00:00+00:00,492.5,492.5,492.5,492.5,0
1980-12-02T00:00:00+00:00,492.5,492.5,492.5,492.5,0
1980-12-03T00:00:00+00:00,492.5,492.5,492.5,492.5,0
1980-12-04T00:00:00+00:00,492.5,492.5,492.5,492.5,0
1980-12-05T00:00:00+00:00,492.5,492.5,492.5,492.5,0
1980-12-09T00:00:00+00:00,492.5,492.5,492.5,492.5,0
1980-12-10T00:00:00+00:00,492.5,492.5,492.5,492.5,0
1980-12-11T00:00:00+00:00,492.5,492.5,492.5,492.5,0
1980-12-12T00:00:00+00:00,492.5,492.5,492.5,492.5,0
1980-12-16T00:00:00+00:00,492.5,492.5,492.5,492.5,0
1980-12-17T00:00:00+00:00,492.5,492.5,492.5,492.5,0
1980-12-18T00:00:00+00:00,492.5,492.5,492.5,492.5,0
1980-12-19T00:00:00+00:00,492.5,492.5,492.5,492.5,0
1980-12-23T00:00:00+00:00,492.5,492.5,492.5,492.5,0
1980-12-24T00:00:00+00:00,492.5,492.5,492.5,492.5,0
1980-12-30T00:00:00+00:00,492.5,492.5,492.5,492.5,0
1980-12-31T00:00:00+00:00,480.9,480.9,480.9,480.9,0
1981-01-06T00:00:00+00:00,493,493,493,493,0
1981-01-07T00:00:00+00:00,493,493,493,493,0
1981-01-08T00:00:00+00:00,493,493,493,493,0
1981-01-09T00:00:00+00:00,493,493,493,493,0
1981-01-13T00:00:00+00:00,493,493,493,493,0
1981-01-14T00:00:00+00:00,493,493,493,493,0
1981-01-15T00:00:00+00:00,493,493,493,493,0
1981-01-16T00:00:00+00:00,493,493,493,493,0
1981-01-20T00:00:00+00:00,493,493,493,493,0
1981-01-21T00:00:00+00:00,493,493,493,493,0
1981-01-22T00:00:00+00:00,493,493,493,493,0
1981-01-23T00:00:00+00:00,493,493,493,493,0
1981-01-27T00:00:00+00:00,493,493,493,493,0
1981-01-28T00:00:00+00:00,493,493,493,493,0
1981-01-29T00:00:00+00:00,493,493,493,493,0
1981-01-30T00:00:00+00:00,493,493,493,493,0
1981-02-03T00:00:00+00:00,493,493,493,493,0
1981-02-04T00:00:00+00:00,493,493,493,493,0
1981-02-05T00:00:00+00:00,493,493,493,493,0
1981-02-06T00:00:00+00:00,493,493,493,493,0
1981-02-10T00:00:00+00:00,493,493,493,493,0
1981-02-11T00:00:00+00:00,493,493,493,493,0
1981-02-12T00:00:00+00:00,493,493,493,493,0
1981-02-13T00:00:00+00:00,493,493,493,493,0
1981-02-17T00:00:00+00:00,493,493,493,493,0
1981-02-18T00:00:00+00:00,493,493,493,493,0
1981-02-19T00:00:00+00:00,493,493,493,493,0
1981-02-20T00:00:00+00:00,493,493,493,493,0
1981-02-24T00:00:00+00:00,493,493,493,493,0
1981-02-25T00:00:00+00:00,493,493,493,493,0
1981-02-26T00:00:00+00:00,493,493,493,493,0
1981-02-27T00:00:00+00:00,493,493,493,493,0
1981-03-03T00:00:00+00:00,493,493,493,493,0
1981-03-04T00:00:00+00:00,493,493,493,493,0
1981-03-05T00:00:00+00:00,493,493,493,493,0
1981-03-06T00:00:00+00:00,493,493,493,493,0
1981-03-10T00:00:00+00:00,493,493,493,493,0
1981-03-11T00:00:00+00:00,493,493,493,493,0
1981-03-12T00:00:00+00:00,493,493,493,493,0
1981-03-13T00:00:00+00:00,493,493,493,493,0
1981-03-17T00:00:00+00:00,493,493,493,493,0
1981-03-18T00:00:00+00:00,493,493,493,493,0
1981-03-19T00:00:00+00:00,493,493,493,493,0
1981-03-20T00:00:00+00:00,493,493,493,493,0
1981-03-24T00:00:00+00:00,493,493,493,493,0
1981-03-25T00:00:00+00:00,493,493,493,493,0
1981-03-26T00:00:00+00:00,493,493,493,493,0
1981-03-27T00:00:00+00:00,493,493,493,493,0
1981-03-31T00:00:00+00:00,493,493,493,493,0
1981-04-01T00:00:00+00:00,493,493,493,493,0
1981-04-02T00:00:00+00:00,493,493,493,493,0
1981-04-03T00:00:00+00:00,493,493,493,493,0
1981-04-07T00:00:00+00:00,493,493,493,493,0
1981-04-08T00:00:00+00:00,493,493,493,493,0
1981-04-09T00:00:00+00:00,493,493,493,493,0
1981-04-10T00:00:00+00:00,493,493,493,493,0
1981-04-14T00:00:00+00:00,493,493,493,493,0
1981-04-15T00:00:00+00:00,493,493,493,493,0
1981-04-16T00:00:00+00:00,493,493,493,493,0
1981-04-17T00:00:00+00:00,493,493,493,493,0
1981-04-22T00:00:00+00:00,511,511,511,511,0
1981-04-23T00:00:00+00:00,511,511,511,511,0
1981-04-24T00:00:00+00:00,511,511,511,511,0
1981-04-28T00:00:00+00:00,511,511,511,511,0
1981-04-29T00:00:00+00:00,511,511,511,511,0
1981-04-30T00:00:00+00:00,511,511,511,511,0
1981-05-01T00:00:00+00:00,510.4,510.4,510.4,510.4,0
1981-05-05T00:00:00+00:00,510.4,510.4,510.4,510.4,0
1981-05-06T00:00:00+00:00,510.4,510.4,510.4,510.4,0
1981-05-07T00:00:00+00:00,510.4,510.4,510.4,510.4,0
1981-05-08T00:00:00+00:00,510.4,510.4,510.4,510.4,0
1981-05-12T00:00:00+00:00,510.4,510.4,510.4,510.4,0
1981-05-13T00:00:00+00:00,510.4,510.4,510.4,510.4,0
1981-05-14T00:00:00+00:00,510.4,510.4,510.4,510.4,0
1981-05-15T00:00:00+00:00,510.4,510.4,510.4,510.4,0
1981-05-19T00:00:00+00:00,510.4,510.4,510.4,510.4,0
1981-05-20T00:00:00+00:00,510.4,510.4,510.4,510.4,0
1981-05-21T00:00:00+00:00,510.4,510.4,510.4,510.4,0
1981-05-22T00:00:00+00:00,510.4,510.4,510.4,510.4,0
1981-05-26T00:00:00+00:00,510.4,510.4,510.4,510.4,0
1981-05-27T00:00:00+00:00,510.4,510.4,510.4,510.4,0
1981-05-28T00:00:00+00:00,510.4,510.4,510.4,510.4,0
1981-06-02T00:00:00+00:00,502.1,502.1,502.1,502.1,0
1981-06-03T00:00:00+00:00,502.1,502.1,502.1,502.1,0
1981-06-04T00:00:00+00:00,502.1,502.1,502.1,502.1,0
1981-06-05T00:00:00+00:00,502.1,502.1,502.1,502.1,0
1981-06-10T00:00:00+00:00,512,512,512,512,0
1981-06-11T00:00:00+00:00,512,512,512,512,0
1981-06-12T00:00:00+00:00,512,512,512,512,0
1981-06-16T00:00:00+00:00,512,512,512,512,0
1981-06-17T00:00:00+00:00,512,512,512,512,0
1981-06-23T00:00:00+00:00,529.5,529.5,529.5,529.5,0
1981-06-24T00:00:00+00:00,529.5,529.5,529.5,529.5,0
1981-06-25T00:00:00+00:00,529.5,529.5,529.5,529.5,0
1981-06-26T00:00:00+00:00,529.5,529.5,529.5,529.5,0
1981-06-30T00:00:00+00:00,529.5,529.5,529.5,529.5,0
1981-07-01T00:00:00+00:00,529.5,529.5,529.5,529.5,0
1981-07-02T00:00:00+00:00,529.5,529.5,529.5,529.5,0
1981-07-03T00:00:00+00:00,529.5,529.5,529.5,529.5,0
1981-07-07T00:00:00+00:00,529.5,529.5,529.5,529.5,0
1981-07-08T00:00:00+00:00,529.5,529.5,529.5,529.5,0
1981-07-09T00:00:00+00:00,529.5,529.5,529.5,529.5,0
1981-07-10T00:00:00+00:00,529.5,529.5,529.5,529.5,0
1981-07-14T00:00:00+00:00,529.5,529.5,529.5,529.5,0
1981-07-15T00:00:00+00:00,529.5,529.5,529.5,529.5,0
1981-07-16T00:00:00+00:00,529.5,529.5,529.5,529.5,0
1981-07-17T00:00:00+00:00,529.5,529.5,529.5,529.5,0
1981-07-21T00:00:00+00:00,529.5,529.5,529.5,529.5,0
1981-07-22T00:00:00+00:00,529.5,529.5,529.5,529.5,0
1981-07-23T00:00:00+00:00,529.5,529.5,529.5,529.5,0
1981-07-24T00:00:00+00:00,529.5,529.5,529.5,529.5,0
1981-07-28T00:00:00+00:00,529.5,529.5,529.5,529.5,0
1981-07-29T00:00:00+00:00,529.5,529.5,529.5,529.5,0
1981-07-30T00:00:00+00:00,529.5,529.5,529.5,529.5,0
1981-07-31T00:00:00+00:00,529.5,529.5,529.5,529.5,0
1981-08-04T00:00:00+00:00,529.5,529.5,529.5,529.5,0
1981-08-05T00:00:00+00:00,529.5,529.5,529.5,529.5,0
1981-08-06T00:00:00+00:00,529.5,529.5,529.5,529.5,0
1981-08-07T00:00:00+00:00,529.5,529.5,529.5,529.5,0
1981-08-11T00:00:00+00:00,529.5,529.5,529.5,529.5,0
1981-08-12T00:00:00+00:00,529.5,529.5,529.5,529.5,0
1981-08-13T00:00:00+00:00,529.5,529.5,529.5,529.5,0
1981-08-14T00:00:00+00:00,529.5,529.5,529.5,529.5,0
1981-08-18T00:00:00+00:00,529.5,529.5,529.5,529.5,0
1981-08-19T00:00:00+00:00,529.5,529.5,529.5,529.5,0
1981-08-20T00:00:00+00:00,529.5,529.5,529.5,529.5,0
1981-08-21T00:00:00+00:00,529.5,529.5,529.5,529.5,0
1981-08-25T00:00:00+00:00,529.5,529.5,529.5,529.5,0
1981-08-26T00:00:00+00:00,529.5,529.5,529.5,529.5,0
1981-08-27T00:00:00+00:00,529.5,529.5,529.5,529.5,0
1981-08-28T00:00:00+00:00,529.5,529.5,529.5,529.5,0
1981-09-01T00:00:00+00:00,529.5,529.5,529.5,529.5,0
1981-09-02T00:00:00+00:00,529.5,529.5,529.5,529.5,0
1981-09-03T00:00:00+00:00,529.5,529.5,529.5,529.5,0
1981-09-04T00:00:00+00:00,529.5,529.5,529.5,529.5,0
1981-09-08T00:00:00+00:00,529.5,529.5,529.5,529.5,0
1981-09-09T00:00:00+00:00,529.5,529.5,529.5,529.5,0
1981-09-10T00:00:00+00:00,529.5,529.5,529.5,529.5,0
1981-09-11T00:00:00+00:00,529.5,529.5,529.5,529.5,0
1981-09-15T00:00:00+00:00,529.5,529.5,529.5,529.5,0
1981-09-16T00:00:00+00:00,529.5,529.5,529.5,529.5,0
1981-09-17T00:00:00+00:00,529.5,529.5,529.5,529.5,0
1981-09-18T00:00:00+00:00,529.5,529.5,529.5,529.5,0
1981-09-22T00:00:00+00:00,529.5,529.5,529.5,529.5,0
1981-09-23T00:00:00+00:00,529.5,529.5,529.5,529.5,0
1981-09-24T00:00:00+00:00,529.5,529.5,529.5,529.5,0
1981-09-25T00:00:00+00:00,529.5,529.5,529.5,529.5,0
1981-09-29T00:00:00+00:00,529.5,529.5,529.5,529.5,0
1981-09-30T00:00:00+00:00,529.5,529.5,529.5,529.5,0
1981-10-01T00:00:00+00:00,529.5,529.5,529.5,529.5,0
1981-10-02T00:00:00+00:00,529.5,529.5,529.5,529.5,0
1981-10-06T00:00:00+00:00,529.5,529.5,529.5,529.5,0
1981-10-07T00:00:00+00:00,529.5,529.5,529.5,529.5,0
1981-10-08T00:00:00+00:00,529.5,529.5,529.5,529.5,0
1981-10-09T00:00:00+00:00,529.5,529.5,529.5,529.5,0
1981-10-13T00:00:00+00:00,529.5,529.5,529.5,529.5,0
1981-10-14T00:00:00+00:00,529.5,529.5,529.5,529.5,0
1981-10-15T00:00:00+00:00,529.5,529.5,529.5,529.5,0
1981-10-16T00:00:00+00:00,529.5,529.5,529.5,529.5,0
1981-10-20T00:00:00+00:00,529.5,529.5,529.5,529.5,0
1981-10-21T00:00:00+00:00,529.5,529.5,529.5,529.5,0
1981-10-22T00:00:00+00:00,529.5,529.5,529.5,529.5,0
1981-10-23T00:00:00+00:00,529.5,529.5,529.5,529.5,0
1981-10-27T00:00:00+00:00,529.5,529.5,529.5,529.5,0
1981-10-28T00:00:00+00:00,529.5,529.5,529.5,529.5,0
1981-10-29T00:00:00+00:00,529.5,529.5,529.5,529.5,0
1981-10-30T00:00:00+00:00,529.5,529.5,529.5,529.5,0
1981-11-03T00:00:00+00:00,529.5,529.5,529.5,529.5,0
1981-11-04T00:00:00+00:00,529.5,529.5,529.5,529.5,0
1981-11-05T00:00:00+00:00,529.5,529.5,529.5,529.5,0
1981-11-06T00:00:00+00:00,529.5,529.5,529.5,529.5,0
1981-11-10T00:00:00+00:00,529.5,529.5,529.5,529.5,0
1981-11-11T00:00:00+00:00,529.5,529.5,529.5,529.5,0
1981-11-12T00:00:00+00:00,529.5,529.5,529.5,529.5,0
1981-11-13T00:00:00+00:00,529.5,529.5,529.5,529.5,0
1981-11-17T00:00:00+00:00,529.5,529.5,529.5,529.5,0
1981-11-18T00:00:00+00:00,529.5,529.5,529.5,529.5,0
1981-11-20T00:00:00+00:00,493.7,493.7,493.7,493.7,0
1981-11-24T00:00:00+00:00,493.7,493.7,493.7,493.7,0
1981-11-25T00:00:00+00:00,493.7,493.7,493.7,493.7,0
1981-11-26T00:00:00+00:00,493.7,493.7,493.7,493.7,0
1981-11-27T00:00:00+00:00,493.7,493.7,493.7,493.7,0
1981-12-01T00:00:00+00:00,493.7,493.7,493.7,493.7,0
1981-12-02T00:00:00+00:00,493.7,493.7,493.7,493.7,0
1981-12-03T00:00:00+00:00,493.7,493.7,493.7,493.7,0
1981-12-04T00:00:00+00:00,493.7,493.7,493.7,493.7,0
1981-12-08T00:00:00+00:00,493.7,493.7,493.7,493.7,0
1981-12-09T00:00:00+00:00,493.7,493.7,493.7,493.7,0
1981-12-10T00:00:00+00:00,493.7,493.7,493.7,493.7,0
1981-12-11T00:00:00+00:00,493.7,493.7,493.7,493.7,0
1981-12-15T00:00:00+00:00,493.7,493.7,493.7,493.7,0
1981-12-16T00:00:00+00:00,493.7,493.7,493.7,493.7,0
1981-12-17T00:00:00+00:00,493.7,493.7,493.7,493.7,0
1981-12-18T00:00:00+00:00,493.7,493.7,493.7,493.7,0
1981-12-22T00:00:00+00:00,493.7,493.7,493.7,493.7,0
1981-12-23T00:00:00+00:00,493.7,493.7,493.7,493.7,0
1981-12-24T00:00:00+00:00,493.7,493.7,493.7,493.7,0
1981-12-29T00:00:00+00:00,493.7,493.7,493.7,493.7,0
1981-12-30T00:00:00+00:00,493.7,493.7,493.7,493.7,0
1981-12-31T00:00:00+00:00,490.4,490.4,490.4,490.4,0
1982-01-05T00:00:00+00:00,490.4,490.4,490.4,490.4,0
1982-01-06T00:00:00+00:00,490.4,490.4,490.4,490.4,0
1982-01-07T00:00:00+00:00,490.4,490.4,490.4,490.4,0
1982-01-08T00:00:00+00:00,490.4,490.4,490.4,490.4,0
1982-01-12T00:00:00+00:00,490.4,490.4,490.4,490.4,0
1982-01-13T00:00:00+00:00,490.4,490.4,490.4,490.4,0
1982-01-14T00:00:00+00:00,490.4,490.4,490.4,490.4,0
1982-01-15T00:00:00+00:00,490.4,490.4,490.4,490.4,0
1982-01-19T00:00:00+00:00,490.4,490.4,490.4,490.4,0
1982-01-20T00:00:00+00:00,490.4,490.4,490.4,490.4,0
1982-01-21T00:00:00+00:00,490.4,490.4,490.4,490.4,0
1982-01-22T00:00:00+00:00,490.4,490.4,490.4,490.4,0
1982-01-26T00:00:00+00:00,490.4,490.4,490.4,490.4,0
1982-01-27T00:00:00+00:00,490.4,490.4,490.4,490.4,0
1982-01-28T00:00:00+00:00,490.4,490.4,490.4,490.4,0
1982-01-29T00:00:00+00:00,490.4,490.4,490.4,490.4,0
1982-02-02T00:00:00+00:00,490.4,490.4,490.4,490.4,0
1982-02-03T00:00:00+00:00,490.4,490.4,490.4,490.4,0
1982-02-04T00:00:00+00:00,490.4,490.4,490.4,490.4,0
1982-02-05T00:00:00+00:00,490.4,490.4,490.4,490.4,0
1982-02-09T00:00:00+00:00,490.4,490.4,490.4,490.4,0
1982-02-10T00:00:00+00:00,490.4,490.4,490.4,490.4,0
1982-02-11T00:00:00+00:00,490.4,490.4,490.4,490.4,0
1982-02-12T00:00:00+00:00,490.4,490.4,490.4,490.4,0
1982-02-16T00:00:00+00:00,490.4,490.4,490.4,490.4,0
1982-02-17T00:00:00+00:00,490.4,490.4,490.4,490.4,0
1982-02-18T00:00:00+00:00,490.4,490.4,490.4,490.4,0
1982-02-19T00:00:00+00:00,490.4,490.4,490.4,490.4,0
1982-02-23T00:00:00+00:00,490.4,490.4,490.4,490.4,0
1982-02-24T00:00:00+00:00,490.4,490.4,490.4,490.4,0
1982-02-25T00:00:00+00:00,490.4,490.4,490.4,490.4,0
1982-02-26T00:00:00+00:00,490.4,490.4,490.4,490.4,0
1982-03-02T00:00:00+00:00,490.4,490.4,490.4,490.4,0
1982-03-03T00:00:00+00:00,490.4,490.4,490.4,490.4,0
1982-03-04T00:00:00+00:00,490.4,490.4,490.4,490.4,0
1982-03-05T00:00:00+00:00,490.4,490.4,490.4,490.4,0
1982-03-09T00:00:00+00:00,490.4,490.4,490.4,490.4,0
1982-03-10T00:00:00+00:00,490.4,490.4,490.4,490.4,0
1982-03-11T00:00:00+00:00,490.4,490.4,490.4,490.4,0
1982-03-12T00:00:00+00:00,490.4,490.4,490.4,490.4,0
1982-03-16T00:00:00+00:00,490.4,490.4,490.4,490.4,0
1982-03-17T00:00:00+00:00,490.4,490.4,490.4,490.4,0
1982-03-18T00:00:00+00:00,490.4,490.4,490.4,490.4,0
1982-03-19T00:00:00+00:00,490.4,490.4,490.4,490.4,0
1982-03-23T00:00:00+00:00,490.4,490.4,490.4,490.4,0
1982-03-24T00:00:00+00:00,490.4,490.4,490.4,490.4,0
1982-03-25T00:00:00+00:00,490.4,490.4,490.4,490.4,0
1982-03-26T00:00:00+00:00,490.4,490.4,490.4,490.4,0
1982-03-30T00:00:00+00:00,490.4,490.4,490.4,490.4,0
1982-03-31T00:00:00+00:00,490.4,490.4,490.4,490.4,0
1982-04-01T00:00:00+00:00,490.4,490.4,490.4,490.4,0
1982-04-02T00:00:00+00:00,490.4,490.4,490.4,490.4,0
1982-04-06T00:00:00+00:00,490.4,490.4,490.4,490.4,0
1982-04-07T00:00:00+00:00,490.4,490.4,490.4,490.4,0
1982-04-08T00:00:00+00:00,490.4,490.4,490.4,490.4,0
1982-04-09T00:00:00+00:00,490.4,490.4,490.4,490.4,0
1982-04-14T00:00:00+00:00,529.3,529.3,529.3,529.3,0
1982-04-15T00:00:00+00:00,529.3,529.3,529.3,529.3,0
1982-04-16T00:00:00+00:00,529.3,529.3,529.3,529.3,0
1982-04-20T00:00:00+00:00,529.3,529.3,529.3,529.3,0
1982-04-21T00:00:00+00:00,529.3,529.3,529.3,529.3,0
1982-04-22T00:00:00+00:00,529.3,529.3,529.3,529.3,0
1982-04-23T00:00:00+00:00,529.3,529.3,529.3,529.3,0
1982-04-27T00:00:00+00:00,529.3,529.3,529.3,529.3,0
1982-04-28T00:00:00+00:00,529.3,529.3,529.3,529.3,0
1982-04-29T00:00:00+00:00,529.3,529.3,529.3,529.3,0
1982-04-30T00:00:00+00:00,529.3,529.3,529.3,529.3,0
1982-05-04T00:00:00+00:00,529.3,529.3,529.3,529.3,0
1982-05-05T00:00:00+00:00,529.3,529.3,529.3,529.3,0
1982-05-06T00:00:00+00:00,529.3,529.3,529.3,529.3,0
1982-05-07T00:00:00+00:00,529.3,529.3,529.3,529.3,0
1982-05-11T00:00:00+00:00,529.3,529.3,529.3,529.3,0
1982-05-12T00:00:00+00:00,529.3,529.3,529.3,529.3,0
1982-05-13T00:00:00+00:00,529.3,529.3,529.3,529.3,0
1982-05-14T00:00:00+00:00,529.3,529.3,529.3,529.3,0
1982-05-18T00:00:00+00:00,529.3,529.3,529.3,529.3,0
1982-05-19T00:00:00+00:00,529.3,529.3,529.3,529.3,0
1982-05-20T00:00:00+00:00,529.3,529.3,529.3,529.3,0
1982-05-25T00:00:00+00:00,507.5,507.5,507.5,507.5,0
1982-05-26T00:00:00+00:00,507.5,507.5,507.5,507.5,0
1982-05-27T00:00:00+00:00,507.5,507.5,507.5,507.5,0
1982-05-28T00:00:00+00:00,507.5,507.5,507.5,507.5,0
1982-06-02T00:00:00+00:00,512.8,512.8,512.8,512.8,0
1982-06-03T00:00:00+00:00,512.8,512.8,512.8,512.8,0
1982-06-04T00:00:00+00:00,512.8,512.8,512.8,512.8,0
1982-06-08T00:00:00+00:00,512.8,512.8,512.8,512.8,0
1982-06-09T00:00:00+00:00,512.8,512.8,512.8,512.8,0
1982-06-10T00:00:00+00:00,512.8,512.8,512.8,512.8,0
1982-06-15T00:00:00+00:00,504.1,504.1,504.1,504.1,0
1982-06-16T00:00:00+00:00,504.1,504.1,504.1,504.1,0
1982-06-17T00:00:00+00:00,504.1,504.1,504.1,504.1,0
1982-06-22T00:00:00+00:00,492.3,492.3,492.3,492.3,0
1982-06-23T00:00:00+00:00,492.3,492.3,492.3,492.3,0
1982-06-24T00:00:00+00:00,492.3,492.3,492.3,492.3,0
1982-06-25T00:00:00+00:00,492.3,492.3,492.3,492.3,0
1982-06-29T00:00:00+00:00,492.3,492.3,492.3,492.3,0
1982-06-30T00:00:00+00:00,492.3,492.3,492.3,492.3,0
1982-07-01T00:00:00+00:00,492.3,492.3,492.3,492.3,0
1982-07-02T00:00:00+00:00,492.3,492.3,492.3,492.3,0
1982-07-06T00:00:00+00:00,492.3,492.3,492.3,492.3,0
1982-07-07T00:00:00+00:00,492.3,492.3,492.3,492.3,0
1982-07-08T00:00:00+00:00,492.3,492.3,492.3,492.3,0
1982-07-09T00:00:00+00:00,492.3,492.3,492.3,492.3,0
1982-07-13T00:00:00+00:00,492.3,492.3,492.3,492.3,0
1982-07-14T00:00:00+00:00,492.3,492.3,492.3,492.3,0
1982-07-15T00:00:00+00:00,492.3,492.3,492.3,492.3,0
1982-07-16T00:00:00+00:00,492.3,492.3,492.3,492.3,0
1982-07-20T00:00:00+00:00,492.3,492.3,492.3,492.3,0
1982-07-21T00:00:00+00:00,492.3,492.3,492.3,492.3,0
1982-07-22T00:00:00+00:00,492.3,492.3,492.3,492.3,0
1982-07-23T00:00:00+00:00,492.3,492.3,492.3,492.3,0
1982-07-27T00:00:00+00:00,492.3,492.3,492.3,492.3,0
1982-07-28T00:00:00+00:00,492.3,492.3,492.3,492.3,0
1982-07-29T00:00:00+00:00,492.3,492.3,492.3,492.3,0
1982-07-30T00:00:00+00:00,492.3,492.3,492.3,492.3,0
1982-08-03T00:00:00+00:00,492.3,492.3,492.3,492.3,0
1982-08-04T00:00:00+00:00,492.3,492.3,492.3,492.3,0
1982-08-05T00:00:00+00:00,492.3,492.3,492.3,492.3,0
1982-08-06T00:00:00+00:00,492.3,492.3,492.3,492.3,0
1982-08-10T00:00:00+00:00,492.3,492.3,492.3,492.3,0
1982-08-11T00:00:00+00:00,492.3,492.3,492.3,492.3,0
1982-08-12T00:00:00+00:00,492.3,492.3,492.3,492.3,0
1982-08-13T00:00:00+00:00,492.3,492.3,492.3,492.3,0
1982-08-17T00:00:00+00:00,492.3,492.3,492.3,492.3,0
1982-08-18T00:00:00+00:00,492.3,492.3,492.3,492.3,0
1982-08-19T00:00:00+00:00,492.3,492.3,492.3,492.3,0
1982-08-20T00:00:00+00:00,492.3,492.3,492.3,492.3,0
1982-08-24T00:00:00+00:00,492.3,492.3,492.3,492.3,0
1982-08-25T00:00:00+00:00,492.3,492.3,492.3,492.3,0
1982-08-26T00:00:00+00:00,492.3,492.3,492.3,492.3,0
1982-08-27T00:00:00+00:00,492.3,492.3,492.3,492.3,0
1982-08-31T00:00:00+00:00,492.3,492.3,492.3,492.3,0
1982-09-01T00:00:00+00:00,492.3,492.3,492.3,492.3,0
1982-09-02T00:00:00+00:00,492.3,492.3,492.3,492.3,0
1982-09-03T00:00:00+00:00,492.3,492.3,492.3,492.3,0
1982-09-07T00:00:00+00:00,492.3,492.3,492.3,492.3,0
1982-09-08T00:00:00+00:00,492.3,492.3,492.3,492.3,0
1982-09-09T00:00:00+00:00,492.3,492.3,492.3,492.3,0
1982-09-10T00:00:00+00:00,492.3,492.3,492.3,492.3,0
1982-09-14T00:00:00+00:00,492.3,492.3,492.3,492.3,0
1982-09-15T00:00:00+00:00,492.3,492.3,492.3,492.3,0
1982-09-16T00:00:00+00:00,492.3,492.3,492.3,492.3,0
1982-09-17T00:00:00+00:00,492.3,492.3,492.3,492.3,0
1982-09-21T00:00:00+00:00,492.3,492.3,492.3,492.3,0
1982-09-22T00:00:00+00:00,492.3,492.3,492.3,492.3,0
1982-09-23T00:00:00+00:00,492.3,492.3,492.3,492.3,0
1982-09-24T00:00:00+00:00,492.3,492.3,492.3,492.3,0
1982-09-28T00:00:00+00:00,492.3,492.3,492.3,492.3,0
1982-09-29T00:00:00+00:00,492.3,492.3,492.3,492.3,0
1982-09-30T00:00:00+00:00,492.3,492.3,492.3,492.3,0
1982-10-01T00:00:00+00:00,492.3,492.3,492.3,492.3,0
1982-10-05T00:00:00+00:00,492.3,492.3,492.3,492.3,0
1982-10-06T00:00:00+00:00,492.3,492.3,492.3,492.3,0
1982-10-07T00:00:00+00:00,492.3,492.3,492.3,492.3,0
1982-10-08T00:00:00+00:00,492.3,492.3,492.3,492.3,0
1982-10-12T00:00:00+00:00,492.3,492.3,492.3,492.3,0
1982-10-13T00:00:00+00:00,492.3,492.3,492.3,492.3,0
1982-10-14T00:00:00+00:00,492.3,492.3,492.3,492.3,0
1982-10-15T00:00:00+00:00,492.3,492.3,492.3,492.3,0
1982-10-19T00:00:00+00:00,492.3,492.3,492.3,492.3,0
1982-10-20T00:00:00+00:00,492.3,492.3,492.3,492.3,0
1982-10-21T00:00:00+00:00,492.3,492.3,492.3,492.3,0
1982-10-22T00:00:00+00:00,492.3,492.3,492.3,492.3,0
1982-10-26T00:00:00+00:00,492.3,492.3,492.3,492.3,0
1982-10-27T00:00:00+00:00,492.3,492.3,492.3,492.3,0
1982-10-28T00:00:00+00:00,492.3,492.3,492.3,492.3,0
1982-10-29T00:00:00+00:00,492.3,492.3,492.3,492.3,0
1982-11-02T00:00:00+00:00,492.3,492.3,492.3,492.3,0
1982-11-03T00:00:00+00:00,492.3,492.3,492.3,492.3,0
1982-11-04T00:00:00+00:00,492.3,492.3,492.3,492.3,0
1982-11-05T00:00:00+00:00,492.3,492.3,492.3,492.3,0
1982-11-09T00:00:00+00:00,492.3,492.3,492.3,492.3,0
1982-11-10T00:00:00+00:00,492.3,492.3,492.3,492.3,0
1982-11-11T00:00:00+00:00,492.3,492.3,492.3,492.3,0
1982-11-12T00:00:00+00:00,492.3,492.3,492.3,492.3,0
1982-11-16T00:00:00+00:00,492.3,492.3,492.3,492.3,0
1982-11-17T00:00:00+00:00,492.3,492.3,492.3,492.3,0
1982-11-19T00:00:00+00:00,527.5,527.5,527.5,527.5,0
1982-11-23T00:00:00+00:00,527.5,527.5,527.5,527.5,0
1982-11-24T00:00:00+00:00,527.5,527.5,527.5,527.5,0
1982-11-25T00:00:00+00:00,527.5,527.5,527.5,527.5,0
1982-11-26T00:00:00+00:00,527.5,527.5,527.5,527.5,0
1982-11-30T00:00:00+00:00,527.5,527.5,527.5,527.5,0
1982-12-01T00:00:00+00:00,527.5,527.5,527.5,527.5,0
1982-12-02T00:00:00+00:00,527.5,527.5,527.5,527.5,0
1982-12-03T00:00:00+00:00,527.5,527.5,527.5,527.5,0
1982-12-07T00:00:00+00:00,527.5,527.5,527.5,527.5,0
1982-12-08T00:00:00+00:00,527.5,527.5,527.5,527.5,0
1982-12-09T00:00:00+00:00,527.5,527.5,527.5,527.5,0
1982-12-10T00:00:00+00:00,527.5,527.5,527.5,527.5,0
1982-12-14T00:00:00+00:00,527.5,527.5,527.5,527.5,0
1982-12-15T00:00:00+00:00,527.5,527.5,527.5,527.5,0
1982-12-16T00:00:00+00:00,527.5,527.5,527.5,527.5,0
1982-12-17T00:00:00+00:00,527.5,527.5,527.5,527.5,0
1982-12-21T00:00:00+00:00,527.5,527.5,527.5,527.5,0
1982-12-22T00:00:00+00:00,527.5,527.5,527.5,527.5,0
1982-12-23T00:00:00+00:00,527.5,527.5,527.5,527.5,0
1982-12-24T00:00:00+00:00,527.5,527.5,527.5,527.5,0
1982-12-28T00:00:00+00:00,527.5,527.5,527.5,527.5,0
1982-12-29T00:00:00+00:00,527.5,527.5,527.5,527.5,0
1982-12-30T00:00:00+00:00,527.5,527.5,527.5,527.5,0
1982-12-31T00:00:00+00:00,552.8,552.8,552.8,552.8,0
1983-01-04T00:00:00+00:00,552.8,552.8,552.8,552.8,0
1983-01-05T00:00:00+00:00,552.8,552.8,552.8,552.8,0
1983-01-06T00:00:00+00:00,552.8,552.8,552.8,552.8,0
1983-01-07T00:00:00+00:00,552.8,552.8,552.8,552.8,0
1983-01-11T00:00:00+00:00,552.8,552.8,552.8,552.8,0
1983-01-12T00:00:00+00:00,552.8,552.8,552.8,552.8,0
1983-01-13T00:00:00+00:00,552.8,552.8,552.8,552.8,0
1983-01-14T00:00:00+00:00,552.8,552.8,552.8,552.8,0
1983-01-18T00:00:00+00:00,552.8,552.8,552.8,552.8,0
1983-01-19T00:00:00+00:00,552.8,552.8,552.8,552.8,0
1983-01-20T00:00:00+00:00,552.8,552.8,552.8,552.8,0
1983-01-21T00:00:00+00:00,552.8,552.8,552.8,552.8,0
1983-01-25T00:00:00+00:00,552.8,552.8,552.8,552.8,0
1983-01-26T00:00:00+00:00,552.8,552.8,552.8,552.8,0
1983-01-27T00:00:00+00:00,552.8,552.8,552.8,552.8,0
1983-01-28T00:00:00+00:00,552.8,552.8,552.8,552.8,0
1983-02-01T00:00:00+00:00,552.8,552.8,552.8,552.8,0
1983-02-02T00:00:00+00:00,552.8,552.8,552.8,552.8,0
1983-02-03T00:00:00+00:00,552.8,552.8,552.8,552.8,0
1983-02-04T00:00:00+00:00,552.8,552.8,552.8,552.8,0
1983-02-08T00:00:00+00:00,552.8,552.8,552.8,552.8,0
1983-02-09T00:00:00+00:00,552.8,552.8,552.8,552.8,0
1983-02-10T00:00:00+00:00,552.8,552.8,552.8,552.8,0
1983-02-11T00:00:00+00:00,552.8,552.8,552.8,552.8,0
1983-02-15T00:00:00+00:00,552.8,552.8,552.8,552.8,0
1983-02-16T00:00:00+00:00,552.8,552.8,552.8,552.8,0
1983-02-17T00:00:00+00:00,552.8,552.8,552.8,552.8,0
1983-02-18T00:00:00+00:00,552.8,552.8,552.8,552.8,0
1983-02-22T00:00:00+00:00,552.8,552.8,552.8,552.8,0
1983-02-23T00:00:00+00:00,552.8,552.8,552.8,552.8,0
1983-02-24T00:00:00+00:00,552.8,552.8,552.8,552.8,0
1983-02-25T00:00:00+00:00,552.8,552.8,552.8,552.8,0
1983-03-01T00:00:00+00:00,552.8,552.8,552.8,552.8,0
1983-03-02T00:00:00+00:00,552.8,552.8,552.8,552.8,0
1983-03-03T00:00:00+00:00,552.8,552.8,552.8,552.8,0
1983-03-04T00:00:00+00:00,552.8,552.8,552.8,552.8,0
1983-03-08T00:00:00+00:00,552.8,552.8,552.8,552.8,0
1983-03-09T00:00:00+00:00,552.8,552.8,552.8,552.8,0
1983-03-10T00:00:00+00:00,552.8,552.8,552.8,552.8,0
1983-03-11T00:00:00+00:00,552.8,552.8,552.8,552.8,0
1983-03-15T00:00:00+00:00,552.8,552.8,552.8,552.8,0
1983-03-16T00:00:00+00:00,552.8,552.8,552.8,552.8,0
1983-03-17T00:00:00+00:00,552.8,552.8,552.8,552.8,0
1983-03-18T00:00:00+00:00,552.8,552.8,552.8,552.8,0
1983-03-22T00:00:00+00:00,552.8,552.8,552.8,552.8,0
1983-03-23T00:00:00+00:00,552.8,552.8,552.8,552.8,0
1983-03-24T00:00:00+00:00,552.8,552.8,552.8,552.8,0
1983-03-25T00:00:00+00:00,552.8,552.8,552.8,552.8,0
1983-03-29T00:00:00+00:00,552.8,552.8,552.8,552.8,0
1983-03-30T00:00:00+00:00,552.8,552.8,552.8,552.8,0
1983-03-31T00:00:00+00:00,552.8,552.8,552.8,552.8,0
1983-04-01T00:00:00+00:00,552.8,552.8,552.8,552.8,0
1983-04-06T00:00:00+00:00,666.2,666.2,666.2,666.2,0
1983-04-07T00:00:00+00:00,666.2,666.2,666.2,666.2,0
1983-04-08T00:00:00+00:00,666.2,666.2,666.2,666.2,0
1983-04-12T00:00:00+00:00,666.2,666.2,666.2,666.2,0
1983-04-13T00:00:00+00:00,666.2,666.2,666.2,666.2,0
1983-04-14T00:00:00+00:00,666.2,666.2,666.2,666.2,0
1983-04-15T00:00:00+00:00,666.2,666.2,666.2,666.2,0
1983-04-19T00:00:00+00:00,666.2,666.2,666.2,666.2,0
1983-04-20T00:00:00+00:00,666.2,666.2,666.2,666.2,0
1983-04-21T00:00:00+00:00,666.2,666.2,666.2,666.2,0
1983-04-22T00:00:00+00:00,666.2,666.2,666.2,666.2,0
1983-04-26T00:00:00+00:00,666.2,666.2,666.2,666.2,0
1983-04-27T00:00:00+00:00,666.2,666.2,666.2,666.2,0
1983-04-28T00:00:00+00:00,666.2,666.2,666.2,666.2,0
1983-04-29T00:00:00+00:00,666.2,666.2,666.2,666.2,0
1983-05-03T00:00:00+00:00,666.2,666.2,666.2,666.2,0
1983-05-04T00:00:00+00:00,666.2,666.2,666.2,666.2,0
1983-05-05T00:00:00+00:00,666.2,666.2,666.2,666.2,0
1983-05-06T00:00:00+00:00,666.2,666.2,666.2,666.2,0
1983-05-10T00:00:00+00:00,666.2,666.2,666.2,666.2,0
1983-05-11T00:00:00+00:00,666.2,666.2,666.2,666.2,0
1983-05-12T00:00:00+00:00,666.2,666.2,666.2,666.2,0
1983-05-17T00:00:00+00:00,677.1,677.1,677.1,677.1,0
1983-05-18T00:00:00+00:00,677.1,677.1,677.1,677.1,0
1983-05-19T00:00:00+00:00,677.1,677.1,677.1,677.1,0
1983-05-20T00:00:00+00:00,677.1,677.1,677.1,677.1,0
1983-05-25T00:00:00+00:00,695.4,695.4,695.4,695.4,0
1983-05-26T00:00:00+00:00,695.4,695.4,695.4,695.4,0
1983-05-27T00:00:00+00:00,695.4,695.4,695.4,695.4,0
1983-05-31T00:00:00+00:00,695.4,695.4,695.4,695.4,0
1983-06-01T00:00:00+00:00,695.4,695.4,695.4,695.4,0
1983-06-02T00:00:00+00:00,695.4,695.4,695.4,695.4,0
1983-06-07T00:00:00+00:00,678.1,678.1,678.1,678.1,0
1983-06-08T00:00:00+00:00,678.1,678.1,678.1,678.1,0
1983-06-09T00:00:00+00:00,678.1,678.1,678.1,678.1,0
1983-06-10T00:00:00+00:00,678.1,678.1,678.1,678.1,0
1983-06-14T00:00:00+00:00,678.1,678.1,678.1,678.1,0
1983-06-15T00:00:00+00:00,678.1,678.1,678.1,678.1,0
1983-06-16T00:00:00+00:00,678.1,678.1,678.1,678.1,0
1983-06-17T00:00:00+00:00,678.1,678.1,678.1,678.1,0
1983-06-21T00:00:00+00:00,678.1,678.1,678.1,678.1,0
1983-06-22T00:00:00+00:00,678.1,678.1,678.1,678.1,0
1983-06-23T00:00:00+00:00,678.1,678.1,678.1,678.1,0
1983-06-24T00:00:00+00:00,678.1,678.1,678.1,678.1,0
1983-06-28T00:00:00+00:00,678.1,678.1,678.1,678.1,0
1983-06-29T00:00:00+00:00,678.1,678.1,678.1,678.1,0
1983-06-30T00:00:00+00:00,678.1,678.1,678.1,678.1,0
1983-07-01T00:00:00+00:00,678.1,678.1,678.1,678.1,0
1983-07-05T00:00:00+00:00,678.1,678.1,678.1,678.1,0
1983-07-06T00:00:00+00:00,678.1,678.1,678.1,678.1,0
1983-07-07T00:00:00+00:00,678.1,678.1,678.1,678.1,0
1983-07-08T00:00:00+00:00,678.1,678.1,678.1,678.1,0
1983-07-12T00:00:00+00:00,678.1,678.1,678.1,678.1,0
1983-07-13T00:00:00+00:00,678.1,678.1,678.1,678.1,0
1983-07-14T00:00:00+00:00,678.1,678.1,678.1,678.1,0
1983-07-15T00:00:00+00:00,678.1,678.1,678.1,678.1,0
1983-07-19T00:00:00+00:00,678.1,678.1,678.1,678.1,0
1983-07-20T00:00:00+00:00,678.1,678.1,678.1,678.1,0
1983-07-21T00:00:00+00:00,678.1,678.1,678.1,678.1,0
1983-07-22T00:00:00+00:00,678.1,678.1,678.1,678.1,0
1983-07-26T00:00:00+00:00,678.1,678.1,678.1,678.1,0
1983-07-27T00:00:00+00:00,678.1,678.1,678.1,678.1,0
1983-07-28T00:00:00+00:00,678.1,678.1,678.1,678.1,0
1983-07-29T00:00:00+00:00,678.1,678.1,678.1,678.1,0
1983-08-02T00:00:00+00:00,678.1,678.1,678.1,678.1,0
1983-08-03T00:00:00+00:00,678.1,678.1,678.1,678.1,0
1983-08-04T00:00:00+00:00,678.1,678.1,678.1,678.1,0
1983-08-05T00:00:00+00:00,678.1,678.1,678.1,678.1,0
1983-08-09T00:00:00+00:00,678.1,678.1,678.1,678.1,0
1983-08-10T00:00:00+00:00,678.1,678.1,678.1,678.1,0
1983-08-11T00:00:00+00:00,678.1,678.1,678.1,678.1,0
1983-08-12T00:00:00+00:00,678.1,678.1,678.1,678.1,0
1983-08-16T00:00:00+00:00,678.1,678.1,678.1,678.1,0
1983-08-17T00:00:00+00:00,678.1,678.1,678.1,678.1,0
1983-08-18T00:00:00+00:00,678.1,678.1,678.1,678.1,0
1983-08-19T00:00:00+00:00,678.1,678.1,678.1,678.1,0
1983-08-23T00:00:00+00:00,678.1,678.1,678.1,678.1,0
1983-08-24T00:00:00+00:00,678.1,678.1,678.1,678.1,0
1983-08-25T00:00:00+00:00,678.1,678.1,678.1,678.1,0
1983-08-26T00:00:00+00:00,678.1,678.1,678.1,678.1,0
1983-08-30T00:00:00+00:00,678.1,678.1,678.1,678.1,0
1983-08-31T00:00:00+00:00,678.1,678.1,678.1,678.1,0
1983-09-01T00:00:00+00:00,678.1,678.1,678.1,678.1,0
1983-09-02T00:00:00+00:00,678.1,678.1,678.1,678.1,0
1983-09-06T00:00:00+00:00,678.1,678.1,678.1,678.1,0
1983-09-07T00:00:00+00:00,678.1,678.1,678.1,678.1,0
1983-09-08T00:00:00+00:00,678.1,678.1,678.1,678.1,0
1983-09-09T00:00:00+00:00,678.1,678.1,678.1,678.1,0
1983-09-13T00:00:00+00:00,678.1,678.1,678.1,678.1,0
1983-09-14T00:00:00+00:00,678.1,678.1,678.1,678.1,0
1983-09-15T00:00:00+00:00,678.1,678.1,678.1,678.1,0
1983-09-16T00:00:00+00:00,678.1,678.1,678.1,678.1,0
1983-09-20T00:00:00+00:00,678.1,678.1,678.1,678.1,0
1983-09-21T00:00:00+00:00,678.1,678.1,678.1,678.1,0
1983-09-22T00:00:00+00:00,678.1,678.1,678.1,678.1,0
1983-09-23T00:00:00+00:00,678.1,678.1,678.1,678.1,0
1983-09-27T00:00:00+00:00,678.1,678.1,678.1,678.1,0
1983-09-28T00:00:00+00:00,678.1,678.1,678.1,678.1,0
1983-09-29T00:00:00+00:00,678.1,678.1,678.1,678.1,0
1983-09-30T00:00:00+00:00,678.1,678.1,678.1,678.1,0
1983-10-04T00:00:00+00:00,678.1,678.1,678.1,678.1,0
1983-10-05T00:00:00+00:00,678.1,678.1,678.1,678.1,0
1983-10-06T00:00:00+00:00,678.1,678.1,678.1,678.1,0
1983-10-07T00:00:00+00:00,678.1,678.1,678.1,678.1,0
1983-10-11T00:00:00+00:00,678.1,678.1,678.1,678.1,0
1983-10-12T00:00:00+00:00,678.1,678.1,678.1,678.1,0
1983-10-13T00:00:00+00:00,678.1,678.1,678.1,678.1,0
1983-10-14T00:00:00+00:00,678.1,678.1,678.1,678.1,0
1983-10-18T00:00:00+00:00,678.1,678.1,678.1,678.1,0
1983-10-19T00:00:00+00:00,678.1,678.1,678.1,678.1,0
1983-10-20T00:00:00+00:00,678.1,678.1,678.1,678.1,0
1983-10-21T00:00:00+00:00,678.1,678.1,678.1,678.1,0
1983-10-25T00:00:00+00:00,678.1,678.1,678.1,678.1,0
1983-10-26T00:00:00+00:00,678.1,678.1,678.1,678.1,0
1983-10-27T00:00:00+00:00,678.1,678.1,678.1,678.1,0
1983-10-28T00:00:00+00:00,678.1,678.1,678.1,678.1,0
1983-11-01T00:00:00+00:00,678.1,678.1,678.1,678.1,0
1983-11-02T00:00:00+00:00,678.1,678.1,678.1,678.1,0
1983-11-03T00:00:00+00:00,678.1,678.1,678.1,678.1,0
1983-11-04T00:00:00+00:00,678.1,678.1,678.1,678.1,0
1983-11-08T00:00:00+00:00,678.1,678.1,678.1,678.1,0
1983-11-09T00:00:00+00:00,678.1,678.1,678.1,678.1,0
1983-11-10T00:00:00+00:00,678.1,678.1,678.1,678.1,0
1983-11-11T00:00:00+00:00,678.1,678.1,678.1,678.1,0
1983-11-15T00:00:00+00:00,678.1,678.1,678.1,678.1,0
1983-11-16T00:00:00+00:00,678.1,678.1,678.1,678.1,0
1983-11-18T00:00:00+00:00,746.4,746.4,746.4,746.4,0
1983-11-22T00:00:00+00:00,746.4,746.4,746.4,746.4,0
1983-11-23T00:00:00+00:00,746.4,746.4,746.4,746.4,0
1983-11-24T00:00:00+00:00,746.4,746.4,746.4,746.4,0
1983-11-25T00:00:00+00:00,746.4,746.4,746.4,746.4,0
1983-11-29T00:00:00+00:00,746.4,746.4,746.4,746.4,0
1983-11-30T00:00:00+00:00,746.4,746.4,746.4,746.4,0
1983-12-01T00:00:00+00:00,746.4,746.4,746.4,746.4,0
1983-12-02T00:00:00+00:00,746.4,746.4,746.4,746.4,0
1983-12-06T00:00:00+00:00,746.4,746.4,746.4,746.4,0
1983-12-07T00:00:00+00:00,746.4,746.4,746.4,746.4,0
1983-12-08T00:00:00+00:00,746.4,746.4,746.4,746.4,0
1983-12-09T00:00:00+00:00,746.4,746.4,746.4,746.4,0
1983-12-13T00:00:00+00:00,746.4,746.4,746.4,746.4,0
1983-12-14T00:00:00+00:00,746.4,746.4,746.4,746.4,0
1983-12-15T00:00:00+00:00,746.4,746.4,746.4,746.4,0
1983-12-16T00:00:00+00:00,746.4,746.4,746.4,746.4,0
1983-12-20T00:00:00+00:00,746.4,746.4,746.4,746.4,0
1983-12-21T00:00:00+00:00,746.4,746.4,746.4,746.4,0
1983-12-22T00:00:00+00:00,746.4,746.4,746.4,746.4,0
1983-12-23T00:00:00+00:00,746.4,746.4,746.4,746.4,0
1983-12-28T00:00:00+00:00,771.3,771.3,771.3,771.3,0
1983-12-29T00:00:00+00:00,771.3,771.3,771.3,771.3,0
1983-12-30T00:00:00+00:00,771.3,771.3,771.3,771.3,0
1984-01-03T00:00:00+00:00,771.3,771.3,771.3,771.3,0
1984-01-04T00:00:00+00:00,771.3,771.3,771.3,771.3,0
1984-01-05T00:00:00+00:00,771.3,771.3,771.3,771.3,0
1984-01-06T00:00:00+00:00,771.3,771.3,771.3,771.3,0
1984-01-10T00:00:00+00:00,771.3,771.3,771.3,771.3,0
1984-01-11T00:00:00+00:00,771.3,771.3,771.3,771.3,0
1984-01-12T00:00:00+00:00,771.3,771.3,771.3,771.3,0
1984-01-13T00:00:00+00:00,771.3,771.3,771.3,771.3,0
1984-01-17T00:00:00+00:00,771.3,771.3,771.3,771.3,0
1984-01-18T00:00:00+00:00,771.3,771.3,771.3,771.3,0
1984-01-19T00:00:00+00:00,771.3,771.3,771.3,771.3,0
1984-01-20T00:00:00+00:00,771.3,771.3,771.3,771.3,0
1984-01-24T00:00:00+00:00,771.3,771.3,771.3,771.3,0
1984-01-25T00:00:00+00:00,771.3,771.3,771.3,771.3,0
1984-01-26T00:00:00+00:00,771.3,771.3,771.3,771.3,0
1984-01-27T00:00:00+00:00,771.3,771.3,771.3,771.3,0
1984-01-31T00:00:00+00:00,771.3,771.3,771.3,771.3,0
1984-02-01T00:00:00+00:00,771.3,771.3,771.3,771.3,0
1984-02-02T00:00:00+00:00,771.3,771.3,771.3,771.3,0
1984-02-03T00:00:00+00:00,771.3,771.3,771.3,771.3,0
1984-02-07T00:00:00+00:00,771.3,771.3,771.3,771.3,0
1984-02-08T00:00:00+00:00,771.3,771.3,771.3,771.3,0
1984-02-09T00:00:00+00:00,771.3,771.3,771.3,771.3,0
1984-02-10T00:00:00+00:00,771.3,771.3,771.3,771.3,0
1984-02-14T00:00:00+00:00,771.3,771.3,771.3,771.3,0
1984-02-15T00:00:00+00:00,771.3,771.3,771.3,771.3,0
1984-02-16T00:00:00+00:00,771.3,771.3,771.3,771.3,0
1984-02-17T00:00:00+00:00,771.3,771.3,771.3,771.3,0
1984-02-21T00:00:00+00:00,771.3,771.3,771.3,771.3,0
1984-02-22T00:00:00+00:00,771.3,771.3,771.3,771.3,0
1984-02-23T00:00:00+00:00,771.3,771.3,771.3,771.3,0
1984-02-24T00:00:00+00:00,771.3,771.3,771.3,771.3,0
1984-02-28T00:00:00+00:00,771.3,771.3,771.3,771.3,0
1984-02-29T00:00:00+00:00,771.3,771.3,771.3,771.3,0
1984-03-01T00:00:00+00:00,771.3,771.3,771.3,771.3,0
1984-03-02T00:00:00+00:00,771.3,771.3,771.3,771.3,0
1984-03-06T00:00:00+00:00,771.3,771.3,771.3,771.3,0
1984-03-07T00:00:00+00:00,771.3,771.3,771.3,771.3,0
1984-03-08T00:00:00+00:00,771.3,771.3,771.3,771.3,0
1984-03-09T00:00:00+00:00,771.3,771.3,771.3,771.3,0
1984-03-13T00:00:00+00:00,771.3,771.3,771.3,771.3,0
1984-03-14T00:00:00+00:00,771.3,771.3,771.3,771.3,0
1984-03-15T00:00:00+00:00,771.3,771.3,771.3,771.3,0
1984-03-16T00:00:00+00:00,771.3,771.3,771.3,771.3,0
1984-03-20T00:00:00+00:00,771.3,771.3,771.3,771.3,0
1984-03-21T00:00:00+00:00,771.3,771.3,771.3,771.3,0
1984-03-22T00:00:00+00:00,771.3,771.3,771.3,771.3,0
1984-03-23T00:00:00+00:00,771.3,771.3,771.3,771.3,0
1984-03-27T00:00:00+00:00,771.3,771.3,771.3,771.3,0
1984-03-28T00:00:00+00:00,771.3,771.3,771.3,771.3,0
1984-03-29T00:00:00+00:00,771.3,771.3,771.3,771.3,0
1984-03-30T00:00:00+00:00,771.3,771.3,771.3,771.3,0
1984-04-03T00:00:00+00:00,771.3,771.3,771.3,771.3,0
1984-04-04T00:00:00+00:00,771.3,771.3,771.3,771.3,0
1984-04-05T00:00:00+00:00,771.3,771.3,771.3,771.3,0
1984-04-06T00:00:00+00:00,771.3,771.3,771.3,771.3,0
1984-04-10T00:00:00+00:00,771.3,771.3,771.3,771.3,0
1984-04-11T00:00:00+00:00,771.3,771.3,771.3,771.3,0
1984-04-12T00:00:00+00:00,771.3,771.3,771.3,771.3,0
1984-04-13T00:00:00+00:00,771.3,771.3,771.3,771.3,0
1984-04-17T00:00:00+00:00,771.3,771.3,771.3,771.3,0
1984-04-18T00:00:00+00:00,771.3,771.3,771.3,771.3,0
1984-04-19T00:00:00+00:00,771.3,771.3,771.3,771.3,0
1984-04-20T00:00:00+00:00,771.3,771.3,771.3,771.3,0
1984-04-25T00:00:00+00:00,768.1,768.1,768.1,768.1,0
1984-04-26T00:00:00+00:00,768.1,768.1,768.1,768.1,0
1984-04-27T00:00:00+00:00,768.1,768.1,768.1,768.1,0
1984-05-01T00:00:00+00:00,776.1,776.1,776.1,776.1,0
1984-05-03T00:00:00+00:00,784.9,784.9,784.9,784.9,0
1984-05-04T00:00:00+00:00,784.9,784.9,784.9,784.9,0
1984-05-08T00:00:00+00:00,784.9,784.9,784.9,784.9,0
1984-05-09T00:00:00+00:00,784.9,784.9,784.9,784.9,0
1984-05-10T00:00:00+00:00,784.9,784.9,784.9,784.9,0
1984-05-11T00:00:00+00:00,784.9,784.9,784.9,784.9,0
1984-05-15T00:00:00+00:00,784.9,784.9,784.9,784.9,0
1984-05-16T00:00:00+00:00,784.9,784.9,784.9,784.9,0
1984-05-17T00:00:00+00:00,784.9,784.9,784.9,784.9,0
1984-05-18T00:00:00+00:00,784.9,784.9,784.9,784.9,0
1984-05-22T00:00:00+00:00,784.9,784.9,784.9,784.9,0
1984-05-23T00:00:00+00:00,784.9,784.9,784.9,784.9,0
1984-05-24T00:00:00+00:00,784.9,784.9,784.9,784.9,0
1984-05-25T00:00:00+00:00,784.9,784.9,784.9,784.9,0
1984-05-29T00:00:00+00:00,784.9,784.9,784.9,784.9,0
1984-05-30T00:00:00+00:00,784.9,784.9,784.9,784.9,0
1984-05-31T00:00:00+00:00,784.9,784.9,784.9,784.9,0
1984-06-05T00:00:00+00:00,752.4,752.4,752.4,752.4,0
1984-06-06T00:00:00+00:00,752.4,752.4,752.4,752.4,0
1984-06-07T00:00:00+00:00,752.4,752.4,752.4,752.4,0
1984-06-08T00:00:00+00:00,752.4,752.4,752.4,752.4,0
1984-06-13T00:00:00+00:00,755.2,755.2,755.2,755.2,0
1984-06-14T00:00:00+00:00,755.2,755.2,755.2,755.2,0
1984-06-15T00:00:00+00:00,755.2,755.2,755.2,755.2,0
1984-06-19T00:00:00+00:00,755.2,755.2,755.2,755.2,0
1984-06-20T00:00:00+00:00,755.2,755.2,755.2,755.2,0
1984-06-21T00:00:00+00:00,755.2,755.2,755.2,755.2,0
1984-06-26T00:00:00+00:00,745.2,745.2,745.2,745.2,0
1984-06-27T00:00:00+00:00,745.2,745.2,745.2,745.2,0
1984-06-28T00:00:00+00:00,745.2,745.2,745.2,745.2,0
1984-06-29T00:00:00+00:00,745.2,745.2,745.2,745.2,0
1984-07-03T00:00:00+00:00,745.2,745.2,745.2,745.2,0
1984-07-04T00:00:00+00:00,745.2,745.2,745.2,745.2,0
1984-07-05T00:00:00+00:00,745.2,745.2,745.2,745.2,0
1984-07-06T00:00:00+00:00,745.2,745.2,745.2,745.2,0
1984-07-10T00:00:00+00:00,745.2,745.2,745.2,745.2,0
1984-07-11T00:00:00+00:00,745.2,745.2,745.2,745.2,0
1984-07-12T00:00:00+00:00,745.2,745.2,745.2,745.2,0
1984-07-13T00:00:00+00:00,745.2,745.2,745.2,745.2,0
1984-07-17T00:00:00+00:00,745.2,745.2,745.2,745.2,0
1984-07-18T00:00:00+00:00,745.2,745.2,745.2,745.2,0
1984-07-19T00:00:00+00:00,745.2,745.2,745.2,745.2,0
1984-07-20T00:00:00+00:00,745.2,745.2,745.2,745.2,0
1984-07-24T00:00:00+00:00,745.2,745.2,745.2,745.2,0
1984-07-25T00:00:00+00:00,745.2,745.2,745.2,745.2,0
1984-07-26T00:00:00+00:00,745.2,745.2,745.2,745.2,0
1984-07-27T00:00:00+00:00,745.2,745.2,745.2,745.2,0
1984-07-31T00:00:00+00:00,745.2,745.2,745.2,745.2,0
1984-08-01T00:00:00+00:00,745.2,745.2,745.2,745.2,0
1984-08-02T00:00:00+00:00,745.2,745.2,745.2,745.2,0
1984-08-03T00:00:00+00:00,745.2,745.2,745.2,745.2,0
1984-08-07T00:00:00+00:00,745.2,745.2,745.2,745.2,0
1984-08-08T00:00:00+00:00,745.2,745.2,745.2,745.2,0
1984-08-09T00:00:00+00:00,745.2,745.2,745.2,745.2,0
1984-08-10T00:00:00+00:00,745.2,745.2,745.2,745.2,0
1984-08-14T00:00:00+00:00,745.2,745.2,745.2,745.2,0
1984-08-15T00:00:00+00:00,745.2,745.2,745.2,745.2,0
1984-08-16T00:00:00+00:00,745.2,745.2,745.2,745.2,0
1984-08-17T00:00:00+00:00,745.2,745.2,745.2,745.2,0
1984-08-21T00:00:00+00:00,745.2,745.2,745.2,745.2,0
1984-08-22T00:00:00+00:00,745.2,745.2,745.2,745.2,0
1984-08-23T00:00:00+00:00,745.2,745.2,745.2,745.2,0
1984-08-24T00:00:00+00:00,745.2,745.2,745.2,745.2,0
1984-08-28T00:00:00+00:00,745.2,745.2,745.2,745.2,0
1984-08-29T00:00:00+00:00,745.2,745.2,745.2,745.2,0
1984-08-30T00:00:00+00:00,745.2,745.2,745.2,745.2,0
1984-08-31T00:00:00+00:00,745.2,745.2,745.2,745.2,0
1984-09-04T00:00:00+00:00,745.2,745.2,745.2,745.2,0
1984-09-05T00:00:00+00:00,745.2,745.2,745.2,745.2,0
1984-09-06T00:00:00+00:00,745.2,745.2,745.2,745.2,0
1984-09-07T00:00:00+00:00,745.2,745.2,745.2,745.2,0
1984-09-11T00:00:00+00:00,745.2,745.2,745.2,745.2,0
1984-09-12T00:00:00+00:00,745.2,745.2,745.2,745.2,0
1984-09-13T00:00:00+00:00,745.2,745.2,745.2,745.2,0
1984-09-14T00:00:00+00:00,745.2,745.2,745.2,745.2,0
1984-09-18T00:00:00+00:00,745.2,745.2,745.2,745.2,0
1984-09-19T00:00:00+00:00,745.2,745.2,745.2,745.2,0
1984-09-20T00:00:00+00:00,745.2,745.2,745.2,745.2,0
1984-09-21T00:00:00+00:00,745.2,745.2,745.2,745.2,0
1984-09-25T00:00:00+00:00,745.2,745.2,745.2,745.2,0
1984-09-26T00:00:00+00:00,745.2,745.2,745.2,745.2,0
1984-09-27T00:00:00+00:00,745.2,745.2,745.2,745.2,0
1984-09-28T00:00:00+00:00,745.2,745.2,745.2,745.2,0
1984-10-02T00:00:00+00:00,745.2,745.2,745.2,745.2,0
1984-10-03T00:00:00+00:00,745.2,745.2,745.2,745.2,0
1984-10-04T00:00:00+00:00,745.2,745.2,745.2,745.2,0
1984-10-05T00:00:00+00:00,745.2,745.2,745.2,745.2,0
1984-10-09T00:00:00+00:00,745.2,745.2,745.2,745.2,0
1984-10-10T00:00:00+00:00,745.2,745.2,745.2,745.2,0
1984-10-11T00:00:00+00:00,745.2,745.2,745.2,745.2,0
1984-10-12T00:00:00+00:00,745.2,745.2,745.2,745.2,0
1984-10-16T00:00:00+00:00,745.2,745.2,745.2,745.2,0
1984-10-17T00:00:00+00:00,745.2,745.2,745.2,745.2,0
1984-10-18T00:00:00+00:00,745.2,745.2,745.2,745.2,0
1984-10-19T00:00:00+00:00,745.2,745.2,745.2,745.2,0
1984-10-23T00:00:00+00:00,745.2,745.2,745.2,745.2,0
1984-10-24T00:00:00+00:00,745.2,745.2,745.2,745.2,0
1984-10-25T00:00:00+00:00,745.2,745.2,745.2,745.2,0
1984-10-26T00:00:00+00:00,745.2,745.2,745.2,745.2,0
1984-10-30T00:00:00+00:00,745.2,745.2,745.2,745.2,0
1984-10-31T00:00:00+00:00,745.2,745.2,745.2,745.2,0
1984-11-01T00:00:00+00:00,745.2,745.2,745.2,745.2,0
1984-11-02T00:00:00+00:00,745.2,745.2,745.2,745.2,0
1984-11-06T00:00:00+00:00,745.2,745.2,745.2,745.2,0
1984-11-07T00:00:00+00:00,745.2,745.2,745.2,745.2,0
1984-11-08T00:00:00+00:00,745.2,745.2,745.2,745.2,0
1984-11-09T00:00:00+00:00,745.2,745.2,745.2,745.2,0
1984-11-13T00:00:00+00:00,745.2,745.2,745.2,745.2,0
1984-11-14T00:00:00+00:00,745.2,745.2,745.2,745.2,0
1984-11-15T00:00:00+00:00,745.2,745.2,745.2,745.2,0
1984-11-16T00:00:00+00:00,745.2,745.2,745.2,745.2,0
1984-11-20T00:00:00+00:00,745.2,745.2,745.2,745.2,0
1984-11-21T00:00:00+00:00,745.2,745.2,745.2,745.2,0
1984-11-23T00:00:00+00:00,803.4,803.4,803.4,803.4,0
1984-11-27T00:00:00+00:00,803.4,803.4,803.4,803.4,0
1984-11-28T00:00:00+00:00,803.4,803.4,803.4,803.4,0
1984-11-29T00:00:00+00:00,803.4,803.4,803.4,803.4,0
1984-11-30T00:00:00+00:00,803.4,803.4,803.4,803.4,0
1984-12-04T00:00:00+00:00,803.4,803.4,803.4,803.4,0
1984-12-05T00:00:00+00:00,803.4,803.4,803.4,803.4,0
1984-12-06T00:00:00+00:00,803.4,803.4,803.4,803.4,0
1984-12-07T00:00:00+00:00,803.4,803.4,803.4,803.4,0
1984-12-11T00:00:00+00:00,803.4,803.4,803.4,803.4,0
1984-12-12T00:00:00+00:00,803.4,803.4,803.4,803.4,0
1984-12-13T00:00:00+00:00,803.4,803.4,803.4,803.4,0
1984-12-14T00:00:00+00:00,803.4,803.4,803.4,803.4,0
1984-12-18T00:00:00+00:00,803.4,803.4,803.4,803.4,0
1984-12-19T00:00:00+00:00,803.4,803.4,803.4,803.4,0
1984-12-20T00:00:00+00:00,803.4,803.4,803.4,803.4,0
1984-12-21T00:00:00+00:00,803.4,803.4,803.4,803.4,0
1984-12-28T00:00:00+00:00,820.5,820.5,820.5,820.5,0
1985-01-03T00:00:00+00:00,830.7,830.7,830.7,830.7,0
1985-01-04T00:00:00+00:00,830.7,830.7,830.7,830.7,0
1985-01-08T00:00:00+00:00,830.7,830.7,830.7,830.7,0
1985-01-09T00:00:00+00:00,830.7,830.7,830.7,830.7,0
1985-01-10T00:00:00+00:00,830.7,830.7,830.7,830.7,0
1985-01-11T00:00:00+00:00,830.7,830.7,830.7,830.7,0
1985-01-15T00:00:00+00:00,830.7,830.7,830.7,830.7,0
1985-01-16T00:00:00+00:00,830.7,830.7,830.7,830.7,0
1985-01-17T00:00:00+00:00,830.7,830.7,830.7,830.7,0
1985-01-18T00:00:00+00:00,830.7,830.7,830.7,830.7,0
1985-01-22T00:00:00+00:00,830.7,830.7,830.7,830.7,0
1985-01-23T00:00:00+00:00,830.7,830.7,830.7,830.7,0
1985-01-24T00:00:00+00:00,830.7,830.7,830.7,830.7,0
1985-01-25T00:00:00+00:00,830.7,830.7,830.7,830.7,0
1985-01-29T00:00:00+00:00,830.7,830.7,830.7,830.7,0
1985-01-30T00:00:00+00:00,830.7,830.7,830.7,830.7,0
1985-01-31T00:00:00+00:00,830.7,830.7,830.7,830.7,0
1985-02-01T00:00:00+00:00,830.7,830.7,830.7,830.7,0
1985-02-05T00:00:00+00:00,830.7,830.7,830.7,830.7,0
1985-02-06T00:00:00+00:00,830.7,830.7,830.7,830.7,0
1985-02-07T00:00:00+00:00,830.7,830.7,830.7,830.7,0
1985-02-08T00:00:00+00:00,830.7,830.7,830.7,830.7,0
1985-02-12T00:00:00+00:00,830.7,830.7,830.7,830.7,0
1985-02-13T00:00:00+00:00,830.7,830.7,830.7,830.7,0
1985-02-14T00:00:00+00:00,830.7,830.7,830.7,830.7,0
1985-02-15T00:00:00+00:00,830.7,830.7,830.7,830.7,0
1985-02-19T00:00:00+00:00,830.7,830.7,830.7,830.7,0
1985-02-20T00:00:00+00:00,830.7,830.7,830.7,830.7,0
1985-02-21T00:00:00+00:00,830.7,830.7,830.7,830.7,0
1985-02-22T00:00:00+00:00,830.7,830.7,830.7,830.7,0
1985-02-26T00:00:00+00:00,830.7,830.7,830.7,830.7,0
1985-02-27T00:00:00+00:00,830.7,830.7,830.7,830.7,0
1985-02-28T00:00:00+00:00,830.7,830.7,830.7,830.7,0
1985-03-01T00:00:00+00:00,830.7,830.7,830.7,830.7,0
1985-03-05T00:00:00+00:00,830.7,830.7,830.7,830.7,0
1985-03-06T00:00:00+00:00,830.7,830.7,830.7,830.7,0
1985-03-07T00:00:00+00:00,830.7,830.7,830.7,830.7,0
1985-03-08T00:00:00+00:00,830.7,830.7,830.7,830.7,0
1985-03-12T00:00:00+00:00,830.7,830.7,830.7,830.7,0
1985-03-13T00:00:00+00:00,830.7,830.7,830.7,830.7,0
1985-03-14T00:00:00+00:00,830.7,830.7,830.7,830.7,0
1985-03-15T00:00:00+00:00,830.7,830.7,830.7,830.7,0
1985-03-19T00:00:00+00:00,830.7,830.7,830.7,830.7,0
1985-03-20T00:00:00+00:00,830.7,830.7,830.7,830.7,0
1985-03-21T00:00:00+00:00,830.7,830.7,830.7,830.7,0
1985-03-22T00:00:00+00:00,830.7,830.7,830.7,830.7,0
1985-03-26T00:00:00+00:00,830.7,830.7,830.7,830.7,0
1985-03-27T00:00:00+00:00,830.7,830.7,830.7,830.7,0
1985-03-28T00:00:00+00:00,830.7,830.7,830.7,830.7,0
1985-03-29T00:00:00+00:00,830.7,830.7,830.7,830.7,0
1985-04-02T00:00:00+00:00,830.7,830.7,830.7,830.7,0
1985-04-03T00:00:00+00:00,830.7,830.7,830.7,830.7,0
1985-04-04T00:00:00+00:00,830.7,830.7,830.7,830.7,0
1985-04-05T00:00:00+00:00,830.7,830.7,830.7,830.7,0
1985-04-10T00:00:00+00:00,870.3,870.3,870.3,870.3,0
1985-04-11T00:00:00+00:00,870.3,870.3,870.3,870.3,0
1985-04-12T00:00:00+00:00,870.3,870.3,870.3,870.3,0
1985-04-16T00:00:00+00:00,870.3,870.3,870.3,870.3,0
1985-04-17T00:00:00+00:00,870.3,870.3,870.3,870.3,0
1985-04-18T00:00:00+00:00,870.3,870.3,870.3,870.3,0
1985-04-19T00:00:00+00:00,870.3,870.3,870.3,870.3,0
1985-04-23T00:00:00+00:00,870.3,870.3,870.3,870.3,0
1985-04-24T00:00:00+00:00,870.3,870.3,870.3,870.3,0
1985-04-25T00:00:00+00:00,870.3,870.3,870.3,870.3,0
1985-04-26T00:00:00+00:00,870.3,870.3,870.3,870.3,0
1985-04-30T00:00:00+00:00,870.3,870.3,870.3,870.3,0
1985-05-01T00:00:00+00:00,873.1,873.1,873.1,873.1,0
1985-05-03T00:00:00+00:00,865.2,865.2,865.2,865.2,0
1985-05-07T00:00:00+00:00,865.2,865.2,865.2,865.2,0
1985-05-08T00:00:00+00:00,865.2,865.2,865.2,865.2,0
1985-05-09T00:00:00+00:00,865.2,865.2,865.2,865.2,0
1985-05-10T00:00:00+00:00,865.2,865.2,865.2,865.2,0
1985-05-14T00:00:00+00:00,865.2,865.2,865.2,865.2,0
1985-05-15T00:00:00+00:00,865.2,865.2,865.2,865.2,0
1985-05-16T00:00:00+00:00,865.2,865.2,865.2,865.2,0
1985-05-21T00:00:00+00:00,911.3,911.3,911.3,911.3,0
1985-05-22T00:00:00+00:00,911.3,911.3,911.3,911.3,0
1985-05-23T00:00:00+00:00,911.3,911.3,911.3,911.3,0
1985-05-24T00:00:00+00:00,911.3,911.3,911.3,911.3,0
1985-05-29T00:00:00+00:00,930.4,930.4,930.4,930.4,0
1985-05-30T00:00:00+00:00,930.4,930.4,930.4,930.4,0
1985-05-31T00:00:00+00:00,930.4,930.4,930.4,930.4,0
1985-06-04T00:00:00+00:00,930.4,930.4,930.4,930.4,0
1985-06-05T00:00:00+00:00,930.4,930.4,930.4,930.4,0
1985-06-06T00:00:00+00:00,930.4,930.4,930.4,930.4,0
1985-06-11T00:00:00+00:00,960,960,960,960,0
1985-06-12T00:00:00+00:00,960,960,960,960,0
1985-06-13T00:00:00+00:00,960,960,960,960,0
1985-06-14T00:00:00+00:00,960,960,960,960,0
1985-06-19T00:00:00+00:00,984.2,984.2,984.2,984.2,0
1985-06-20T00:00:00+00:00,984.2,984.2,984.2,984.2,0
1985-06-21T00:00:00+00:00,984.2,984.2,984.2,984.2,0
1985-06-25T00:00:00+00:00,984.2,984.2,984.2,984.2,0
1985-06-26T00:00:00+00:00,984.2,984.2,984.2,984.2,0
1985-06-27T00:00:00+00:00,984.2,984.2,984.2,984.2,0
1985-06-28T00:00:00+00:00,984.2,984.2,984.2,984.2,0
1985-07-02T00:00:00+00:00,984.2,984.2,984.2,984.2,0
1985-07-03T00:00:00+00:00,984.2,984.2,984.2,984.2,0
1985-07-04T00:00:00+00:00,984.2,984.2,984.2,984.2,0
1985-07-05T00:00:00+00:00,984.2,984.2,984.2,984.2,0
1985-07-09T00:00:00+00:00,984.2,984.2,984.2,984.2,0
1985-07-10T00:00:00+00:00,984.2,984.2,984.2,984.2,0
1985-07-11T00:00:00+00:00,984.2,984.2,984.2,984.2,0
1985-07-12T00:00:00+00:00,984.2,984.2,984.2,984.2,0
1985-07-16T00:00:00+00:00,984.2,984.2,984.2,984.2,0
1985-07-17T00:00:00+00:00,984.2,984.2,984.2,984.2,0
1985-07-18T00:00:00+00:00,984.2,984.2,984.2,984.2,0
1985-07-19T00:00:00+00:00,984.2,984.2,984.2,984.2,0
1985-07-23T00:00:00+00:00,984.2,984.2,984.2,984.2,0
1985-07-24T00:00:00+00:00,984.2,984.2,984.2,984.2,0
1985-07-25T00:00:00+00:00,984.2,984.2,984.2,984.2,0
1985-07-26T00:00:00+00:00,984.2,984.2,984.2,984.2,0
1985-07-30T00:00:00+00:00,984.2,984.2,984.2,984.2,0
1985-07-31T00:00:00+00:00,984.2,984.2,984.2,984.2,0
1985-08-01T00:00:00+00:00,984.2,984.2,984.2,984.2,0
1985-08-02T00:00:00+00:00,984.2,984.2,984.2,984.2,0
1985-08-06T00:00:00+00:00,984.2,984.2,984.2,984.2,0
1985-08-07T00:00:00+00:00,984.2,984.2,984.2,984.2,0
1985-08-08T00:00:00+00:00,984.2,984.2,984.2,984.2,0
1985-08-09T00:00:00+00:00,984.2,984.2,984.2,984.2,0
1985-08-13T00:00:00+00:00,984.2,984.2,984.2,984.2,0
1985-08-14T00:00:00+00:00,984.2,984.2,984.2,984.2,0
1985-08-15T00:00:00+00:00,984.2,984.2,984.2,984.2,0
1985-08-16T00:00:00+00:00,984.2,984.2,984.2,984.2,0
1985-08-20T00:00:00+00:00,984.2,984.2,984.2,984.2,0
1985-08-21T00:00:00+00:00,984.2,984.2,984.2,984.2,0
1985-08-22T00:00:00+00:00,984.2,984.2,984.2,984.2,0
1985-08-23T00:00:00+00:00,984.2,984.2,984.2,984.2,0
1985-08-27T00:00:00+00:00,984.2,984.2,984.2,984.2,0
1985-08-28T00:00:00+00:00,984.2,984.2,984.2,984.2,0
1985-08-29T00:00:00+00:00,984.2,984.2,984.2,984.2,0
1985-08-30T00:00:00+00:00,984.2,984.2,984.2,984.2,0
1985-09-03T00:00:00+00:00,984.2,984.2,984.2,984.2,0
1985-09-04T00:00:00+00:00,984.2,984.2,984.2,984.2,0
1985-09-05T00:00:00+00:00,984.2,984.2,984.2,984.2,0
1985-09-06T00:00:00+00:00,984.2,984.2,984.2,984.2,0
1985-09-10T00:00:00+00:00,984.2,984.2,984.2,984.2,0
1985-09-11T00:00:00+00:00,984.2,984.2,984.2,984.2,0
1985-09-12T00:00:00+00:00,984.2,984.2,984.2,984.2,0
1985-09-13T00:00:00+00:00,984.2,984.2,984.2,984.2,0
1985-09-17T00:00:00+00:00,984.2,984.2,984.2,984.2,0
1985-09-18T00:00:00+00:00,984.2,984.2,984.2,984.2,0
1985-09-19T00:00:00+00:00,984.2,984.2,984.2,984.2,0
1985-09-20T00:00:00+00:00,984.2,984.2,984.2,984.2,0
1985-09-24T00:00:00+00:00,984.2,984.2,984.2,984.2,0
1985-09-25T00:00:00+00:00,984.2,984.2,984.2,984.2,0
1985-09-26T00:00:00+00:00,984.2,984.2,984.2,984.2,0
1985-09-27T00:00:00+00:00,984.2,984.2,984.2,984.2,0
1985-10-01T00:00:00+00:00,984.2,984.2,984.2,984.2,0
1985-10-02T00:00:00+00:00,984.2,984.2,984.2,984.2,0
1985-10-03T00:00:00+00:00,984.2,984.2,984.2,984.2,0
1985-10-04T00:00:00+00:00,984.2,984.2,984.2,984.2,0
1985-10-08T00:00:00+00:00,984.2,984.2,984.2,984.2,0
1985-10-09T00:00:00+00:00,984.2,984.2,984.2,984.2,0
1985-10-10T00:00:00+00:00,984.2,984.2,984.2,984.2,0
1985-10-11T00:00:00+00:00,984.2,984.2,984.2,984.2,0
1985-10-15T00:00:00+00:00,984.2,984.2,984.2,984.2,0
1985-10-16T00:00:00+00:00,984.2,984.2,984.2,984.2,0
1985-10-17T00:00:00+00:00,984.2,984.2,984.2,984.2,0
1985-10-18T00:00:00+00:00,984.2,984.2,984.2,984.2,0
1985-10-22T00:00:00+00:00,984.2,984.2,984.2,984.2,0
1985-10-23T00:00:00+00:00,984.2,984.2,984.2,984.2,0
1985-10-24T00:00:00+00:00,984.2,984.2,984.2,984.2,0
1985-10-25T00:00:00+00:00,984.2,984.2,984.2,984.2,0
1985-10-29T00:00:00+00:00,984.2,984.2,984.2,984.2,0
1985-10-30T00:00:00+00:00,984.2,984.2,984.2,984.2,0
1985-10-31T00:00:00+00:00,984.2,984.2,984.2,984.2,0
1985-11-01T00:00:00+00:00,984.2,984.2,984.2,984.2,0
1985-11-05T00:00:00+00:00,984.2,984.2,984.2,984.2,0
1985-11-06T00:00:00+00:00,984.2,984.2,984.2,984.2,0
1985-11-07T00:00:00+00:00,984.2,984.2,984.2,984.2,0
1985-11-08T00:00:00+00:00,984.2,984.2,984.2,984.2,0
1985-11-12T00:00:00+00:00,984.2,984.2,984.2,984.2,0
1985-11-13T00:00:00+00:00,984.2,984.2,984.2,984.2,0
1985-11-14T00:00:00+00:00,984.2,984.2,984.2,984.2,0
1985-11-15T00:00:00+00:00,984.2,984.2,984.2,984.2,0
1985-11-19T00:00:00+00:00,984.2,984.2,984.2,984.2,0
1985-11-20T00:00:00+00:00,984.2,984.2,984.2,984.2,0
1985-11-22T00:00:00+00:00,1291.6,1291.6,1291.6,1291.6,0
1985-11-26T00:00:00+00:00,1291.6,1291.6,1291.6,1291.6,0
1985-11-27T00:00:00+00:00,1291.6,1291.6,1291.6,1291.6,0
1985-11-28T00:00:00+00:00,1291.6,1291.6,1291.6,1291.6,0
1985-11-29T00:00:00+00:00,1291.6,1291.6,1291.6,1291.6,0
1985-12-03T00:00:00+00:00,1291.6,1291.6,1291.6,1291.6,0
1985-12-04T00:00:00+00:00,1291.6,1291.6,1291.6,1291.6,0
1985-12-05T00:00:00+00:00,1291.6,1291.6,1291.6,1291.6,0
1985-12-06T00:00:00+00:00,1291.6,1291.6,1291.6,1291.6,0
1985-12-10T00:00:00+00:00,1291.6,1291.6,1291.6,1291.6,0
1985-12-11T00:00:00+00:00,1291.6,1291.6,1291.6,1291.6,0
1985-12-12T00:00:00+00:00,1291.6,1291.6,1291.6,1291.6,0
1985-12-13T00:00:00+00:00,1291.6,1291.6,1291.6,1291.6,0
1985-12-17T00:00:00+00:00,1291.6,1291.6,1291.6,1291.6,0
1985-12-18T00:00:00+00:00,1291.6,1291.6,1291.6,1291.6,0
1985-12-19T00:00:00+00:00,1291.6,1291.6,1291.6,1291.6,0
1985-12-20T00:00:00+00:00,1291.6,1291.6,1291.6,1291.6,0
1985-12-24T00:00:00+00:00,1291.6,1291.6,1291.6,1291.6,0
1985-12-31T00:00:00+00:00,1366.2,1366.2,1366.2,1366.2,0
1986-01-03T00:00:00+00:00,1374.5,1374.5,1374.5,1374.5,0
1986-01-07T00:00:00+00:00,1374.5,1374.5,1374.5,1374.5,0
1986-01-08T00:00:00+00:00,1374.5,1374.5,1374.5,1374.5,0
1986-01-09T00:00:00+00:00,1374.5,1374.5,1374.5,1374.5,0
1986-01-10T00:00:00+00:00,1374.5,1374.5,1374.5,1374.5,0
1986-01-14T00:00:00+00:00,1374.5,1374.5,1374.5,1374.5,0
1986-01-15T00:00:00+00:00,1374.5,1374.5,1374.5,1374.5,0
1986-01-16T00:00:00+00:00,1374.5,1374.5,1374.5,1374.5,0
1986-01-17T00:00:00+00:00,1374.5,1374.5,1374.5,1374.5,0
1986-01-21T00:00:00+00:00,1374.5,1374.5,1374.5,1374.5,0
1986-01-22T00:00:00+00:00,1374.5,1374.5,1374.5,1374.5,0
1986-01-23T00:00:00+00:00,1374.5,1374.5,1374.5,1374.5,0
1986-01-24T00:00:00+00:00,1374.5,1374.5,1374.5,1374.5,0
1986-01-28T00:00:00+00:00,1374.5,1374.5,1374.5,1374.5,0
1986-01-29T00:00:00+00:00,1374.5,1374.5,1374.5,1374.5,0
1986-01-30T00:00:00+00:00,1374.5,1374.5,1374.5,1374.5,0
1986-01-31T00:00:00+00:00,1374.5,1374.5,1374.5,1374.5,0
1986-02-04T00:00:00+00:00,1374.5,1374.5,1374.5,1374.5,0
1986-02-05T00:00:00+00:00,1374.5,1374.5,1374.5,1374.5,0
1986-02-06T00:00:00+00:00,1374.5,1374.5,1374.5,1374.5,0
1986-02-07T00:00:00+00:00,1374.5,1374.5,1374.5,1374.5,0
1986-02-11T00:00:00+00:00,1374.5,1374.5,1374.5,1374.5,0
1986-02-12T00:00:00+00:00,1374.5,1374.5,1374.5,1374.5,0
1986-02-13T00:00:00+00:00,1374.5,1374.5,1374.5,1374.5,0
1986-02-14T00:00:00+00:00,1374.5,1374.5,1374.5,1374.5,0
1986-02-18T00:00:00+00:00,1374.5,1374.5,1374.5,1374.5,0
1986-02-19T00:00:00+00:00,1374.5,1374.5,1374.5,1374.5,0
1986-02-20T00:00:00+00:00,1374.5,1374.5,1374.5,1374.5,0
1986-02-21T00:00:00+00:00,1374.5,1374.5,1374.5,1374.5,0
1986-02-25T00:00:00+00:00,1374.5,1374.5,1374.5,1374.5,0
1986-02-26T00:00:00+00:00,1374.5,1374.5,1374.5,1374.5,0
1986-02-27T00:00:00+00:00,1374.5,1374.5,1374.5,1374.5,0
1986-02-28T00:00:00+00:00,1374.5,1374.5,1374.5,1374.5,0
1986-03-04T00:00:00+00:00,1374.5,1374.5,1374.5,1374.5,0
1986-03-05T00:00:00+00:00,1374.5,1374.5,1374.5,1374.5,0
1986-03-06T00:00:00+00:00,1374.5,1374.5,1374.5,1374.5,0
1986-03-07T00:00:00+00:00,1374.5,1374.5,1374.5,1374.5,0
1986-03-11T00:00:00+00:00,1374.5,1374.5,1374.5,1374.5,0
1986-03-12T00:00:00+00:00,1374.5,1374.5,1374.5,1374.5,0
1986-03-13T00:00:00+00:00,1374.5,1374.5,1374.5,1374.5,0
1986-03-14T00:00:00+00:00,1374.5,1374.5,1374.5,1374.5,0
1986-03-18T00:00:00+00:00,1374.5,1374.5,1374.5,1374.5,0
1986-03-19T00:00:00+00:00,1374.5,1374.5,1374.5,1374.5,0
1986-03-20T00:00:00+00:00,1374.5,1374.5,1374.5,1374.5,0
1986-03-21T00:00:00+00:00,1374.5,1374.5,1374.5,1374.5,0
1986-03-25T00:00:00+00:00,1374.5,1374.5,1374.5,1374.5,0
1986-03-26T00:00:00+00:00,1374.5,1374.5,1374.5,1374.5,0
1986-03-27T00:00:00+00:00,1374.5,1374.5,1374.5,1374.5,0
1986-03-28T00:00:00+00:00,1374.5,1374.5,1374.5,1374.5,0
1986-04-02T00:00:00+00:00,1496.9,1496.9,1496.9,1496.9,0
1986-04-03T00:00:00+00:00,1496.9,1496.9,1496.9,1496.9,0
1986-04-04T00:00:00+00:00,1496.9,1496.9,1496.9,1496.9,0
1986-04-08T00:00:00+00:00,1496.9,1496.9,1496.9,1496.9,0
1986-04-09T00:00:00+00:00,1496.9,1496.9,1496.9,1496.9,0
1986-04-10T00:00:00+00:00,1496.9,1496.9,1496.9,1496.9,0
1986-04-11T00:00:00+00:00,1496.9,1496.9,1496.9,1496.9,0
1986-04-15T00:00:00+00:00,1496.9,1496.9,1496.9,1496.9,0
1986-04-16T00:00:00+00:00,1496.9,1496.9,1496.9,1496.9,0
1986-04-17T00:00:00+00:00,1496.9,1496.9,1496.9,1496.9,0
1986-04-18T00:00:00+00:00,1496.9,1496.9,1496.9,1496.9,0
1986-04-22T00:00:00+00:00,1496.9,1496.9,1496.9,1496.9,0
1986-04-23T00:00:00+00:00,1496.9,1496.9,1496.9,1496.9,0
1986-04-24T00:00:00+00:00,1496.9,1496.9,1496.9,1496.9,0
1986-04-25T00:00:00+00:00,1496.9,1496.9,1496.9,1496.9,0
1986-04-29T00:00:00+00:00,1496.9,1496.9,1496.9,1496.9,0
1986-04-30T00:00:00+00:00,1496.9,1496.9,1496.9,1496.9,0
1986-05-01T00:00:00+00:00,1507.3,1507.3,1507.3,1507.3,0
1986-05-06T00:00:00+00:00,1462.5,1462.5,1462.5,1462.5,0
1986-05-07T00:00:00+00:00,1462.5,1462.5,1462.5,1462.5,0
1986-05-08T00:00:00+00:00,1462.5,1462.5,1462.5,1462.5,0
1986-05-13T00:00:00+00:00,1398.9,1398.9,1398.9,1398.9,0
1986-05-14T00:00:00+00:00,1398.9,1398.9,1398.9,1398.9,0
1986-05-15T00:00:00+00:00,1398.9,1398.9,1398.9,1398.9,0
1986-05-16T00:00:00+00:00,1398.9,1398.9,1398.9,1398.9,0
1986-05-21T00:00:00+00:00,1336.6,1336.6,1336.6,1336.6,0
1986-05-22T00:00:00+00:00,1336.6,1336.6,1336.6,1336.6,0
1986-05-23T00:00:00+00:00,1336.6,1336.6,1336.6,1336.6,0
1986-05-27T00:00:00+00:00,1336.6,1336.6,1336.6,1336.6,0
1986-05-28T00:00:00+00:00,1336.6,1336.6,1336.6,1336.6,0
1986-05-29T00:00:00+00:00,1336.6,1336.6,1336.6,1336.6,0
1986-06-03T00:00:00+00:00,1369.5,1369.5,1369.5,1369.5,0
1986-06-04T00:00:00+00:00,1369.5,1369.5,1369.5,1369.5,0
1986-06-05T00:00:00+00:00,1369.5,1369.5,1369.5,1369.5,0
1986-06-06T00:00:00+00:00,1369.5,1369.5,1369.5,1369.5,0
1986-06-10T00:00:00+00:00,1369.5,1369.5,1369.5,1369.5,0
1986-06-11T00:00:00+00:00,1369.5,1369.5,1369.5,1369.5,0
1986-06-12T00:00:00+00:00,1369.5,1369.5,1369.5,1369.5,0
1986-06-13T00:00:00+00:00,1369.5,1369.5,1369.5,1369.5,0
1986-06-17T00:00:00+00:00,1369.5,1369.5,1369.5,1369.5,0
1986-06-19T00:00:00+00:00,1422.2,1422.2,1422.2,1422.2,0
1986-06-20T00:00:00+00:00,1422.2,1422.2,1422.2,1422.2,0
1986-06-24T00:00:00+00:00,1422.2,1422.2,1422.2,1422.2,0
1986-06-25T00:00:00+00:00,1422.2,1422.2,1422.2,1422.2,0
1986-06-26T00:00:00+00:00,1422.2,1422.2,1422.2,1422.2,0
1986-06-27T00:00:00+00:00,1422.2,1422.2,1422.2,1422.2,0
1986-07-01T00:00:00+00:00,1422.2,1422.2,1422.2,1422.2,0
1986-07-02T00:00:00+00:00,1422.2,1422.2,1422.2,1422.2,0
1986-07-03T00:00:00+00:00,1422.2,1422.2,1422.2,1422.2,0
1986-07-04T00:00:00+00:00,1422.2,1422.2,1422.2,1422.2,0
1986-07-08T00:00:00+00:00,1422.2,1422.2,1422.2,1422.2,0
1986-07-09T00:00:00+00:00,1422.2,1422.2,1422.2,1422.2,0
1986-07-10T00:00:00+00:00,1422.2,1422.2,1422.2,1422.2,0
1986-07-11T00:00:00+00:00,1422.2,1422.2,1422.2,1422.2,0
1986-07-15T00:00:00+00:00,1422.2,1422.2,1422.2,1422.2,0
1986-07-16T00:00:00+00:00,1422.2,1422.2,1422.2,1422.2,0
1986-07-17T00:00:00+00:00,1422.2,1422.2,1422.2,1422.2,0
1986-07-18T00:00:00+00:00,1422.2,1422.2,1422.2,1422.2,0
1986-07-22T00:00:00+00:00,1422.2,1422.2,1422.2,1422.2,0
1986-07-23T00:00:00+00:00,1422.2,1422.2,1422.2,1422.2,0
1986-07-24T00:00:00+00:00,1422.2,1422.2,1422.2,1422.2,0
1986-07-25T00:00:00+00:00,1422.2,1422.2,1422.2,1422.2,0
1986-07-29T00:00:00+00:00,1422.2,1422.2,1422.2,1422.2,0
1986-07-30T00:00:00+00:00,1422.2,1422.2,1422.2,1422.2,0
1986-07-31T00:00:00+00:00,1422.2,1422.2,1422.2,1422.2,0
1986-08-01T00:00:00+00:00,1422.2,1422.2,1422.2,1422.2,0
1986-08-05T00:00:00+00:00,1422.2,1422.2,1422.2,1422.2,0
1986-08-06T00:00:00+00:00,1422.2,1422.2,1422.2,1422.2,0
1986-08-07T00:00:00+00:00,1422.2,1422.2,1422.2,1422.2,0
1986-08-08T00:00:00+00:00,1422.2,1422.2,1422.2,1422.2,0
1986-08-12T00:00:00+00:00,1422.2,1422.2,1422.2,1422.2,0
1986-08-13T00:00:00+00:00,1422.2,1422.2,1422.2,1422.2,0
1986-08-14T00:00:00+00:00,1422.2,1422.2,1422.2,1422.2,0
1986-08-15T00:00:00+00:00,1422.2,1422.2,1422.2,1422.2,0
1986-08-19T00:00:00+00:00,1422.2,1422.2,1422.2,1422.2,0
1986-08-20T00:00:00+00:00,1422.2,1422.2,1422.2,1422.2,0
1986-08-21T00:00:00+00:00,1422.2,1422.2,1422.2,1422.2,0
1986-08-22T00:00:00+00:00,1422.2,1422.2,1422.2,1422.2,0
1986-08-26T00:00:00+00:00,1422.2,1422.2,1422.2,1422.2,0
1986-08-27T00:00:00+00:00,1422.2,1422.2,1422.2,1422.2,0
1986-08-28T00:00:00+00:00,1422.2,1422.2,1422.2,1422.2,0
1986-08-29T00:00:00+00:00,1422.2,1422.2,1422.2,1422.2,0
1986-09-02T00:00:00+00:00,1422.2,1422.2,1422.2,1422.2,0
1986-09-03T00:00:00+00:00,1422.2,1422.2,1422.2,1422.2,0
1986-09-04T00:00:00+00:00,1422.2,1422.2,1422.2,1422.2,0
1986-09-05T00:00:00+00:00,1422.2,1422.2,1422.2,1422.2,0
1986-09-09T00:00:00+00:00,1422.2,1422.2,1422.2,1422.2,0
1986-09-10T00:00:00+00:00,1422.2,1422.2,1422.2,1422.2,0
1986-09-11T00:00:00+00:00,1422.2,1422.2,1422.2,1422.2,0
1986-09-12T00:00:00+00:00,1422.2,1422.2,1422.2,1422.2,0
1986-09-16T00:00:00+00:00,1422.2,1422.2,1422.2,1422.2,0
1986-09-17T00:00:00+00:00,1422.2,1422.2,1422.2,1422.2,0
1986-09-18T00:00:00+00:00,1422.2,1422.2,1422.2,1422.2,0
1986-09-19T00:00:00+00:00,1422.2,1422.2,1422.2,1422.2,0
1986-09-23T00:00:00+00:00,1422.2,1422.2,1422.2,1422.2,0
1986-09-24T00:00:00+00:00,1422.2,1422.2,1422.2,1422.2,0
1986-09-25T00:00:00+00:00,1422.2,1422.2,1422.2,1422.2,0
1986-09-26T00:00:00+00:00,1422.2,1422.2,1422.2,1422.2,0
1986-09-30T00:00:00+00:00,1422.2,1422.2,1422.2,1422.2,0
1986-10-01T00:00:00+00:00,1422.2,1422.2,1422.2,1422.2,0
1986-10-02T00:00:00+00:00,1422.2,1422.2,1422.2,1422.2,0
1986-10-03T00:00:00+00:00,1422.2,1422.2,1422.2,1422.2,0
1986-10-07T00:00:00+00:00,1422.2,1422.2,1422.2,1422.2,0
1986-10-08T00:00:00+00:00,1422.2,1422.2,1422.2,1422.2,0
1986-10-09T00:00:00+00:00,1422.2,1422.2,1422.2,1422.2,0
1986-10-10T00:00:00+00:00,1422.2,1422.2,1422.2,1422.2,0
1986-10-14T00:00:00+00:00,1422.2,1422.2,1422.2,1422.2,0
1986-10-15T00:00:00+00:00,1422.2,1422.2,1422.2,1422.2,0
1986-10-16T00:00:00+00:00,1422.2,1422.2,1422.2,1422.2,0
1986-10-17T00:00:00+00:00,1422.2,1422.2,1422.2,1422.2,0
1986-10-21T00:00:00+00:00,1422.2,1422.2,1422.2,1422.2,0
1986-10-22T00:00:00+00:00,1422.2,1422.2,1422.2,1422.2,0
1986-10-23T00:00:00+00:00,1422.2,1422.2,1422.2,1422.2,0
1986-10-24T00:00:00+00:00,1422.2,1422.2,1422.2,1422.2,0
1986-10-28T00:00:00+00:00,1422.2,1422.2,1422.2,1422.2,0
1986-10-29T00:00:00+00:00,1422.2,1422.2,1422.2,1422.2,0
1986-10-30T00:00:00+00:00,1422.2,1422.2,1422.2,1422.2,0
1986-10-31T00:00:00+00:00,1422.2,1422.2,1422.2,1422.2,0
1986-11-04T00:00:00+00:00,1422.2,1422.2,1422.2,1422.2,0
1986-11-05T00:00:00+00:00,1422.2,1422.2,1422.2,1422.2,0
1986-11-06T00:00:00+00:00,1422.2,1422.2,1422.2,1422.2,0
1986-11-07T00:00:00+00:00,1422.2,1422.2,1422.2,1422.2,0
1986-11-11T00:00:00+00:00,1422.2,1422.2,1422.2,1422.2,0
1986-11-12T00:00:00+00:00,1422.2,1422.2,1422.2,1422.2,0
1986-11-13T00:00:00+00:00,1422.2,1422.2,1422.2,1422.2,0
1986-11-14T00:00:00+00:00,1422.2,1422.2,1422.2,1422.2,0
1986-11-18T00:00:00+00:00,1422.2,1422.2,1422.2,1422.2,0
1986-11-19T00:00:00+00:00,1422.2,1422.2,1422.2,1422.2,0
1986-11-21T00:00:00+00:00,1412,1412,1412,1412,0
1986-11-25T00:00:00+00:00,1412,1412,1412,1412,0
1986-11-26T00:00:00+00:00,1412,1412,1412,1412,0
1986-11-27T00:00:00+00:00,1412,1412,1412,1412,0
1986-11-28T00:00:00+00:00,1412,1412,1412,1412,0
1986-12-02T00:00:00+00:00,1412,1412,1412,1412,0
1986-12-03T00:00:00+00:00,1412,1412,1412,1412,0
1986-12-04T00:00:00+00:00,1412,1412,1412,1412,0
1986-12-05T00:00:00+00:00,1412,1412,1412,1412,0
1986-12-09T00:00:00+00:00,1412,1412,1412,1412,0
1986-12-10T00:00:00+00:00,1412,1412,1412,1412,0
1986-12-11T00:00:00+00:00,1412,1412,1412,1412,0
1986-12-12T00:00:00+00:00,1412,1412,1412,1412,0
1986-12-16T00:00:00+00:00,1412,1412,1412,1412,0
1986-12-17T00:00:00+00:00,1412,1412,1412,1412,0
1986-12-18T00:00:00+00:00,1412,1412,1412,1412,0
1986-12-19T00:00:00+00:00,1412,1412,1412,1412,0
1986-12-23T00:00:00+00:00,1412,1412,1412,1412,0
1986-12-24T00:00:00+00:00,1412,1412,1412,1412,0
1986-12-30T00:00:00+00:00,1412,1412,1412,1412,0
1986-12-31T00:00:00+00:00,1432.3,1432.3,1432.3,1432.3,0
1987-01-06T00:00:00+00:00,1421.9,1421.9,1421.9,1421.9,0
1987-01-07T00:00:00+00:00,1421.9,1421.9,1421.9,1421.9,0
1987-01-08T00:00:00+00:00,1421.9,1421.9,1421.9,1421.9,0
1987-01-09T00:00:00+00:00,1421.9,1421.9,1421.9,1421.9,0
1987-01-13T00:00:00+00:00,1421.9,1421.9,1421.9,1421.9,0
1987-01-14T00:00:00+00:00,1421.9,1421.9,1421.9,1421.9,0
1987-01-15T00:00:00+00:00,1421.9,1421.9,1421.9,1421.9,0
1987-01-16T00:00:00+00:00,1421.9,1421.9,1421.9,1421.9,0
1987-01-20T00:00:00+00:00,1421.9,1421.9,1421.9,1421.9,0
1987-01-21T00:00:00+00:00,1421.9,1421.9,1421.9,1421.9,0
1987-01-22T00:00:00+00:00,1421.9,1421.9,1421.9,1421.9,0
1987-01-23T00:00:00+00:00,1421.9,1421.9,1421.9,1421.9,0
1987-01-27T00:00:00+00:00,1421.9,1421.9,1421.9,1421.9,0
1987-01-28T00:00:00+00:00,1421.9,1421.9,1421.9,1421.9,0
1987-01-29T00:00:00+00:00,1421.9,1421.9,1421.9,1421.9,0
1987-01-30T00:00:00+00:00,1421.9,1421.9,1421.9,1421.9,0
1987-02-03T00:00:00+00:00,1421.9,1421.9,1421.9,1421.9,0
1987-02-04T00:00:00+00:00,1421.9,1421.9,1421.9,1421.9,0
1987-02-05T00:00:00+00:00,1421.9,1421.9,1421.9,1421.9,0
1987-02-06T00:00:00+00:00,1421.9,1421.9,1421.9,1421.9,0
1987-02-10T00:00:00+00:00,1421.9,1421.9,1421.9,1421.9,0
1987-02-11T00:00:00+00:00,1421.9,1421.9,1421.9,1421.9,0
1987-02-12T00:00:00+00:00,1421.9,1421.9,1421.9,1421.9,0
1987-02-13T00:00:00+00:00,1421.9,1421.9,1421.9,1421.9,0
1987-02-17T00:00:00+00:00,1421.9,1421.9,1421.9,1421.9,0
1987-02-18T00:00:00+00:00,1421.9,1421.9,1421.9,1421.9,0
1987-02-19T00:00:00+00:00,1421.9,1421.9,1421.9,1421.9,0
1987-02-20T00:00:00+00:00,1421.9,1421.9,1421.9,1421.9,0
1987-02-24T00:00:00+00:00,1421.9,1421.9,1421.9,1421.9,0
1987-02-25T00:00:00+00:00,1421.9,1421.9,1421.9,1421.9,0
1987-02-26T00:00:00+00:00,1421.9,1421.9,1421.9,1421.9,0
1987-02-27T00:00:00+00:00,1421.9,1421.9,1421.9,1421.9,0
1987-03-03T00:00:00+00:00,1421.9,1421.9,1421.9,1421.9,0
1987-03-04T00:00:00+00:00,1421.9,1421.9,1421.9,1421.9,0
1987-03-05T00:00:00+00:00,1421.9,1421.9,1421.9,1421.9,0
1987-03-06T00:00:00+00:00,1421.9,1421.9,1421.9,1421.9,0
1987-03-10T00:00:00+00:00,1421.9,1421.9,1421.9,1421.9,0
1987-03-11T00:00:00+00:00,1421.9,1421.9,1421.9,1421.9,0
1987-03-12T00:00:00+00:00,1421.9,1421.9,1421.9,1421.9,0
1987-03-13T00:00:00+00:00,1421.9,1421.9,1421.9,1421.9,0
1987-03-17T00:00:00+00:00,1421.9,1421.9,1421.9,1421.9,0
1987-03-18T00:00:00+00:00,1421.9,1421.9,1421.9,1421.9,0
1987-03-19T00:00:00+00:00,1421.9,1421.9,1421.9,1421.9,0
1987-03-20T00:00:00+00:00,1421.9,1421.9,1421.9,1421.9,0
1987-03-24T00:00:00+00:00,1421.9,1421.9,1421.9,1421.9,0
1987-03-25T00:00:00+00:00,1421.9,1421.9,1421.9,1421.9,0
1987-03-26T00:00:00+00:00,1421.9,1421.9,1421.9,1421.9,0
1987-03-27T00:00:00+00:00,1421.9,1421.9,1421.9,1421.9,0
1987-03-31T00:00:00+00:00,1421.9,1421.9,1421.9,1421.9,0
1987-04-01T00:00:00+00:00,1421.9,1421.9,1421.9,1421.9,0
1987-04-02T00:00:00+00:00,1421.9,1421.9,1421.9,1421.9,0
1987-04-03T00:00:00+00:00,1421.9,1421.9,1421.9,1421.9,0
1987-04-07T00:00:00+00:00,1421.9,1421.9,1421.9,1421.9,0
1987-04-08T00:00:00+00:00,1421.9,1421.9,1421.9,1421.9,0
1987-04-09T00:00:00+00:00,1421.9,1421.9,1421.9,1421.9,0
1987-04-10T00:00:00+00:00,1421.9,1421.9,1421.9,1421.9,0
1987-04-14T00:00:00+00:00,1421.9,1421.9,1421.9,1421.9,0
1987-04-15T00:00:00+00:00,1421.9,1421.9,1421.9,1421.9,0
1987-04-16T00:00:00+00:00,1421.9,1421.9,1421.9,1421.9,0
1987-04-17T00:00:00+00:00,1421.9,1421.9,1421.9,1421.9,0
1987-04-22T00:00:00+00:00,1312.6,1312.6,1312.6,1312.6,0
1987-04-23T00:00:00+00:00,1312.6,1312.6,1312.6,1312.6,0
1987-04-24T00:00:00+00:00,1312.6,1312.6,1312.6,1312.6,0
1987-04-28T00:00:00+00:00,1312.6,1312.6,1312.6,1312.6,0
1987-04-29T00:00:00+00:00,1312.6,1312.6,1312.6,1312.6,0
1987-04-30T00:00:00+00:00,1312.6,1312.6,1312.6,1312.6,0
1987-05-01T00:00:00+00:00,1308.1,1308.1,1308.1,1308.1,0
1987-05-05T00:00:00+00:00,1308.1,1308.1,1308.1,1308.1,0
1987-05-06T00:00:00+00:00,1308.1,1308.1,1308.1,1308.1,0
1987-05-07T00:00:00+00:00,1308.1,1308.1,1308.1,1308.1,0
1987-05-08T00:00:00+00:00,1308.1,1308.1,1308.1,1308.1,0
1987-05-12T00:00:00+00:00,1308.1,1308.1,1308.1,1308.1,0
1987-05-13T00:00:00+00:00,1308.1,1308.1,1308.1,1308.1,0
1987-05-14T00:00:00+00:00,1308.1,1308.1,1308.1,1308.1,0
1987-05-15T00:00:00+00:00,1308.1,1308.1,1308.1,1308.1,0
1987-05-19T00:00:00+00:00,1308.1,1308.1,1308.1,1308.1,0
1987-05-20T00:00:00+00:00,1308.1,1308.1,1308.1,1308.1,0
1987-05-21T00:00:00+00:00,1308.1,1308.1,1308.1,1308.1,0
1987-05-22T00:00:00+00:00,1308.1,1308.1,1308.1,1308.1,0
1987-05-26T00:00:00+00:00,1308.1,1308.1,1308.1,1308.1,0
1987-05-27T00:00:00+00:00,1308.1,1308.1,1308.1,1308.1,0
1987-05-28T00:00:00+00:00,1308.1,1308.1,1308.1,1308.1,0
1987-06-02T00:00:00+00:00,1328.9,1328.9,1328.9,1328.9,0
1987-06-03T00:00:00+00:00,1328.9,1328.9,1328.9,1328.9,0
1987-06-04T00:00:00+00:00,1328.9,1328.9,1328.9,1328.9,0
1987-06-05T00:00:00+00:00,1328.9,1328.9,1328.9,1328.9,0
1987-06-10T00:00:00+00:00,1302.5,1302.5,1302.5,1302.5,0
1987-06-11T00:00:00+00:00,1302.5,1302.5,1302.5,1302.5,0
1987-06-12T00:00:00+00:00,1302.5,1302.5,1302.5,1302.5,0
1987-06-16T00:00:00+00:00,1302.5,1302.5,1302.5,1302.5,0
1987-06-17T00:00:00+00:00,1302.5,1302.5,1302.5,1302.5,0
1987-06-23T00:00:00+00:00,1390.4,1390.4,1390.4,1390.4,0
1987-06-24T00:00:00+00:00,1390.4,1390.4,1390.4,1390.4,0
1987-06-25T00:00:00+00:00,1390.4,1390.4,1390.4,1390.4,0
1987-06-26T00:00:00+00:00,1390.4,1390.4,1390.4,1390.4,0
1987-06-30T00:00:00+00:00,1390.4,1390.4,1390.4,1390.4,0
1987-07-01T00:00:00+00:00,1390.4,1390.4,1390.4,1390.4,0
1987-07-02T00:00:00+00:00,1390.4,1390.4,1390.4,1390.4,0
1987-07-03T00:00:00+00:00,1390.4,1390.4,1390.4,1390.4,0
1987-07-07T00:00:00+00:00,1390.4,1390.4,1390.4,1390.4,0
1987-07-08T00:00:00+00:00,1390.4,1390.4,1390.4,1390.4,0
1987-07-09T00:00:00+00:00,1390.4,1390.4,1390.4,1390.4,0
1987-07-10T00:00:00+00:00,1390.4,1390.4,1390.4,1390.4,0
1987-07-14T00:00:00+00:00,1390.4,1390.4,1390.4,1390.4,0
1987-07-15T00:00:00+00:00,1390.4,1390.4,1390.4,1390.4,0
1987-07-16T00:00:00+00:00,1390.4,1390.4,1390.4,1390.4,0
1987-07-17T00:00:00+00:00,1390.4,1390.4,1390.4,1390.4,0
1987-07-21T00:00:00+00:00,1390.4,1390.4,1390.4,1390.4,0
1987-07-22T00:00:00+00:00,1390.4,1390.4,1390.4,1390.4,0
1987-07-23T00:00:00+00:00,1390.4,1390.4,1390.4,1390.4,0
1987-07-24T00:00:00+00:00,1390.4,1390.4,1390.4,1390.4,0
1987-07-28T00:00:00+00:00,1390.4,1390.4,1390.4,1390.4,0
1987-07-29T00:00:00+00:00,1390.4,1390.4,1390.4,1390.4,0
1987-07-30T00:00:00+00:00,1390.4,1390.4,1390.4,1390.4,0
1987-07-31T00:00:00+00:00,1390.4,1390.4,1390.4,1390.4,0
1987-08-04T00:00:00+00:00,1390.4,1390.4,1390.4,1390.4,0
1987-08-05T00:00:00+00:00,1390.4,1390.4,1390.4,1390.4,0
1987-08-06T00:00:00+00:00,1390.4,1390.4,1390.4,1390.4,0
1987-08-07T00:00:00+00:00,1390.4,1390.4,1390.4,1390.4,0
1987-08-11T00:00:00+00:00,1390.4,1390.4,1390.4,1390.4,0
1987-08-12T00:00:00+00:00,1390.4,1390.4,1390.4,1390.4,0
1987-08-13T00:00:00+00:00,1390.4,1390.4,1390.4,1390.4,0
1987-08-14T00:00:00+00:00,1390.4,1390.4,1390.4,1390.4,0
1987-08-18T00:00:00+00:00,1390.4,1390.4,1390.4,1390.4,0
1987-08-19T00:00:00+00:00,1390.4,1390.4,1390.4,1390.4,0
1987-08-20T00:00:00+00:00,1390.4,1390.4,1390.4,1390.4,0
1987-08-21T00:00:00+00:00,1390.4,1390.4,1390.4,1390.4,0
1987-08-25T00:00:00+00:00,1390.4,1390.4,1390.4,1390.4,0
1987-08-26T00:00:00+00:00,1390.4,1390.4,1390.4,1390.4,0
1987-08-27T00:00:00+00:00,1390.4,1390.4,1390.4,1390.4,0
1987-08-28T00:00:00+00:00,1390.4,1390.4,1390.4,1390.4,0
1987-09-01T00:00:00+00:00,1390.4,1390.4,1390.4,1390.4,0
1987-09-02T00:00:00+00:00,1390.4,1390.4,1390.4,1390.4,0
1987-09-03T00:00:00+00:00,1390.4,1390.4,1390.4,1390.4,0
1987-09-04T00:00:00+00:00,1390.4,1390.4,1390.4,1390.4,0
1987-09-08T00:00:00+00:00,1390.4,1390.4,1390.4,1390.4,0
1987-09-09T00:00:00+00:00,1390.4,1390.4,1390.4,1390.4,0
1987-09-10T00:00:00+00:00,1390.4,1390.4,1390.4,1390.4,0
1987-09-11T00:00:00+00:00,1390.4,1390.4,1390.4,1390.4,0
1987-09-15T00:00:00+00:00,1390.4,1390.4,1390.4,1390.4,0
1987-09-16T00:00:00+00:00,1390.4,1390.4,1390.4,1390.4,0
1987-09-17T00:00:00+00:00,1390.4,1390.4,1390.4,1390.4,0
1987-09-18T00:00:00+00:00,1390.4,1390.4,1390.4,1390.4,0
1987-09-22T00:00:00+00:00,1390.4,1390.4,1390.4,1390.4,0
1987-09-23T00:00:00+00:00,1390.4,1390.4,1390.4,1390.4,0
1987-09-24T00:00:00+00:00,1390.4,1390.4,1390.4,1390.4,0
1987-09-25T00:00:00+00:00,1390.4,1390.4,1390.4,1390.4,0
1987-09-29T00:00:00+00:00,1390.4,1390.4,1390.4,1390.4,0
1987-09-30T00:00:00+00:00,1390.4,1390.4,1390.4,1390.4,0
1987-10-01T00:00:00+00:00,1390.4,1390.4,1390.4,1390.4,0
1987-10-02T00:00:00+00:00,1390.4,1390.4,1390.4,1390.4,0
1987-10-06T00:00:00+00:00,1390.4,1390.4,1390.4,1390.4,0
1987-10-07T00:00:00+00:00,1390.4,1390.4,1390.4,1390.4,0
1987-10-08T00:00:00+00:00,1390.4,1390.4,1390.4,1390.4,0
1987-10-09T00:00:00+00:00,1390.4,1390.4,1390.4,1390.4,0
1987-10-13T00:00:00+00:00,1390.4,1390.4,1390.4,1390.4,0
1987-10-14T00:00:00+00:00,1390.4,1390.4,1390.4,1390.4,0
1987-10-15T00:00:00+00:00,1390.4,1390.4,1390.4,1390.4,0
1987-10-16T00:00:00+00:00,1390.4,1390.4,1390.4,1390.4,0
1987-10-20T00:00:00+00:00,1390.4,1390.4,1390.4,1390.4,0
1987-10-21T00:00:00+00:00,1390.4,1390.4,1390.4,1390.4,0
1987-10-22T00:00:00+00:00,1390.4,1390.4,1390.4,1390.4,0
1987-10-23T00:00:00+00:00,1390.4,1390.4,1390.4,1390.4,0
1987-10-27T00:00:00+00:00,1390.4,1390.4,1390.4,1390.4,0
1987-10-28T00:00:00+00:00,1390.4,1390.4,1390.4,1390.4,0
1987-10-29T00:00:00+00:00,1390.4,1390.4,1390.4,1390.4,0
1987-10-30T00:00:00+00:00,1390.4,1390.4,1390.4,1390.4,0
1987-11-03T00:00:00+00:00,1390.4,1390.4,1390.4,1390.4,0
1987-11-04T00:00:00+00:00,1390.4,1390.4,1390.4,1390.4,0
1987-11-05T00:00:00+00:00,1390.4,1390.4,1390.4,1390.4,0
1987-11-06T00:00:00+00:00,1390.4,1390.4,1390.4,1390.4,0
1987-11-10T00:00:00+00:00,1390.4,1390.4,1390.4,1390.4,0
1987-11-11T00:00:00+00:00,1390.4,1390.4,1390.4,1390.4,0
1987-11-12T00:00:00+00:00,1390.4,1390.4,1390.4,1390.4,0
1987-11-13T00:00:00+00:00,1390.4,1390.4,1390.4,1390.4,0
1987-11-17T00:00:00+00:00,1390.4,1390.4,1390.4,1390.4,0
1987-11-18T00:00:00+00:00,1390.4,1390.4,1390.4,1390.4,0
1987-11-20T00:00:00+00:00,1055.6,1055.6,1055.6,1055.6,0
1987-11-24T00:00:00+00:00,1055.6,1055.6,1055.6,1055.6,0
1987-11-25T00:00:00+00:00,1055.6,1055.6,1055.6,1055.6,0
1987-11-26T00:00:00+00:00,1055.6,1055.6,1055.6,1055.6,0
1987-11-27T00:00:00+00:00,1055.6,1055.6,1055.6,1055.6,0
1987-12-01T00:00:00+00:00,1055.6,1055.6,1055.6,1055.6,0
1987-12-02T00:00:00+00:00,1055.6,1055.6,1055.6,1055.6,0
1987-12-03T00:00:00+00:00,1055.6,1055.6,1055.6,1055.6,0
1987-12-04T00:00:00+00:00,1055.6,1055.6,1055.6,1055.6,0
1987-12-08T00:00:00+00:00,1055.6,1055.6,1055.6,1055.6,0
1987-12-09T00:00:00+00:00,1055.6,1055.6,1055.6,1055.6,0
1987-12-10T00:00:00+00:00,1055.6,1055.6,1055.6,1055.6,0
1987-12-11T00:00:00+00:00,1055.6,1055.6,1055.6,1055.6,0
1987-12-15T00:00:00+00:00,1055.6,1055.6,1055.6,1055.6,0
1987-12-16T00:00:00+00:00,1055.6,1055.6,1055.6,1055.6,0
1987-12-17T00:00:00+00:00,1055.6,1055.6,1055.6,1055.6,0
1987-12-18T00:00:00+00:00,1055.6,1055.6,1055.6,1055.6,0
1987-12-22T00:00:00+00:00,1055.6,1055.6,1055.6,1055.6,0
1987-12-23T00:00:00+00:00,1055.6,1055.6,1055.6,1055.6,0
1987-12-24T00:00:00+00:00,1055.6,1055.6,1055.6,1055.6,0
1987-12-29T00:00:00+00:00,1055.6,1055.6,1055.6,1055.6,0
1987-12-30T00:00:00+00:00,1055.6,1055.6,1055.6,1055.6,0
1987-12-31T00:00:00+00:00,1000,1000,1000,1000,0
1988-01-05T00:00:00+00:00,1000,1000,1000,1000,0
1988-01-06T00:00:00+00:00,1000,1000,1000,1000,0
1988-01-07T00:00:00+00:00,1000,1000,1000,1000,0
1988-01-08T00:00:00+00:00,1000,1000,1000,1000,0
1988-01-12T00:00:00+00:00,1000,1000,1000,1000,0
1988-01-13T00:00:00+00:00,1000,1000,1000,1000,0
1988-01-14T00:00:00+00:00,1000,1000,1000,1000,0
1988-01-15T00:00:00+00:00,1000,1000,1000,1000,0
1988-01-19T00:00:00+00:00,1000,1000,1000,1000,0
1988-01-20T00:00:00+00:00,1000,1000,1000,1000,0
1988-01-21T00:00:00+00:00,1000,1000,1000,1000,0
1988-01-22T00:00:00+00:00,1000,1000,1000,1000,0
1988-01-26T00:00:00+00:00,1000,1000,1000,1000,0
1988-01-27T00:00:00+00:00,1000,1000,1000,1000,0
1988-01-28T00:00:00+00:00,1000,1000,1000,1000,0
1988-01-29T00:00:00+00:00,1000,1000,1000,1000,0
1988-02-02T00:00:00+00:00,1000,1000,1000,1000,0
1988-02-03T00:00:00+00:00,1000,1000,1000,1000,0
1988-02-04T00:00:00+00:00,1000,1000,1000,1000,0
1988-02-05T00:00:00+00:00,1000,1000,1000,1000,0
1988-02-09T00:00:00+00:00,1000,1000,1000,1000,0
1988-02-10T00:00:00+00:00,1000,1000,1000,1000,0
1988-02-11T00:00:00+00:00,1000,1000,1000,1000,0
1988-02-12T00:00:00+00:00,1000,1000,1000,1000,0
1988-02-16T00:00:00+00:00,1000,1000,1000,1000,0
1988-02-17T00:00:00+00:00,1000,1000,1000,1000,0
1988-02-18T00:00:00+00:00,1000,1000,1000,1000,0
1988-02-19T00:00:00+00:00,1000,1000,1000,1000,0
1988-02-23T00:00:00+00:00,1000,1000,1000,1000,0
1988-02-24T00:00:00+00:00,1000,1000,1000,1000,0
1988-02-25T00:00:00+00:00,1000,1000,1000,1000,0
1988-02-26T00:00:00+00:00,1000,1000,1000,1000,0
1988-03-01T00:00:00+00:00,1000,1000,1000,1000,0
1988-03-02T00:00:00+00:00,1000,1000,1000,1000,0
1988-03-03T00:00:00+00:00,1000,1000,1000,1000,0
1988-03-04T00:00:00+00:00,1000,1000,1000,1000,0
1988-03-08T00:00:00+00:00,1000,1000,1000,1000,0
1988-03-09T00:00:00+00:00,1000,1000,1000,1000,0
1988-03-10T00:00:00+00:00,1000,1000,1000,1000,0
1988-03-11T00:00:00+00:00,1000,1000,1000,1000,0
1988-03-15T00:00:00+00:00,1000,1000,1000,1000,0
1988-03-16T00:00:00+00:00,1000,1000,1000,1000,0
1988-03-17T00:00:00+00:00,1000,1000,1000,1000,0
1988-03-18T00:00:00+00:00,1000,1000,1000,1000,0
1988-03-22T00:00:00+00:00,1000,1000,1000,1000,0
1988-03-23T00:00:00+00:00,1000,1000,1000,1000,0
1988-03-24T00:00:00+00:00,1000,1000,1000,1000,0
1988-03-25T00:00:00+00:00,1000,1000,1000,1000,0
1988-03-29T00:00:00+00:00,1000,1000,1000,1000,0
1988-03-30T00:00:00+00:00,1000,1000,1000,1000,0
1988-03-31T00:00:00+00:00,1000,1000,1000,1000,0
1988-04-01T00:00:00+00:00,1000,1000,1000,1000,0
1988-04-06T00:00:00+00:00,1061.2,1061.2,1061.2,1061.2,0
1988-04-07T00:00:00+00:00,1061.2,1061.2,1061.2,1061.2,0
1988-04-08T00:00:00+00:00,1061.2,1061.2,1061.2,1061.2,0
1988-04-12T00:00:00+00:00,1061.2,1061.2,1061.2,1061.2,0
1988-04-13T00:00:00+00:00,1061.2,1061.2,1061.2,1061.2,0
1988-04-14T00:00:00+00:00,1061.2,1061.2,1061.2,1061.2,0
1988-04-15T00:00:00+00:00,1061.2,1061.2,1061.2,1061.2,0
1988-04-19T00:00:00+00:00,1061.2,1061.2,1061.2,1061.2,0
1988-04-20T00:00:00+00:00,1061.2,1061.2,1061.2,1061.2,0
1988-04-21T00:00:00+00:00,1061.2,1061.2,1061.2,1061.2,0
1988-04-22T00:00:00+00:00,1061.2,1061.2,1061.2,1061.2,0
1988-04-26T00:00:00+00:00,1061.2,1061.2,1061.2,1061.2,0
1988-04-27T00:00:00+00:00,1061.2,1061.2,1061.2,1061.2,0
1988-04-28T00:00:00+00:00,1061.2,1061.2,1061.2,1061.2,0
1988-04-29T00:00:00+00:00,1061.2,1061.2,1061.2,1061.2,0
1988-05-03T00:00:00+00:00,1061.2,1061.2,1061.2,1061.2,0
1988-05-04T00:00:00+00:00,1061.2,1061.2,1061.2,1061.2,0
1988-05-05T00:00:00+00:00,1061.2,1061.2,1061.2,1061.2,0
1988-05-06T00:00:00+00:00,1061.2,1061.2,1061.2,1061.2,0
1988-05-10T00:00:00+00:00,1061.2,1061.2,1061.2,1061.2,0
1988-05-11T00:00:00+00:00,1061.2,1061.2,1061.2,1061.2,0
1988-05-12T00:00:00+00:00,1061.2,1061.2,1061.2,1061.2,0
1988-05-17T00:00:00+00:00,1053.86,1053.86,1053.86,1053.86,0
1988-05-18T00:00:00+00:00,1053.86,1053.86,1053.86,1053.86,0
1988-05-19T00:00:00+00:00,1053.86,1053.86,1053.86,1053.86,0
1988-05-20T00:00:00+00:00,1053.86,1053.86,1053.86,1053.86,0
1988-05-25T00:00:00+00:00,1030.91,1030.91,1030.91,1030.91,0
1988-05-26T00:00:00+00:00,1030.91,1030.91,1030.91,1030.91,0
1988-05-27T00:00:00+00:00,1030.91,1030.91,1030.91,1030.91,0
1988-05-31T00:00:00+00:00,1030.91,1030.91,1030.91,1030.91,0
1988-06-01T00:00:00+00:00,1030.91,1030.91,1030.91,1030.91,0
1988-06-02T00:00:00+00:00,1030.91,1030.91,1030.91,1030.91,0
1988-06-07T00:00:00+00:00,1111.23,1111.23,1111.23,1111.23,0
1988-06-08T00:00:00+00:00,1111.23,1111.23,1111.23,1111.23,0
1988-06-09T00:00:00+00:00,1111.23,1111.23,1111.23,1111.23,0
1988-06-10T00:00:00+00:00,1111.23,1111.23,1111.23,1111.23,0
1988-06-14T00:00:00+00:00,1111.23,1111.23,1111.23,1111.23,0
1988-06-15T00:00:00+00:00,1111.23,1111.23,1111.23,1111.23,0
1988-06-16T00:00:00+00:00,1111.23,1111.23,1111.23,1111.23,0
1988-06-17T00:00:00+00:00,1111.23,1111.23,1111.23,1111.23,0
1988-06-21T00:00:00+00:00,1111.23,1111.23,1111.23,1111.23,0
1988-06-22T00:00:00+00:00,1111.23,1111.23,1111.23,1111.23,0
1988-06-23T00:00:00+00:00,1111.23,1111.23,1111.23,1111.23,0
1988-06-24T00:00:00+00:00,1111.23,1111.23,1111.23,1111.23,0
1988-06-28T00:00:00+00:00,1111.23,1111.23,1111.23,1111.23,0
1988-06-29T00:00:00+00:00,1111.23,1111.23,1111.23,1111.23,0
1988-06-30T00:00:00+00:00,1111.23,1111.23,1111.23,1111.23,0
1988-07-01T00:00:00+00:00,1111.23,1111.23,1111.23,1111.23,0
1988-07-05T00:00:00+00:00,1111.23,1111.23,1111.23,1111.23,0
1988-07-06T00:00:00+00:00,1111.23,1111.23,1111.23,1111.23,0
1988-07-07T00:00:00+00:00,1111.23,1111.23,1111.23,1111.23,0
1988-07-08T00:00:00+00:00,1111.23,1111.23,1111.23,1111.23,0
1988-07-12T00:00:00+00:00,1111.23,1111.23,1111.23,1111.23,0
1988-07-13T00:00:00+00:00,1111.23,1111.23,1111.23,1111.23,0
1988-07-14T00:00:00+00:00,1111.23,1111.23,1111.23,1111.23,0
1988-07-15T00:00:00+00:00,1111.23,1111.23,1111.23,1111.23,0
1988-07-19T00:00:00+00:00,1111.23,1111.23,1111.23,1111.23,0
1988-07-20T00:00:00+00:00,1111.23,1111.23,1111.23,1111.23,0
1988-07-21T00:00:00+00:00,1111.23,1111.23,1111.23,1111.23,0
1988-07-22T00:00:00+00:00,1111.23,1111.23,1111.23,1111.23,0
1988-07-26T00:00:00+00:00,1111.23,1111.23,1111.23,1111.23,0
1988-07-27T00:00:00+00:00,1111.23,1111.23,1111.23,1111.23,0
1988-07-28T00:00:00+00:00,1111.23,1111.23,1111.23,1111.23,0
1988-07-29T00:00:00+00:00,1111.23,1111.23,1111.23,1111.23,0
1988-08-02T00:00:00+00:00,1111.23,1111.23,1111.23,1111.23,0
1988-08-03T00:00:00+00:00,1111.23,1111.23,1111.23,1111.23,0
1988-08-04T00:00:00+00:00,1111.23,1111.23,1111.23,1111.23,0
1988-08-05T00:00:00+00:00,1111.23,1111.23,1111.23,1111.23,0
1988-08-09T00:00:00+00:00,1111.23,1111.23,1111.23,1111.23,0
1988-08-10T00:00:00+00:00,1111.23,1111.23,1111.23,1111.23,0
1988-08-11T00:00:00+00:00,1111.23,1111.23,1111.23,1111.23,0
1988-08-12T00:00:00+00:00,1111.23,1111.23,1111.23,1111.23,0
1988-08-16T00:00:00+00:00,1111.23,1111.23,1111.23,1111.23,0
1988-08-17T00:00:00+00:00,1111.23,1111.23,1111.23,1111.23,0
1988-08-18T00:00:00+00:00,1111.23,1111.23,1111.23,1111.23,0
1988-08-19T00:00:00+00:00,1111.23,1111.23,1111.23,1111.23,0
1988-08-23T00:00:00+00:00,1111.23,1111.23,1111.23,1111.23,0
1988-08-24T00:00:00+00:00,1111.23,1111.23,1111.23,1111.23,0
1988-08-25T00:00:00+00:00,1111.23,1111.23,1111.23,1111.23,0
1988-08-26T00:00:00+00:00,1111.23,1111.23,1111.23,1111.23,0
1988-08-30T00:00:00+00:00,1111.23,1111.23,1111.23,1111.23,0
1988-08-31T00:00:00+00:00,1111.23,1111.23,1111.23,1111.23,0
1988-09-01T00:00:00+00:00,1111.23,1111.23,1111.23,1111.23,0
1988-09-02T00:00:00+00:00,1111.23,1111.23,1111.23,1111.23,0
1988-09-06T00:00:00+00:00,1111.23,1111.23,1111.23,1111.23,0
1988-09-07T00:00:00+00:00,1111.23,1111.23,1111.23,1111.23,0
1988-09-08T00:00:00+00:00,1111.23,1111.23,1111.23,1111.23,0
1988-09-09T00:00:00+00:00,1111.23,1111.23,1111.23,1111.23,0
1988-09-13T00:00:00+00:00,1111.23,1111.23,1111.23,1111.23,0
1988-09-14T00:00:00+00:00,1111.23,1111.23,1111.23,1111.23,0
1988-09-15T00:00:00+00:00,1111.23,1111.23,1111.23,1111.23,0
1988-09-16T00:00:00+00:00,1111.23,1111.23,1111.23,1111.23,0
1988-09-20T00:00:00+00:00,1111.23,1111.23,1111.23,1111.23,0
1988-09-21T00:00:00+00:00,1111.23,1111.23,1111.23,1111.23,0
1988-09-22T00:00:00+00:00,1111.23,1111.23,1111.23,1111.23,0
1988-09-23T00:00:00+00:00,1111.23,1111.23,1111.23,1111.23,0
1988-09-27T00:00:00+00:00,1111.23,1111.23,1111.23,1111.23,0
1988-09-28T00:00:00+00:00,1111.23,1111.23,1111.23,1111.23,0
1988-09-29T00:00:00+00:00,1111.23,1111.23,1111.23,1111.23,0
1988-09-30T00:00:00+00:00,1111.23,1111.23,1111.23,1111.23,0
1988-10-04T00:00:00+00:00,1111.23,1111.23,1111.23,1111.23,0
1988-10-05T00:00:00+00:00,1111.23,1111.23,1111.23,1111.23,0
1988-10-06T00:00:00+00:00,1111.23,1111.23,1111.23,1111.23,0
1988-10-07T00:00:00+00:00,1111.23,1111.23,1111.23,1111.23,0
1988-10-11T00:00:00+00:00,1111.23,1111.23,1111.23,1111.23,0
1988-10-12T00:00:00+00:00,1111.23,1111.23,1111.23,1111.23,0
1988-10-13T00:00:00+00:00,1111.23,1111.23,1111.23,1111.23,0
1988-10-14T00:00:00+00:00,1111.23,1111.23,1111.23,1111.23,0
1988-10-18T00:00:00+00:00,1111.23,1111.23,1111.23,1111.23,0
1988-10-19T00:00:00+00:00,1111.23,1111.23,1111.23,1111.23,0
1988-10-20T00:00:00+00:00,1111.23,1111.23,1111.23,1111.23,0
1988-10-21T00:00:00+00:00,1111.23,1111.23,1111.23,1111.23,0
1988-10-25T00:00:00+00:00,1111.23,1111.23,1111.23,1111.23,0
1988-10-26T00:00:00+00:00,1111.23,1111.23,1111.23,1111.23,0
1988-10-27T00:00:00+00:00,1111.23,1111.23,1111.23,1111.23,0
1988-10-28T00:00:00+00:00,1111.23,1111.23,1111.23,1111.23,0
1988-11-01T00:00:00+00:00,1111.23,1111.23,1111.23,1111.23,0
1988-11-02T00:00:00+00:00,1111.23,1119.16,1111.23,1119.16,0
1988-11-03T00:00:00+00:00,1119.16,1119.16,1099.7200000000003,1100.3700000000001,0
1988-11-04T00:00:00+00:00,1100.3700000000001,1100.3700000000001,1093.03,1098.3,0
1988-11-08T00:00:00+00:00,1098.3,1098.3,1094.22,1096.5800000000002,0
1988-11-09T00:00:00+00:00,1096.5800000000002,1104.9300000000003,1096.5800000000002,1102.3900000000003,0
1988-11-10T00:00:00+00:00,1102.3900000000003,1102.3900000000003,1093.2300000000002,1093.7100000000003,0
1988-11-11T00:00:00+00:00,1093.7100000000003,1093.7100000000003,1086.0900000000001,1088.3500000000001,0
1988-11-15T00:00:00+00:00,1088.3500000000001,1088.3500000000001,1078.91,1088.28,0
1988-11-16T00:00:00+00:00,1088.28,1088.28,1083.48,1083.57,0
1988-11-17T00:00:00+00:00,1083.57,1088.28,1083.48,1083.57,0
1988-11-18T00:00:00+00:00,1083.57,1085.7,1076.37,1085.62,0
1988-11-22T00:00:00+00:00,1085.62,1085.62,1081.7199999999998,1082.1299999999999,0
1988-11-23T00:00:00+00:00,1082.1299999999999,1082.1299999999999,1078.2999999999997,1080.6499999999999,0
1988-11-24T00:00:00+00:00,1080.6499999999999,1080.6499999999999,1075.28,1076.6899999999998,0
1988-11-25T00:00:00+00:00,1076.6899999999998,1080.09,1074.6899999999998,1075.05,0
1988-11-29T00:00:00+00:00,1075.05,1075.05,1065.04,1065.1100000000001,0
1988-11-30T00:00:00+00:00,1065.1100000000001,1069.5800000000002,1063.76,1068.49,0
1988-12-01T00:00:00+00:00,1068.49,1068.49,1062.1,1067.85,0
1988-12-02T00:00:00+00:00,1067.85,1067.85,1062.3199999999997,1062.6999999999998,0
1988-12-06T00:00:00+00:00,1062.6999999999998,1069.1799999999998,1059.8899999999999,1069.1499999999999,0
1988-12-07T00:00:00+00:00,1069.1499999999999,1069.1499999999999,1062.3799999999999,1063.55,0
1988-12-08T00:00:00+00:00,1063.55,1063.55,1063.55,1063.55,0
1988-12-09T00:00:00+00:00,1063.55,1063.55,1063.55,1063.55,0
1988-12-13T00:00:00+00:00,1063.55,1063.55,1054.92,1056.64,0
1988-12-14T00:00:00+00:00,1056.64,1056.64,1052.84,1056.63,0
1988-12-15T00:00:00+00:00,1056.63,1056.63,1056.63,1056.63,0
1988-12-16T00:00:00+00:00,1056.63,1056.63,1056.63,1056.63,0
1988-12-20T00:00:00+00:00,1056.63,1056.63,1046.8100000000002,1056.3300000000002,0
1988-12-21T00:00:00+00:00,1056.3300000000002,1056.3300000000002,1051.1000000000001,1052.6000000000001,0
1988-12-22T00:00:00+00:00,1052.6000000000001,1052.6000000000001,1046.46,1047.1200000000001,0
1988-12-23T00:00:00+00:00,1047.1200000000001,1047.1200000000001,1047.1200000000001,1047.1200000000001,0
1988-12-28T00:00:00+00:00,1343.84,1343.84,1336.84,1340.41,0
1988-12-29T00:00:00+00:00,1340.41,1340.41,1337.8899999999999,1339.02,0
1988-12-30T00:00:00+00:00,1339.02,1339.02,1335.59,1335.59,0
1989-01-03T00:00:00+00:00,1335.59,1335.59,1322.81,1335.52,0
1989-01-04T00:00:00+00:00,1335.52,1335.52,1321.16,1332.55,0
1989-01-05T00:00:00+00:00,1332.55,1332.55,1323.1999999999998,1324.4399999999998,0
1989-01-06T00:00:00+00:00,1324.4399999999998,1324.4399999999998,1318.2099999999998,1318.8999999999996,0
1989-01-10T00:00:00+00:00,1318.8999999999996,1318.8999999999996,1312.9099999999996,1313.0899999999997,0
1989-01-11T00:00:00+00:00,1313.0899999999997,1313.0899999999997,1304.1799999999998,1305.4599999999998,0
1989-01-12T00:00:00+00:00,1305.4599999999998,1305.4599999999998,1300.4999999999998,1304.4599999999998,0
1989-01-13T00:00:00+00:00,1304.4599999999998,1304.4599999999998,1299.8699999999997,1301.3099999999997,0
1989-01-17T00:00:00+00:00,1301.3099999999997,1301.3099999999997,1293.1199999999997,1294.8599999999997,0
1989-01-18T00:00:00+00:00,1294.8599999999997,1295.5999999999997,1267.1699999999998,1267.4099999999999,0
1989-01-19T00:00:00+00:00,1267.4099999999999,1274.4599999999998,1266.2299999999998,1274.4299999999998,0
1989-01-20T00:00:00+00:00,1274.4299999999998,1274.4299999999998,1268.01,1269.49,0
1989-01-24T00:00:00+00:00,1269.49,1269.49,1260.24,1269.3500000000001,0
1989-01-25T00:00:00+00:00,1269.3500000000001,1269.3500000000001,1259.8200000000002,1268.5500000000002,0
1989-01-26T00:00:00+00:00,1268.5500000000002,1268.5500000000002,1259.5700000000002,1261.65,0
1989-01-27T00:00:00+00:00,1261.65,1261.65,1253.93,1254.38,0
1989-01-31T00:00:00+00:00,1254.38,1254.9,1236.4400000000003,1239.17,0
1989-02-01T00:00:00+00:00,1239.17,1239.17,1226.66,1226.68,0
1989-02-02T00:00:00+00:00,1226.68,1226.68,1218.32,1218.97,0
1989-02-03T00:00:00+00:00,1218.97,1218.97,1210.3,1218.77,0
1989-02-07T00:00:00+00:00,1218.77,1237.55,1218.43,1237.55,0
1989-02-08T00:00:00+00:00,1237.55,1244.62,1235.02,1237.45,0
1989-02-09T00:00:00+00:00,1237.45,1237.45,1232.47,1237.18,0
1989-02-10T00:00:00+00:00,1237.18,1237.18,1228.26,1229.8200000000002,0
1989-02-14T00:00:00+00:00,1229.8200000000002,1229.8200000000002,1224.45,1224.45,0
1989-02-15T00:00:00+00:00,1224.45,1226.8400000000001,1221.54,1222.15,0
1989-02-16T00:00:00+00:00,1222.15,1222.15,1211.4800000000002,1215.91,0
1989-02-17T00:00:00+00:00,1215.91,1226.38,1215.71,1216.5000000000002,0
1989-02-21T00:00:00+00:00,1216.5000000000002,1216.5000000000002,1213.3500000000004,1213.3500000000004,0
1989-02-22T00:00:00+00:00,1213.3500000000004,1213.3500000000004,1208.9000000000003,1209.3600000000004,0
1989-02-23T00:00:00+00:00,1209.3600000000004,1209.3600000000004,1196.2500000000005,1200.4100000000005,0
1989-02-24T00:00:00+00:00,1200.4100000000005,1200.4100000000005,1192.9300000000005,1195.0200000000007,0
1989-02-28T00:00:00+00:00,1195.0200000000007,1195.0200000000007,1186.8700000000008,1194.9800000000007,0
1989-03-01T00:00:00+00:00,1194.9800000000007,1194.9800000000007,1189.8700000000008,1192.8200000000008,0
1989-03-02T00:00:00+00:00,1192.8200000000008,1192.8200000000008,1181.210000000001,1187.8000000000009,0
1989-03-03T00:00:00+00:00,1187.8000000000009,1190.0800000000008,1182.8800000000008,1189.8200000000008,0
1989-03-07T00:00:00+00:00,1189.8200000000008,1189.8200000000008,1178.0900000000008,1188.480000000001,0
1989-03-08T00:00:00+00:00,1188.480000000001,1188.480000000001,1173.840000000001,1176.510000000001,0
1989-03-09T00:00:00+00:00,1176.510000000001,1176.510000000001,1172.100000000001,1174.720000000001,0
1989-03-10T00:00:00+00:00,1174.720000000001,1176.510000000001,1172.100000000001,1176.370000000001,0
1989-03-14T00:00:00+00:00,1176.370000000001,1176.370000000001,1165.810000000001,1172.810000000001,0
1989-03-15T00:00:00+00:00,1172.810000000001,1172.810000000001,1166.8900000000012,1169.0000000000011,0
1989-03-16T00:00:00+00:00,1169.0000000000011,1169.0000000000011,1165.670000000001,1167.850000000001,0
1989-03-17T00:00:00+00:00,1167.850000000001,1167.850000000001,1164.5000000000011,1165.6900000000012,0
1989-03-21T00:00:00+00:00,1165.6900000000012,1166.9300000000012,1141.9600000000012,1146.360000000001,0
1989-03-22T00:00:00+00:00,1146.360000000001,1147.2600000000011,1145.1400000000012,1146.280000000001,0
1989-03-23T00:00:00+00:00,1146.280000000001,1146.280000000001,1140.430000000001,1140.540000000001,0
1989-03-24T00:00:00+00:00,1140.540000000001,1143.670000000001,1136.840000000001,1143.640000000001,0
1989-03-29T00:00:00+00:00,1306.77,1308.71,1306.04,1306.47,0
1989-03-30T00:00:00+00:00,1306.47,1306.47,1304.8400000000001,1304.92,0
1989-03-31T00:00:00+00:00,1304.92,1304.92,1302.23,1303.8600000000001,0
1989-04-04T00:00:00+00:00,1303.8600000000001,1325.55,1303.8600000000001,1325.55,0
1989-04-05T00:00:00+00:00,1325.55,1326.78,1319.88,1320.99,0
1989-04-06T00:00:00+00:00,1320.99,1330.07,1319.63,1330,0
1989-04-07T00:00:00+00:00,1330,1333.31,1324.99,1326.69,0
1989-04-11T00:00:00+00:00,1326.69,1326.69,1314.25,1322.7,0
1989-04-12T00:00:00+00:00,1322.7,1322.7,1315.7900000000002,1316.93,0
1989-04-13T00:00:00+00:00,1316.93,1316.93,1307.6100000000001,1316.89,0
1989-04-14T00:00:00+00:00,1316.89,1336.41,1316.89,1322.99,0
1989-04-18T00:00:00+00:00,1322.99,1322.99,1315.52,1317.62,0
1989-04-19T00:00:00+00:00,1317.62,1318.63,1312.94,1317.14,0
1989-04-20T00:00:00+00:00,1317.14,1319.04,1311.16,1311.53,0
1989-04-21T00:00:00+00:00,1311.53,1312.91,1305.04,1312.91,0
1989-04-25T00:00:00+00:00,1312.91,1313.51,1303.98,1305.0800000000002,0
1989-04-26T00:00:00+00:00,1305.0800000000002,1309.3,1301.97,1309.1200000000001,0
1989-04-27T00:00:00+00:00,1309.1200000000001,1309.1200000000001,1302.99,1302.99,0
1989-04-28T00:00:00+00:00,1302.99,1308.19,1298.72,1299.52,0
1989-05-03T00:00:00+00:00,1362.95,1362.95,1358.98,1362.54,0
1989-05-04T00:00:00+00:00,1362.54,1362.54,1358.54,1362.12,0
1989-05-09T00:00:00+00:00,1380.46,1381.63,1378.97,1380.07,0
1989-05-10T00:00:00+00:00,1380.07,1380.07,1370.61,1370.77,0
1989-05-11T00:00:00+00:00,1370.77,1373.1499999999999,1368.59,1370.33,0
1989-05-12T00:00:00+00:00,1370.33,1375.75,1363.26,1363.34,0
1989-05-17T00:00:00+00:00,1343.04,1343.04,1338.6,1339.75,0
1989-05-18T00:00:00+00:00,1339.75,1346.83,1336.2,1345.64,0
1989-05-19T00:00:00+00:00,1345.64,1351.44,1343.2,1343.98,0
1989-05-23T00:00:00+00:00,1343.98,1346.9399999999998,1338.57,1338.6699999999998,0
1989-05-24T00:00:00+00:00,1338.6699999999998,1338.6699999999998,1333.3999999999999,1338.6499999999999,0
1989-05-25T00:00:00+00:00,1338.6499999999999,1338.6499999999999,1327.51,1338.12,0
1989-05-30T00:00:00+00:00,1375.94,1385.82,1371.97,1385.57,0
1989-05-31T00:00:00+00:00,1385.57,1385.57,1376.04,1382.23,0
1989-06-01T00:00:00+00:00,1382.23,1393.22,1381.77,1386.35,0
1989-06-02T00:00:00+00:00,1386.35,1393.84,1383.21,1392.06,0
1989-06-06T00:00:00+00:00,1392.06,1398.26,1388.6399999999999,1391.48,0
1989-06-07T00:00:00+00:00,1391.48,1391.48,1385.63,1390.69,0
1989-06-08T00:00:00+00:00,1390.69,1390.69,1379.88,1387.7400000000002,0
1989-06-09T00:00:00+00:00,1387.7400000000002,1387.7400000000002,1379.3100000000002,1381.4900000000002,0
1989-06-13T00:00:00+00:00,1381.4900000000002,1382.6100000000004,1377.9500000000003,1380.8700000000003,0
1989-06-14T00:00:00+00:00,1380.8700000000003,1380.8700000000003,1375.8600000000004,1380.7200000000003,0
1989-06-15T00:00:00+00:00,1380.7200000000003,1380.7200000000003,1374.9900000000002,1376.9200000000003,0
1989-06-16T00:00:00+00:00,1376.9200000000003,1376.9200000000003,1371.7700000000004,1373.5200000000004,0
1989-06-20T00:00:00+00:00,1373.5200000000004,1373.5200000000004,1356.3500000000004,1372.7900000000004,0
1989-06-21T00:00:00+00:00,1372.7900000000004,1372.7900000000004,1362.1900000000005,1363.1000000000004,0
1989-06-22T00:00:00+00:00,1363.1000000000004,1365.6000000000004,1358.8100000000004,1365.6000000000004,0
1989-06-23T00:00:00+00:00,1365.6000000000004,1365.6000000000004,1355.6200000000003,1355.7900000000002,0
1989-06-27T00:00:00+00:00,1355.7900000000002,1355.7900000000002,1350.41,1352.66,0
1989-06-28T00:00:00+00:00,1352.66,1352.66,1348.5700000000002,1352.4400000000003,0
1989-06-29T00:00:00+00:00,1352.4400000000003,1352.4400000000003,1341.4100000000003,1352.0300000000004,0
1989-06-30T00:00:00+00:00,1352.0300000000004,1357.8900000000003,1347.8500000000004,1352.5700000000004,0
1989-07-04T00:00:00+00:00,1352.5700000000004,1352.5700000000004,1336.7100000000003,1352.4500000000003,0
1989-07-05T00:00:00+00:00,1352.4500000000003,1352.4500000000003,1341.7600000000002,1342.3600000000004,0
1989-07-06T00:00:00+00:00,1342.3600000000004,1345.1200000000003,1328.9700000000003,1332.4400000000003,0
1989-07-07T00:00:00+00:00,1332.4400000000003,1332.4400000000003,1323.9700000000003,1332.0300000000002,0
1989-07-11T00:00:00+00:00,1332.0300000000002,1332.0300000000002,1322.0900000000001,1322.1000000000001,0
1989-07-12T00:00:00+00:00,1322.1000000000001,1322.1000000000001,1314.93,1322.1000000000001,0
1989-07-13T00:00:00+00:00,1322.1000000000001,1326.0800000000002,1316.0700000000002,1317.5400000000002,0
1989-07-14T00:00:00+00:00,1317.5400000000002,1317.5400000000002,1308.3600000000001,1316.3000000000002,0
1989-07-18T00:00:00+00:00,1316.3000000000002,1323.64,1308.8300000000002,1308.8300000000002,0
1989-07-19T00:00:00+00:00,1308.8300000000002,1308.8300000000002,1299.16,1307.2000000000003,0
1989-07-20T00:00:00+00:00,1307.2000000000003,1307.2000000000003,1297.8800000000003,1306.7500000000005,0
1989-07-21T00:00:00+00:00,1306.7500000000005,1306.7500000000005,1301.2800000000004,1306.3100000000004,0
1989-07-25T00:00:00+00:00,1306.3100000000004,1314.2700000000002,1294.2100000000003,1294.2100000000003,0
1989-07-26T00:00:00+00:00,1294.2100000000003,1307.3000000000004,1294.0100000000002,1306.7400000000002,0
1989-07-27T00:00:00+00:00,1306.7400000000002,1306.7400000000002,1293.9400000000003,1299.4800000000002,0
1989-07-28T00:00:00+00:00,1299.4800000000002,1303.8800000000003,1291.9900000000002,1298.0100000000002,0
1989-08-01T00:00:00+00:00,1298.0100000000002,1299.9500000000003,1289.8200000000002,1298.9000000000003,0
1989-08-02T00:00:00+00:00,1298.9000000000003,1298.9000000000003,1282.8400000000001,1294.9300000000003,0
1989-08-03T00:00:00+00:00,1294.9300000000003,1294.9300000000003,1282.5300000000002,1284.4,0
1989-08-04T00:00:00+00:00,1284.4,1284.4,1271.0200000000002,1272.4400000000003,0
1989-08-08T00:00:00+00:00,1272.4400000000003,1274.1800000000003,1266.0400000000004,1274.1700000000003,0
1989-08-09T00:00:00+00:00,1274.1700000000003,1274.1700000000003,1265.4400000000003,1266.13,0
1989-08-10T00:00:00+00:00,1266.13,1271.4700000000003,1261.64,1271.2500000000002,0
1989-08-11T00:00:00+00:00,1271.2500000000002,1271.2500000000002,1261.8800000000003,1261.9200000000003,0
1989-08-15T00:00:00+00:00,1261.9200000000003,1261.9200000000003,1255.7100000000003,1255.7100000000003,0
1989-08-16T00:00:00+00:00,1255.7100000000003,1255.7100000000003,1245.6500000000003,1255.3100000000004,0
1989-08-17T00:00:00+00:00,1255.3100000000004,1255.3100000000004,1241.9500000000005,1242.0100000000004,0
1989-08-18T00:00:00+00:00,1242.0100000000004,1242.0100000000004,1236.9000000000005,1240.6100000000006,0
1989-08-22T00:00:00+00:00,1240.6100000000006,1240.6100000000006,1226.3100000000006,1240.6100000000006,0
1989-08-23T00:00:00+00:00,1240.6100000000006,1245.0400000000006,1233.7500000000007,1238.2200000000005,0
1989-08-24T00:00:00+00:00,1238.2200000000005,1238.2200000000005,1224.0900000000006,1224.4100000000005,0
1989-08-25T00:00:00+00:00,1224.4100000000005,1224.4100000000005,1214.8300000000004,1219.0700000000004,0
1989-08-29T00:00:00+00:00,1219.0700000000004,1219.0700000000004,1213.5000000000005,1213.8700000000003,0
1989-08-30T00:00:00+00:00,1213.8700000000003,1215.8900000000006,1211.4000000000005,1215.2400000000005,0
1989-08-31T00:00:00+00:00,1215.2400000000005,1215.2400000000005,1209.6200000000006,1210.1900000000005,0
1989-09-01T00:00:00+00:00,1210.1900000000005,1210.1900000000005,1202.2500000000007,1209.9400000000005,0
1989-09-05T00:00:00+00:00,1209.9400000000005,1209.9400000000005,1199.9700000000005,1206.6700000000005,0
1989-09-06T00:00:00+00:00,1206.6700000000005,1206.6700000000005,1196.9300000000005,1200.4600000000005,0
1989-09-07T00:00:00+00:00,1200.4600000000005,1202.9300000000005,1194.8900000000006,1196.5400000000004,0
1989-09-08T00:00:00+00:00,1196.5400000000004,1204.1800000000005,1196.5200000000004,1204.1800000000005,0
1989-09-12T00:00:00+00:00,1204.1800000000005,1204.1800000000005,1192.2200000000005,1194.6900000000005,0
1989-09-13T00:00:00+00:00,1194.6900000000005,1196.8900000000006,1178.2000000000005,1178.6600000000005,0
1989-09-14T00:00:00+00:00,1178.6600000000005,1178.6600000000005,1166.8000000000004,1167.6700000000005,0
1989-09-15T00:00:00+00:00,1167.6700000000005,1172.8600000000004,1164.3000000000004,1170.2600000000004,0
1989-09-19T00:00:00+00:00,1170.2600000000004,1170.2600000000004,1161.6100000000004,1170.1600000000003,0
1989-09-20T00:00:00+00:00,1170.1600000000003,1170.1600000000003,1161.4400000000003,1170.1600000000003,0
1989-09-21T00:00:00+00:00,1170.1600000000003,1176.4900000000002,1168.2200000000003,1168.8700000000001,0
1989-09-22T00:00:00+00:00,1168.8700000000001,1173.8000000000002,1167.3900000000003,1167.4200000000003,0
1989-09-26T00:00:00+00:00,1167.4200000000003,1167.4200000000003,1162.4600000000003,1164.5400000000004,0
1989-09-27T00:00:00+00:00,1164.5400000000004,1164.5400000000004,1147.6000000000004,1148.1600000000003,0
1989-09-28T00:00:00+00:00,1148.1600000000003,1148.1600000000003,1138.5100000000004,1146.2300000000002,0
1989-09-29T00:00:00+00:00,1146.2300000000002,1146.64,1140.3300000000002,1140.3300000000002,0
1989-10-03T00:00:00+00:00,1140.3300000000002,1146.9800000000002,1137.1200000000003,1143.7600000000002,0
1989-10-04T00:00:00+00:00,1143.7600000000002,1143.7600000000002,1131.48,1143.7600000000002,0
1989-10-05T00:00:00+00:00,1143.7600000000002,1143.7600000000002,1130.8100000000002,1137.3200000000002,0
1989-10-06T00:00:00+00:00,1137.3200000000002,1137.3200000000002,1130.65,1132.3300000000002,0
1989-10-10T00:00:00+00:00,1132.3300000000002,1132.3300000000002,1127.1200000000001,1131.2,0
1989-10-11T00:00:00+00:00,1131.2,1141.8400000000001,1127.02,1128.0600000000002,0
1989-10-12T00:00:00+00:00,1128.0600000000002,1128.0600000000002,1109.7,1109.7,0
1989-10-13T00:00:00+00:00,1109.7,1118.43,1106.44,1118.43,0
1989-10-17T00:00:00+00:00,1118.43,1118.43,1016.7900000000002,1016.7900000000002,0
1989-10-18T00:00:00+00:00,1016.7900000000002,1016.7900000000002,983.1500000000001,1013.1000000000001,0
1989-10-19T00:00:00+00:00,1013.1000000000001,1013.1000000000001,992.5500000000002,1001.6400000000003,0
1989-10-20T00:00:00+00:00,1001.6400000000003,1001.6400000000003,993.3300000000004,1001.2000000000003,0
1989-10-24T00:00:00+00:00,1001.2000000000003,1001.2000000000003,990.7800000000002,1000.9400000000003,0
1989-10-25T00:00:00+00:00,1000.9400000000003,1000.9400000000003,994.4900000000002,996.3600000000001,0
1989-10-26T00:00:00+00:00,996.3600000000001,996.3600000000001,986.5900000000001,988.95,0
1989-10-27T00:00:00+00:00,988.95,988.95,970.5100000000002,971.46,0
1989-10-31T00:00:00+00:00,971.46,974.8899999999999,965.5,974.8199999999999,0
1989-11-01T00:00:00+00:00,974.8199999999999,981.3199999999999,970.27,981.29,0
1989-11-02T00:00:00+00:00,981.29,981.29,974.81,977.71,0
1989-11-03T00:00:00+00:00,977.71,977.71,968.05,968.5799999999999,0
1989-11-07T00:00:00+00:00,968.5799999999999,973.06,963.2999999999997,973.06,0
1989-11-08T00:00:00+00:00,973.06,973.06,957.1999999999998,958.1799999999998,0
1989-11-09T00:00:00+00:00,958.1799999999998,958.1799999999998,952.3199999999999,957.3899999999999,0
1989-11-10T00:00:00+00:00,957.3899999999999,957.3899999999999,945.52,955.48,0
1989-11-14T00:00:00+00:00,955.48,955.48,937.71,952.6800000000001,0
1989-11-15T00:00:00+00:00,952.6800000000001,952.6800000000001,937.1000000000001,940.79,0
1989-11-16T00:00:00+00:00,940.79,949.6500000000001,933.9100000000001,935,0
1989-11-17T00:00:00+00:00,935,935,914.21,934.8,0
1989-11-21T00:00:00+00:00,934.8,934.8,928.55,928.9200000000001,0
1989-11-22T00:00:00+00:00,928.9200000000001,928.9200000000001,923.8399999999999,926.5899999999999,0
1989-11-23T00:00:00+00:00,926.5899999999999,928.9200000000001,923.8399999999999,926.5899999999999,0
1989-11-24T00:00:00+00:00,926.5899999999999,926.5899999999999,915,926.05,0
1989-11-28T00:00:00+00:00,926.05,934.1199999999999,924.6299999999999,924.9099999999999,0
1989-11-29T00:00:00+00:00,924.9099999999999,924.9099999999999,918.1499999999999,924.8399999999999,0
1989-11-30T00:00:00+00:00,924.8399999999999,924.8399999999999,914.4099999999999,916.3899999999999,0
1989-12-01T00:00:00+00:00,916.3899999999999,931.55,906.0699999999999,931.55,0
1989-12-05T00:00:00+00:00,931.55,931.55,924.2,927.8599999999999,0
1989-12-06T00:00:00+00:00,927.8599999999999,927.8599999999999,917.7999999999997,926.8399999999997,0
1989-12-07T00:00:00+00:00,926.8399999999997,926.8399999999997,908.2899999999997,922.8899999999996,0
1989-12-08T00:00:00+00:00,922.8899999999996,922.8899999999996,901.2299999999996,906.7999999999995,0
1989-12-12T00:00:00+00:00,906.7999999999995,914.1599999999996,906.7199999999996,909.7099999999996,0
1989-12-13T00:00:00+00:00,909.7099999999996,911.4299999999996,903.2699999999995,909.0599999999995,0
1989-12-14T00:00:00+00:00,909.0599999999995,909.0599999999995,896.6999999999996,905.0399999999995,0
1989-12-15T00:00:00+00:00,905.0399999999995,905.0399999999995,893.8299999999995,900.6199999999994,0
1989-12-19T00:00:00+00:00,900.6199999999994,909.5199999999993,898.8699999999994,907.7599999999993,0
1989-12-20T00:00:00+00:00,907.7599999999993,907.7599999999993,898.4799999999993,906.7699999999993,0
1989-12-21T00:00:00+00:00,906.7699999999993,906.7699999999993,897.2399999999993,906.7299999999993,0
1989-12-22T00:00:00+00:00,906.7299999999993,912.4199999999994,903.6299999999994,908.1899999999994,0
1989-12-27T00:00:00+00:00,908.1899999999994,913.8799999999994,905.0899999999995,909.6499999999994,0
1989-12-28T00:00:00+00:00,909.6499999999994,909.6499999999994,858.5999999999995,909.6499999999994,0
1989-12-29T00:00:00+00:00,909.6499999999994,909.6499999999994,879.0499999999995,895.0099999999993,0
1990-01-03T00:00:00+00:00,1790.37,1814.38,1774.7,1814.38,0
1990-01-04T00:00:00+00:00,1814.38,1814.38,1788.21,1807.8100000000002,0
1990-01-05T00:00:00+00:00,1807.8100000000002,1807.8100000000002,1782.14,1790.3100000000002,0
1990-01-09T00:00:00+00:00,1790.3100000000002,1790.3100000000002,1780.0100000000002,1784.8400000000001,0
1990-01-10T00:00:00+00:00,1784.8400000000001,1784.8400000000001,1774.77,1777.5900000000001,0
1990-01-11T00:00:00+00:00,1777.5900000000001,1777.5900000000001,1752.0400000000002,1754.8500000000004,0
1990-01-12T00:00:00+00:00,1754.8500000000004,1771.6500000000003,1750.8900000000003,1771.0500000000002,0
1990-01-16T00:00:00+00:00,1771.0500000000002,1771.0500000000002,1744.1400000000003,1767.0400000000002,0
1990-01-17T00:00:00+00:00,1767.0400000000002,1767.0400000000002,1731.5300000000002,1734.2800000000002,0
1990-01-18T00:00:00+00:00,1734.2800000000002,1734.2800000000002,1716.7300000000002,1716.9300000000003,0
1990-01-19T00:00:00+00:00,1716.9300000000003,1716.9300000000003,1702.1200000000003,1713.2300000000005,0
1990-01-23T00:00:00+00:00,1713.2300000000005,1713.2300000000005,1700.4600000000005,1702.9500000000005,0
1990-01-24T00:00:00+00:00,1702.9500000000005,1733.2700000000004,1688.2100000000005,1725.1700000000005,0
1990-01-25T00:00:00+00:00,1725.1700000000005,1725.1700000000005,1696.5800000000006,1701.5900000000006,0
1990-01-26T00:00:00+00:00,1701.5900000000006,1701.5900000000006,1686.7600000000007,1695.9700000000005,0
1990-01-30T00:00:00+00:00,1695.9700000000005,1695.9700000000005,1682.5300000000004,1690.0500000000004,0
1990-01-31T00:00:00+00:00,1690.0500000000004,1694.1600000000005,1682.0300000000004,1691.4000000000005,0
1990-02-01T00:00:00+00:00,1691.4000000000005,1691.4000000000005,1675.0300000000007,1682.8200000000006,0
1990-02-02T00:00:00+00:00,1682.8200000000006,1682.8200000000006,1668.6600000000005,1681.7100000000005,0
1990-02-06T00:00:00+00:00,1681.7100000000005,1681.7100000000005,1667.0500000000004,1676.3900000000006,0
1990-02-07T00:00:00+00:00,1676.3900000000006,1694.7000000000005,1668.6300000000006,1674.6800000000005,0
1990-02-08T00:00:00+00:00,1674.6800000000005,1674.6800000000005,1665.0800000000004,1672.3200000000004,0
1990-02-09T00:00:00+00:00,1672.3200000000004,1690.5300000000004,1671.2000000000005,1688.0100000000004,0
1990-02-13T00:00:00+00:00,1688.0100000000004,1688.0100000000004,1655.2600000000004,1688.0100000000004,0
1990-02-14T00:00:00+00:00,1688.0100000000004,1691.4300000000003,1667.6400000000003,1668.6000000000004,0
1990-02-15T00:00:00+00:00,1668.6000000000004,1678.8000000000004,1659.2000000000003,1659.8500000000004,0
1990-02-16T00:00:00+00:00,1659.8500000000004,1659.8500000000004,1649.2100000000003,1659.8500000000004,0
1990-02-20T00:00:00+00:00,1659.8500000000004,1659.8500000000004,1638.6500000000003,1638.6500000000003,0
1990-02-21T00:00:00+00:00,1638.6500000000003,1638.6500000000003,1619.7800000000002,1620.5700000000002,0
1990-02-22T00:00:00+00:00,1620.5700000000002,1620.5700000000002,1611.2100000000003,1613.7500000000002,0
1990-02-23T00:00:00+00:00,1613.7500000000002,1613.7500000000002,1598.9500000000003,1601.3000000000004,0
1990-02-27T00:00:00+00:00,1601.3000000000004,1601.3000000000004,1585.0600000000004,1601.0100000000004,0
1990-02-28T00:00:00+00:00,1601.0100000000004,1601.0100000000004,1588.7200000000005,1599.4000000000003,0
1990-03-01T00:00:00+00:00,1599.4000000000003,1607.5800000000004,1591.2400000000005,1605.0000000000005,0
1990-03-02T00:00:00+00:00,1605.0000000000005,1605.0000000000005,1594.0100000000004,1594.5100000000004,0
1990-03-06T00:00:00+00:00,1594.5100000000004,1594.5100000000004,1577.7200000000003,1589.2900000000004,0
1990-03-07T00:00:00+00:00,1589.2900000000004,1589.2900000000004,1568.7800000000004,1578.4900000000005,0
1990-03-08T00:00:00+00:00,1578.4900000000005,1578.4900000000005,1562.1700000000003,1577.0600000000004,0
1990-03-09T00:00:00+00:00,1577.0600000000004,1577.0600000000004,1570.2100000000005,1574.4600000000005,0
1990-03-13T00:00:00+00:00,1574.4600000000005,1574.4600000000005,1564.8100000000004,1572.0800000000004,0
1990-03-14T00:00:00+00:00,1572.0800000000004,1572.0800000000004,1557.4200000000003,1570.1600000000003,0
1990-03-15T00:00:00+00:00,1570.1600000000003,1588.1900000000003,1565.5200000000002,1565.5200000000002,0
1990-03-16T00:00:00+00:00,1565.5200000000002,1565.5200000000002,1553.43,1553.43,0
1990-03-20T00:00:00+00:00,1553.43,1553.43,1529.1200000000001,1529.1200000000001,0
1990-03-21T00:00:00+00:00,1529.1200000000001,1538.3000000000002,1523.8100000000002,1531.18,0
1990-03-22T00:00:00+00:00,1531.18,1531.18,1509.49,1528.97,0
1990-03-23T00:00:00+00:00,1528.97,1546.39,1508.89,1509.96,0
1990-03-27T00:00:00+00:00,1509.96,1518.5100000000002,1506.4800000000002,1517.3700000000001,0
1990-03-28T00:00:00+00:00,1517.3700000000001,1520.89,1501.7300000000002,1502.8200000000002,0
1990-03-29T00:00:00+00:00,1502.8200000000002,1508.44,1481.9700000000003,1506.44,0
1990-03-30T00:00:00+00:00,1506.44,1506.44,1485.0900000000001,1498.5600000000002,0
1990-04-03T00:00:00+00:00,1498.5600000000002,1498.5600000000002,1475.48,1476.66,0
1990-04-04T00:00:00+00:00,1476.66,1476.66,1454.21,1475.61,0
1990-04-05T00:00:00+00:00,1475.61,1478.12,1466.55,1470.53,0
1990-04-06T00:00:00+00:00,1470.53,1470.53,1457.4199999999998,1470.53,0
1990-04-10T00:00:00+00:00,1470.53,1470.53,1457.57,1465.37,0
1990-04-11T00:00:00+00:00,1465.37,1465.37,1449.83,1449.83,0
1990-04-12T00:00:00+00:00,1449.83,1459.21,1441.48,1445.09,0
1990-04-13T00:00:00+00:00,1445.09,1445.09,1425.6799999999998,1445.09,0
1990-04-18T00:00:00+00:00,1918.17,1924.69,1914.34,1914.35,0
1990-04-19T00:00:00+00:00,1914.35,1914.35,1903.15,1906.49,0
1990-04-20T00:00:00+00:00,1906.49,1906.49,1897.67,1903.29,0
1990-04-24T00:00:00+00:00,1903.29,1903.29,1871.98,1877.1,0
1990-04-25T00:00:00+00:00,1877.1,1881.1999999999998,1868.53,1870.1299999999999,0
1990-04-26T00:00:00+00:00,1870.1299999999999,1870.1299999999999,1857.35,1863.85,0
1990-04-27T00:00:00+00:00,1863.85,1866.1599999999999,1846.8899999999999,1847.61,0
1990-05-01T00:00:00+00:00,1817.79,1817.79,1809.04,1813.25,0
1990-05-03T00:00:00+00:00,1843.54,1843.54,1818.45,1843.41,0
1990-05-04T00:00:00+00:00,1843.41,1843.41,1817.42,1843.41,0
1990-05-08T00:00:00+00:00,1843.41,1865.66,1839.23,1865.47,0
1990-05-09T00:00:00+00:00,1865.47,1865.47,1842.53,1842.53,0
1990-05-10T00:00:00+00:00,1842.53,1857.39,1839.08,1839.83,0
1990-05-11T00:00:00+00:00,1839.83,1839.83,1829.12,1839.83,0
1990-05-15T00:00:00+00:00,1839.83,1839.83,1820.9399999999998,1828.4499999999998,0
1990-05-16T00:00:00+00:00,1828.4499999999998,1828.4499999999998,1815.6399999999999,1826.4299999999998,0
1990-05-17T00:00:00+00:00,1826.4299999999998,1833.1699999999998,1816.9499999999998,1816.9499999999998,0
1990-05-18T00:00:00+00:00,1816.9499999999998,1819.6999999999998,1799.7899999999997,1816.7599999999998,0
1990-05-22T00:00:00+00:00,1816.7599999999998,1816.7599999999998,1793.3399999999997,1796.6799999999998,0
1990-05-23T00:00:00+00:00,1796.6799999999998,1798.8199999999997,1771.2599999999998,1798.7599999999998,0
1990-05-24T00:00:00+00:00,1798.7599999999998,1798.7599999999998,1774.6999999999996,1791.6299999999997,0
1990-05-29T00:00:00+00:00,1823.17,1829.3,1813.38,1828.96,0
1990-05-30T00:00:00+00:00,1828.96,1828.96,1818.59,1818.79,0
1990-05-31T00:00:00+00:00,1818.79,1830.11,1814.72,1816.59,0
1990-06-01T00:00:00+00:00,1816.59,1821.11,1807.62,1820.46,0
1990-06-06T00:00:00+00:00,1881.73,1881.73,1864.92,1876.69,0
1990-06-07T00:00:00+00:00,1876.69,1876.69,1855.0100000000002,1855.0900000000001,0
1990-06-08T00:00:00+00:00,1855.0900000000001,1855.0900000000001,1844.53,1844.8500000000001,0
1990-06-12T00:00:00+00:00,1844.8500000000001,1844.8500000000001,1828.63,1838.63,0
1990-06-13T00:00:00+00:00,1838.63,1849.6200000000001,1829.18,1829.33,0
1990-06-14T00:00:00+00:00,1829.33,1829.33,1811.43,1821.16,0
1990-06-19T00:00:00+00:00,1792.26,1805.03,1786.95,1797.42,0
1990-06-20T00:00:00+00:00,1797.42,1797.42,1768.5900000000001,1797.42,0
1990-06-21T00:00:00+00:00,1797.42,1797.42,1789.5000000000002,1793.38,0
1990-06-22T00:00:00+00:00,1793.38,1807.4,1785.8600000000001,1807.4,0
1990-06-26T00:00:00+00:00,1807.4,1831.8600000000001,1802.29,1830.69,0
1990-06-27T00:00:00+00:00,1830.69,1840.5400000000002,1825.8400000000001,1829.23,0
1990-06-28T00:00:00+00:00,1829.23,1833.62,1814.91,1832.96,0
1990-06-29T00:00:00+00:00,1832.96,1832.96,1813.3600000000001,1813.3600000000001,0
1990-07-03T00:00:00+00:00,1813.3600000000001,1842.2200000000003,1813.3600000000001,1842.0500000000002,0
1990-07-04T00:00:00+00:00,1842.0500000000002,1845.9600000000003,1828.7300000000002,1828.9400000000003,0
1990-07-05T00:00:00+00:00,1828.9400000000003,1841.3700000000001,1828.9400000000003,1836.6700000000003,0
1990-07-06T00:00:00+00:00,1836.6700000000003,1836.6700000000003,1822.9700000000005,1823.5200000000004,0
1990-07-10T00:00:00+00:00,1823.5200000000004,1824.9800000000005,1808.4400000000005,1809.0700000000004,0
1990-07-11T00:00:00+00:00,1809.0700000000004,1809.0700000000004,1793.5100000000004,1803.7100000000005,0
1990-07-12T00:00:00+00:00,1803.7100000000005,1812.4500000000005,1791.8700000000003,1812.4300000000005,0
1990-07-13T00:00:00+00:00,1812.4300000000005,1812.9700000000005,1799.6200000000006,1799.9100000000005,0
1990-07-17T00:00:00+00:00,1799.9100000000005,1803.8700000000003,1792.6100000000004,1795.3900000000003,0
1990-07-18T00:00:00+00:00,1795.3900000000003,1802.3600000000001,1788.1100000000001,1801.7500000000002,0
1990-07-19T00:00:00+00:00,1801.7500000000002,1827.0700000000002,1801.7500000000002,1822.0200000000002,0
1990-07-20T00:00:00+00:00,1822.0200000000002,1822.0200000000002,1793.9,1809.3700000000001,0
1990-07-24T00:00:00+00:00,1809.3700000000001,1813.3400000000001,1804.1200000000001,1807.94,0
1990-07-25T00:00:00+00:00,1807.94,1811.5900000000001,1738.19,1806.3000000000002,0
1990-07-26T00:00:00+00:00,1806.3000000000002,1808.7000000000003,1792.9600000000003,1796.4800000000002,0
1990-07-27T00:00:00+00:00,1796.4800000000002,1801.9600000000003,1794.1100000000004,1798.5900000000004,0
1990-07-31T00:00:00+00:00,1798.5900000000004,1798.5900000000004,1790.3900000000006,1797.1700000000005,0
1990-08-01T00:00:00+00:00,1797.1700000000005,1803.6600000000005,1793.7700000000004,1797.8700000000003,0
1990-08-02T00:00:00+00:00,1797.8700000000003,1797.8700000000003,1785.0700000000004,1785.0700000000004,0
1990-08-03T00:00:00+00:00,1785.0700000000004,1785.0700000000004,1774.3300000000004,1776.9400000000005,0
1990-08-07T00:00:00+00:00,1776.9400000000005,1776.9400000000005,1712.3700000000003,1715.4800000000005,0
1990-08-08T00:00:00+00:00,1715.4800000000005,1772.0800000000006,1715.4800000000005,1743.2000000000005,0
1990-08-09T00:00:00+00:00,1743.2000000000005,1745.5800000000004,1712.7900000000004,1717.6000000000006,0
1990-08-10T00:00:00+00:00,1717.6000000000006,1733.2300000000005,1717.0800000000006,1731.3000000000006,0
1990-08-14T00:00:00+00:00,1731.3000000000006,1731.3000000000006,1706.2500000000007,1706.2500000000007,0
1990-08-15T00:00:00+00:00,1706.2500000000007,1714.1700000000005,1692.0100000000007,1698.3700000000006,0
1990-08-16T00:00:00+00:00,1698.3700000000006,1715.1000000000006,1693.8700000000006,1715.0700000000006,0
1990-08-17T00:00:00+00:00,1715.0700000000006,1720.4400000000005,1707.5100000000007,1707.5100000000007,0
1990-08-21T00:00:00+00:00,1707.5100000000007,1710.1500000000008,1652.1600000000008,1662.6400000000008,0
1990-08-22T00:00:00+00:00,1662.6400000000008,1662.6500000000008,1602.8900000000008,1602.8900000000008,0
1990-08-23T00:00:00+00:00,1602.8900000000008,1651.500000000001,1579.950000000001,1637.6600000000008,0
1990-08-24T00:00:00+00:00,1637.6600000000008,1644.7400000000007,1629.3400000000006,1629.3400000000006,0
1990-08-28T00:00:00+00:00,1629.3400000000006,1684.1500000000005,1629.3400000000006,1684.1500000000005,0
1990-08-29T00:00:00+00:00,1684.1500000000005,1685.7700000000007,1660.5400000000006,1666.1700000000008,0
1990-08-30T00:00:00+00:00,1666.1700000000008,1699.520000000001,1659.6600000000008,1696.020000000001,0
1990-08-31T00:00:00+00:00,1696.020000000001,1704.5900000000008,1673.8100000000009,1677.690000000001,0
1990-09-04T00:00:00+00:00,1677.690000000001,1687.170000000001,1675.480000000001,1687.170000000001,0
1990-09-05T00:00:00+00:00,1687.170000000001,1687.170000000001,1665.140000000001,1665.140000000001,0
1990-09-06T00:00:00+00:00,1665.140000000001,1665.2200000000012,1634.9900000000011,1636.300000000001,0
1990-09-07T00:00:00+00:00,1636.300000000001,1636.300000000001,1622.550000000001,1628.740000000001,0
1990-09-11T00:00:00+00:00,1628.740000000001,1649.140000000001,1628.740000000001,1642.900000000001,0
1990-09-12T00:00:00+00:00,1642.900000000001,1644.0700000000008,1634.740000000001,1636.870000000001,0
1990-09-13T00:00:00+00:00,1636.870000000001,1653.850000000001,1636.870000000001,1648.970000000001,0
1990-09-14T00:00:00+00:00,1648.970000000001,1648.970000000001,1632.5500000000009,1640.390000000001,0
1990-09-18T00:00:00+00:00,1640.390000000001,1643.900000000001,1627.000000000001,1643.820000000001,0
1990-09-19T00:00:00+00:00,1643.820000000001,1643.820000000001,1613.6400000000012,1614.9800000000012,0
1990-09-20T00:00:00+00:00,1614.9800000000012,1614.9800000000012,1587.2100000000012,1600.7300000000012,0
1990-09-21T00:00:00+00:00,1600.7300000000012,1604.8500000000013,1584.9300000000012,1585.9500000000012,0
1990-09-25T00:00:00+00:00,1585.9500000000012,1591.080000000001,1571.050000000001,1573.320000000001,0
1990-09-26T00:00:00+00:00,1573.320000000001,1583.010000000001,1532.610000000001,1533.290000000001,0
1990-09-27T00:00:00+00:00,1533.290000000001,1590.9100000000012,1530.5000000000011,1576.6600000000012,0
1990-09-28T00:00:00+00:00,1576.6600000000012,1605.0000000000014,1559.8800000000012,1559.8800000000012,0
1990-10-02T00:00:00+00:00,1559.8800000000012,1592.6300000000012,1559.8800000000012,1592.6300000000012,0
1990-10-03T00:00:00+00:00,1592.6300000000012,1606.2400000000011,1569.6700000000012,1584.0800000000013,0
1990-10-05T00:00:00+00:00,1421.92,1424.26,1408.49,1422.66,0
1990-10-09T00:00:00+00:00,1422.66,1447.71,1422.66,1445.68,0
1990-10-10T00:00:00+00:00,1445.68,1448.19,1435.8200000000002,1441.65,0
1990-10-11T00:00:00+00:00,1441.65,1441.65,1429.13,1436.05,0
1990-10-12T00:00:00+00:00,1436.05,1445.1599999999999,1436.05,1443.8899999999999,0
1990-10-16T00:00:00+00:00,1443.8899999999999,1446.8999999999999,1433.68,1442.43,0
1990-10-17T00:00:00+00:00,1442.43,1445.41,1422.77,1425.99,0
1990-10-18T00:00:00+00:00,1425.99,1429.02,1418.44,1422.56,0
1990-10-19T00:00:00+00:00,1422.56,1439.52,1420.45,1437.85,0
1990-10-23T00:00:00+00:00,1437.85,1439.4699999999998,1417.4299999999998,1425.1399999999999,0
1990-10-24T00:00:00+00:00,1425.1399999999999,1470.8799999999999,1424.36,1470.8799999999999,0
1990-10-25T00:00:00+00:00,1470.8799999999999,1490.9699999999998,1450.4099999999999,1451.8199999999997,0
1990-10-26T00:00:00+00:00,1451.8199999999997,1453.5599999999997,1443.8299999999997,1452.0499999999997,0
1990-10-30T00:00:00+00:00,1452.0499999999997,1459.4599999999996,1451.3199999999997,1453.3399999999997,0
1990-10-31T00:00:00+00:00,1453.3399999999997,1455.1299999999997,1446.0999999999997,1446.0999999999997,0
1990-11-01T00:00:00+00:00,1446.0999999999997,1452.3899999999996,1441.3999999999996,1450.0299999999995,0
1990-11-02T00:00:00+00:00,1450.0299999999995,1450.2099999999994,1439.9699999999993,1440.8799999999994,0
1990-11-06T00:00:00+00:00,1440.8799999999994,1448.2499999999993,1434.1099999999994,1434.3399999999995,0
1990-11-07T00:00:00+00:00,1434.3399999999995,1435.5199999999995,1407.9399999999994,1410.1199999999994,0
1990-11-08T00:00:00+00:00,1410.1199999999994,1410.1199999999994,1392.8999999999994,1398.8699999999994,0
1990-11-09T00:00:00+00:00,1398.8699999999994,1420.1199999999994,1398.8699999999994,1420.1199999999994,0
1990-11-13T00:00:00+00:00,1420.1199999999994,1435.5099999999993,1419.7599999999993,1422.6899999999994,0
1990-11-14T00:00:00+00:00,1422.6899999999994,1431.4199999999994,1406.3999999999994,1406.3999999999994,0
1990-11-15T00:00:00+00:00,1406.3999999999994,1426.0299999999995,1403.4199999999994,1425.0299999999995,0
1990-11-16T00:00:00+00:00,1425.0299999999995,1431.0399999999995,1418.7199999999996,1430.8999999999996,0
1990-11-20T00:00:00+00:00,1430.8999999999996,1453.6299999999997,1428.1699999999996,1453.6099999999997,0
1990-11-21T00:00:00+00:00,1453.6099999999997,1462.6199999999997,1452.9299999999996,1461.4599999999996,0
1990-11-23T00:00:00+00:00,1491.85,1496.73,1488.82,1496.1,0
1990-11-27T00:00:00+00:00,1496.1,1496.1,1472.95,1472.95,0
1990-11-28T00:00:00+00:00,1472.95,1473.3100000000002,1451.13,1451.13,0
1990-11-29T00:00:00+00:00,1451.13,1473.0900000000001,1443.91,1461.78,0
1990-11-30T00:00:00+00:00,1461.78,1465.99,1457.18,1460.3400000000001,0
1990-12-04T00:00:00+00:00,1460.3400000000001,1466.8700000000001,1449.2800000000002,1452.8300000000002,0
1990-12-05T00:00:00+00:00,1452.8300000000002,1462.0000000000002,1452.8300000000002,1460.71,0
1990-12-06T00:00:00+00:00,1460.71,1470.79,1454.8899999999999,1468.73,0
1990-12-07T00:00:00+00:00,1468.73,1481.41,1460.55,1481.41,0
1990-12-11T00:00:00+00:00,1481.41,1492.73,1476.44,1476.44,0
1990-12-12T00:00:00+00:00,1476.44,1476.68,1469.98,1476.3500000000001,0
1990-12-13T00:00:00+00:00,1476.3500000000001,1486.8200000000002,1476.3500000000001,1483.4900000000002,0
1990-12-14T00:00:00+00:00,1483.4900000000002,1483.5200000000002,1465.5300000000002,1466.5700000000002,0
1990-12-18T00:00:00+00:00,1466.5700000000002,1466.5700000000002,1430.03,1430.03,0
1990-12-19T00:00:00+00:00,1430.03,1440.87,1430.03,1434.81,0
1990-12-20T00:00:00+00:00,1434.81,1434.81,1408.4099999999999,1413.58,0
1990-12-21T00:00:00+00:00,1413.58,1417.54,1400.76,1400.76,0
1990-12-28T00:00:00+00:00,1414.72,1419.05,1409.15,1410.87,0
1991-01-01T00:00:00+00:00,1403.28,1403.28,1389.02,1398.23,0
1991-01-03T00:00:00+00:00,1375.35,1375.35,1359.04,1366.1,0
1991-01-04T00:00:00+00:00,1366.1,1369.07,1359.6399999999999,1361.07,0
1991-01-08T00:00:00+00:00,1361.07,1361.07,1339.95,1345.6100000000001,0
1991-01-09T00:00:00+00:00,1345.6100000000001,1352.4000000000003,1340.7200000000003,1349.2100000000003,0
1991-01-10T00:00:00+00:00,1349.2100000000003,1371.4200000000003,1348.6400000000003,1365.8100000000004,0
1991-01-11T00:00:00+00:00,1365.8100000000004,1381.7000000000005,1361.0800000000004,1381.3600000000006,0
1991-01-15T00:00:00+00:00,1381.3600000000006,1381.3600000000006,1358.1600000000005,1358.1600000000005,0
1991-01-16T00:00:00+00:00,1358.1600000000005,1361.4700000000005,1343.5500000000006,1356.7900000000004,0
1991-01-17T00:00:00+00:00,1356.7900000000004,1369.5200000000004,1352.4900000000005,1363.3500000000006,0
1991-01-18T00:00:00+00:00,1363.3500000000006,1403.3500000000006,1363.3500000000006,1397.6100000000006,0
1991-01-22T00:00:00+00:00,1397.6100000000006,1397.6100000000006,1397.6100000000006,1397.6100000000006,0
1991-01-23T00:00:00+00:00,1397.6100000000006,1409.9800000000005,1396.8600000000006,1405.0300000000004,0
1991-01-24T00:00:00+00:00,1405.0300000000004,1410.8700000000003,1395.7500000000002,1398.6500000000003,0
1991-01-25T00:00:00+00:00,1398.6500000000003,1406.1200000000001,1398.6500000000003,1400.9300000000003,0
1991-01-29T00:00:00+00:00,1400.9300000000003,1408.7700000000002,1395.5200000000002,1406.1400000000003,0
1991-01-30T00:00:00+00:00,1406.1400000000003,1408.7000000000005,1395.3400000000004,1395.8000000000004,0
1991-01-31T00:00:00+00:00,1395.8000000000004,1414.2200000000005,1395.8000000000004,1412.7500000000005,0
1991-02-01T00:00:00+00:00,1412.7500000000005,1429.6500000000005,1412.3800000000006,1421.3700000000006,0
1991-02-05T00:00:00+00:00,1421.3700000000006,1434.2600000000007,1421.3700000000006,1422.1600000000005,0
1991-02-06T00:00:00+00:00,1422.1600000000005,1423.3800000000006,1410.9100000000005,1413.0900000000006,0
1991-02-07T00:00:00+00:00,1413.0900000000006,1413.0900000000006,1404.6900000000005,1413.0100000000007,0
1991-02-08T00:00:00+00:00,1413.0100000000007,1414.2900000000006,1406.6600000000005,1407.1100000000006,0
1991-02-12T00:00:00+00:00,1407.1100000000006,1414.2400000000007,1405.1800000000005,1407.8300000000006,0
1991-02-13T00:00:00+00:00,1407.8300000000006,1410.0500000000006,1386.7500000000005,1392.5700000000006,0
1991-02-14T00:00:00+00:00,1392.5700000000006,1412.0600000000006,1392.5700000000006,1410.3000000000006,0
1991-02-15T00:00:00+00:00,1410.3000000000006,1410.3000000000006,1392.1400000000006,1392.1600000000005,0
1991-02-19T00:00:00+00:00,1392.1600000000005,1431.5300000000004,1385.8700000000006,1429.7500000000005,0
1991-02-20T00:00:00+00:00,1429.7500000000005,1429.8100000000004,1411.4700000000005,1417.9700000000005,0
1991-02-21T00:00:00+00:00,1417.9700000000005,1427.0000000000005,1409.8000000000004,1418.2800000000004,0
1991-02-22T00:00:00+00:00,1418.2800000000004,1420.3500000000006,1412.0600000000004,1415.2800000000004,0
1991-02-26T00:00:00+00:00,1415.2800000000004,1422.8700000000003,1411.1600000000003,1411.2300000000005,0
1991-02-27T00:00:00+00:00,1411.2300000000005,1411.2300000000005,1400.4200000000005,1400.4200000000005,0
1991-02-28T00:00:00+00:00,1400.4200000000005,1421.8000000000004,1395.8400000000004,1419.5500000000004,0
1991-03-01T00:00:00+00:00,1419.5500000000004,1427.5500000000004,1390.9100000000005,1391.8600000000004,0
1991-03-05T00:00:00+00:00,1391.8600000000004,1412.6600000000003,1391.8600000000004,1407.4000000000003,0
1991-03-06T00:00:00+00:00,1407.4000000000003,1415.9100000000003,1403.6200000000003,1406.9600000000003,0
1991-03-07T00:00:00+00:00,1406.9600000000003,1424.4500000000003,1406.9600000000003,1421.8300000000002,0
1991-03-08T00:00:00+00:00,1421.8300000000002,1430.2500000000002,1415.0700000000002,1415.2800000000002,0
1991-03-12T00:00:00+00:00,1415.2800000000002,1415.2800000000002,1388.2900000000002,1390.3600000000001,0
1991-03-13T00:00:00+00:00,1390.3600000000001,1392.7800000000002,1378.0900000000001,1386.3500000000001,0
1991-03-14T00:00:00+00:00,1386.3500000000001,1390.03,1369.78,1369.8500000000001,0
1991-03-15T00:00:00+00:00,1369.8500000000001,1393.8500000000001,1369.8500000000001,1393.8500000000001,0
1991-03-19T00:00:00+00:00,1393.8500000000001,1397.9100000000003,1376.5000000000002,1378.3700000000001,0
1991-03-20T00:00:00+00:00,1378.3700000000001,1388.8200000000002,1372.3600000000001,1387.0500000000002,0
1991-03-21T00:00:00+00:00,1387.0500000000002,1391.2100000000003,1376.6400000000003,1376.6400000000003,0
1991-03-22T00:00:00+00:00,1376.6400000000003,1378.7500000000005,1362.3700000000003,1364.9300000000003,0
1991-03-26T00:00:00+00:00,1364.9300000000003,1368.5000000000002,1357.2300000000002,1366.5100000000002,0
1991-03-27T00:00:00+00:00,1366.5100000000002,1368.8400000000004,1358.1000000000004,1360.0800000000004,0
1991-03-28T00:00:00+00:00,1360.0800000000004,1368.1200000000003,1359.6600000000003,1360.4000000000003,0
1991-03-29T00:00:00+00:00,1360.4000000000003,1380.8600000000004,1360.4000000000003,1376.7400000000002,0
1991-04-03T00:00:00+00:00,1522.57,1542.32,1521.91,1538.62,0
1991-04-04T00:00:00+00:00,1538.62,1561.81,1538.62,1559.4099999999999,0
1991-04-05T00:00:00+00:00,1559.4099999999999,1571.8799999999999,1548.32,1555.36,0
1991-04-09T00:00:00+00:00,1555.36,1557.68,1551.63,1555.44,0
1991-04-10T00:00:00+00:00,1555.44,1555.44,1545.56,1545.59,0
1991-04-11T00:00:00+00:00,1545.59,1546.4099999999999,1536.81,1540.28,0
1991-04-12T00:00:00+00:00,1540.28,1542.47,1527.43,1534.29,0
1991-04-16T00:00:00+00:00,1534.29,1550.09,1534.29,1545.44,0
1991-04-17T00:00:00+00:00,1545.44,1553.14,1539.41,1549.68,0
1991-04-18T00:00:00+00:00,1549.68,1559.48,1546.23,1557.95,0
1991-04-19T00:00:00+00:00,1557.95,1557.95,1537.6000000000001,1544.2,0
1991-04-23T00:00:00+00:00,1544.2,1544.2,1530.93,1530.93,0
1991-04-24T00:00:00+00:00,1530.93,1546.31,1530.93,1546.24,0
1991-04-25T00:00:00+00:00,1546.24,1551.26,1536.5600000000002,1543.13,0
1991-04-26T00:00:00+00:00,1543.13,1560.7100000000003,1543.13,1554.2100000000003,0
1991-04-30T00:00:00+00:00,1554.2100000000003,1557.3700000000003,1539.4500000000003,1539.4500000000003,0
1991-05-01T00:00:00+00:00,1611.6,1612.49,1601.92,1605.79,0
1991-05-03T00:00:00+00:00,1611.55,1631.31,1611.55,1630.04,0
1991-05-07T00:00:00+00:00,1630.04,1634.44,1627.5,1631.24,0
1991-05-08T00:00:00+00:00,1631.24,1632.98,1623.7,1626.46,0
1991-05-09T00:00:00+00:00,1626.46,1627.24,1613.87,1615.06,0
1991-05-14T00:00:00+00:00,1609.2,1611.18,1605.96,1610.9,0
1991-05-15T00:00:00+00:00,1610.9,1610.9,1595.8500000000001,1597.3100000000002,0
1991-05-16T00:00:00+00:00,1597.3100000000002,1600.7200000000003,1594.4600000000003,1599.8300000000002,0
1991-05-17T00:00:00+00:00,1599.8300000000002,1602.8500000000001,1596.88,1602.78,0
1991-05-22T00:00:00+00:00,1607.79,1618.54,1605.83,1617.4,0
1991-05-23T00:00:00+00:00,1617.4,1634.3200000000002,1617.4,1633.7400000000002,0
1991-05-24T00:00:00+00:00,1633.7400000000002,1636.8700000000003,1622.1300000000003,1636.6600000000003,0
1991-05-28T00:00:00+00:00,1636.6600000000003,1656.5200000000002,1636.4500000000003,1649.9300000000003,0
1991-05-29T00:00:00+00:00,1649.9300000000003,1663.5600000000002,1649.6800000000003,1661.6200000000003,0
1991-05-30T00:00:00+00:00,1661.6200000000003,1662.7400000000005,1648.9300000000005,1649.3100000000004,0
1991-06-04T00:00:00+00:00,1701.96,1710,1694.11,1694.11,0
1991-06-05T00:00:00+00:00,1694.11,1700.46,1689.73,1693.46,0
1991-06-06T00:00:00+00:00,1693.46,1713.24,1693.46,1712.14,0
1991-06-07T00:00:00+00:00,1712.14,1719.0900000000001,1694.1500000000003,1694.9400000000003,0
1991-06-11T00:00:00+00:00,1694.9400000000003,1698.6900000000003,1686.8700000000003,1698.5700000000004,0
1991-06-12T00:00:00+00:00,1698.5700000000004,1701.5200000000004,1691.8500000000004,1698.4000000000003,0
1991-06-13T00:00:00+00:00,1698.4000000000003,1698.4000000000003,1687.3300000000004,1689.8900000000003,0
1991-06-14T00:00:00+00:00,1689.8900000000003,1695.8500000000004,1688.9400000000003,1692.4600000000005,0
1991-06-18T00:00:00+00:00,1692.4600000000005,1703.0600000000006,1685.0300000000007,1685.9200000000005,0
1991-06-19T00:00:00+00:00,1685.9200000000005,1689.6900000000005,1681.7400000000005,1689.1600000000005,0
1991-06-20T00:00:00+00:00,1689.1600000000005,1691.1200000000006,1683.1600000000005,1683.7300000000005,0
1991-06-21T00:00:00+00:00,1683.7300000000005,1689.1500000000005,1680.3400000000006,1681.9700000000005,0
1991-06-25T00:00:00+00:00,1681.9700000000005,1681.9700000000005,1668.4000000000003,1670.1100000000004,0
1991-06-26T00:00:00+00:00,1670.1100000000004,1678.8500000000004,1667.3600000000004,1673.9200000000003,0
1991-06-27T00:00:00+00:00,1673.9200000000003,1678.7300000000005,1647.1400000000003,1650.4800000000005,0
1991-06-28T00:00:00+00:00,1650.4800000000005,1658.4900000000005,1645.1800000000003,1651.9100000000003,0
1991-07-02T00:00:00+00:00,1651.9100000000003,1653.8400000000004,1648.8400000000004,1648.8400000000004,0
1991-07-03T00:00:00+00:00,1648.8400000000004,1652.8500000000004,1647.8200000000004,1650.8500000000004,0
1991-07-04T00:00:00+00:00,1650.8500000000004,1662.3200000000004,1648.0200000000004,1659.4800000000005,0
1991-07-05T00:00:00+00:00,1659.4800000000005,1664.9400000000005,1656.3400000000004,1657.3900000000003,0
1991-07-09T00:00:00+00:00,1657.3900000000003,1661.6800000000003,1655.9900000000002,1656.0400000000002,0
1991-07-10T00:00:00+00:00,1656.0400000000002,1664.0900000000004,1656.0400000000002,1664.0900000000004,0
1991-07-11T00:00:00+00:00,1664.0900000000004,1666.6900000000003,1657.8400000000004,1661.8900000000003,0
1991-07-12T00:00:00+00:00,1661.8900000000003,1666.3600000000004,1658.3400000000004,1664.3800000000003,0
1991-07-16T00:00:00+00:00,1664.3800000000003,1664.5400000000004,1654.9600000000005,1660.3500000000004,0
1991-07-17T00:00:00+00:00,1660.3500000000004,1662.7600000000004,1657.4600000000005,1658.8700000000003,0
1991-07-18T00:00:00+00:00,1658.8700000000003,1660.0800000000004,1651.4200000000003,1654.6200000000003,0
1991-07-19T00:00:00+00:00,1654.6200000000003,1659.0700000000004,1652.1500000000003,1652.1500000000003,0
1991-07-23T00:00:00+00:00,1652.1500000000003,1654.2300000000002,1645.4400000000003,1654.2300000000002,0
1991-07-24T00:00:00+00:00,1654.2300000000002,1664.0400000000002,1654.2300000000002,1662.4200000000003,0
1991-07-25T00:00:00+00:00,1662.4200000000003,1662.4200000000003,1654.6200000000003,1657.8800000000003,0
1991-07-26T00:00:00+00:00,1657.8800000000003,1658.1200000000003,1652.0900000000004,1657.5400000000004,0
1991-07-30T00:00:00+00:00,1657.5400000000004,1667.4200000000005,1652.8200000000004,1667.3600000000004,0
1991-07-31T00:00:00+00:00,1667.3600000000004,1671.7700000000004,1661.6600000000005,1669.4200000000005,0
1991-08-01T00:00:00+00:00,1669.4200000000005,1674.9700000000005,1669.0600000000004,1671.5700000000004,0
1991-08-02T00:00:00+00:00,1671.5700000000004,1671.8800000000003,1659.4200000000003,1664.6500000000003,0
1991-08-06T00:00:00+00:00,1664.6500000000003,1666.8100000000004,1662.3000000000004,1665.1400000000003,0
1991-08-07T00:00:00+00:00,1665.1400000000003,1666.7200000000003,1653.4100000000003,1653.4100000000003,0
1991-08-08T00:00:00+00:00,1653.4100000000003,1664.2300000000002,1651.6000000000001,1656.7000000000003,0
1991-08-09T00:00:00+00:00,1656.7000000000003,1667.5200000000002,1654.89,1659.9900000000002,0
1991-08-13T00:00:00+00:00,1659.9900000000002,1666.1000000000001,1658.95,1660.64,0
1991-08-14T00:00:00+00:00,1660.64,1669.22,1660.64,1668.46,0
1991-08-15T00:00:00+00:00,1668.46,1671.3100000000002,1662.64,1671.3100000000002,0
1991-08-16T00:00:00+00:00,1671.3100000000002,1675.0600000000002,1668.4300000000003,1670.9800000000002,0
1991-08-20T00:00:00+00:00,1670.9800000000002,1670.9800000000002,1670.9800000000002,1670.9800000000002,0
1991-08-21T00:00:00+00:00,1670.9800000000002,1670.9800000000002,1670.9800000000002,1670.9800000000002,0
1991-08-22T00:00:00+00:00,1670.9800000000002,1699.68,1670.9800000000002,1698.16,0
1991-08-23T00:00:00+00:00,1698.16,1716.5900000000001,1698.16,1716.24,0
1991-08-27T00:00:00+00:00,1716.24,1721.19,1715.88,1717.44,0
1991-08-28T00:00:00+00:00,1717.44,1719.45,1698.68,1700.8,0
1991-08-29T00:00:00+00:00,1700.8,1709.54,1699.77,1704.46,0
1991-08-30T00:00:00+00:00,1704.46,1707.4,1698.67,1699.26,0
1991-09-03T00:00:00+00:00,1699.26,1700.08,1691.67,1691.68,0
1991-09-04T00:00:00+00:00,1691.68,1693.53,1690.6399999999999,1690.91,0
1991-09-05T00:00:00+00:00,1690.91,1691.8500000000001,1686.3600000000001,1689.2400000000002,0
1991-09-06T00:00:00+00:00,1689.2400000000002,1694.9900000000002,1687.7000000000003,1694.9900000000002,0
1991-09-10T00:00:00+00:00,1694.9900000000002,1700.7500000000002,1684.1100000000001,1684.1100000000001,0
1991-09-11T00:00:00+00:00,1684.1100000000001,1690.8,1683.46,1690.8,0
1991-09-12T00:00:00+00:00,1690.8,1695.77,1686.69,1688.42,0
1991-09-13T00:00:00+00:00,1688.42,1688.7000000000003,1682.65,1688.1200000000001,0
1991-09-17T00:00:00+00:00,1688.1200000000001,1694.39,1683.47,1685.14,0
1991-09-18T00:00:00+00:00,1685.14,1691.38,1684.19,1689.63,0
1991-09-19T00:00:00+00:00,1689.63,1689.8400000000001,1666.0300000000002,1675.72,0
1991-09-20T00:00:00+00:00,1675.72,1675.72,1666.81,1670.64,0
1991-09-24T00:00:00+00:00,1670.64,1671.4,1667.61,1670.67,0
1991-09-25T00:00:00+00:00,1670.67,1681.0700000000002,1670.67,1681.0500000000002,0
1991-09-26T00:00:00+00:00,1681.0500000000002,1684.5700000000002,1673.7700000000002,1675.9400000000003,0
1991-09-27T00:00:00+00:00,1675.9400000000003,1675.9400000000003,1668.3000000000004,1671.1000000000004,0
1991-10-01T00:00:00+00:00,1671.1000000000004,1672.6200000000003,1664.0100000000004,1665.1600000000003,0
1991-10-02T00:00:00+00:00,1665.1600000000003,1668.0500000000004,1660.9600000000003,1661.7600000000002,0
1991-10-03T00:00:00+00:00,1661.7600000000002,1668.7700000000002,1658.5300000000002,1668.3000000000002,0
1991-10-08T00:00:00+00:00,1596.16,1602.66,1588.64,1588.66,0
1991-10-09T00:00:00+00:00,1588.66,1593.5500000000002,1576.1000000000001,1580.0900000000001,0
1991-10-10T00:00:00+00:00,1580.0900000000001,1580.0900000000001,1565.14,1567.8500000000001,0
1991-10-11T00:00:00+00:00,1567.8500000000001,1575.9700000000003,1560.7500000000002,1575.9700000000003,0
1991-10-15T00:00:00+00:00,1575.9700000000003,1580.7300000000002,1575.63,1579.13,0
1991-10-16T00:00:00+00:00,1579.13,1587.42,1579.13,1582.03,0
1991-10-17T00:00:00+00:00,1582.03,1582.1599999999999,1573.1899999999998,1573.4999999999998,0
1991-10-18T00:00:00+00:00,1573.4999999999998,1573.6699999999998,1555.7699999999998,1564.6799999999998,0
1991-10-22T00:00:00+00:00,1564.6799999999998,1579.6399999999996,1564.2499999999998,1576.4499999999998,0
1991-10-23T00:00:00+00:00,1576.4499999999998,1589.82,1574.1,1587.3,0
1991-10-24T00:00:00+00:00,1587.3,1592.26,1583.4199999999998,1585.22,0
1991-10-25T00:00:00+00:00,1585.22,1585.23,1571.92,1571.92,0
1991-10-29T00:00:00+00:00,1571.92,1579.3700000000001,1569.3100000000002,1579.3700000000001,0
1991-10-30T00:00:00+00:00,1579.3700000000001,1584.74,1577.8500000000001,1583.44,0
1991-10-31T00:00:00+00:00,1583.44,1590.7800000000002,1575.92,1576.65,0
1991-11-01T00:00:00+00:00,1576.65,1578.1200000000001,1571.0800000000002,1574.42,0
1991-11-05T00:00:00+00:00,1574.42,1578.63,1572.22,1572.3700000000001,0
1991-11-06T00:00:00+00:00,1572.3700000000001,1575.67,1572.24,1573.85,0
1991-11-07T00:00:00+00:00,1573.85,1575.18,1568.5,1568.87,0
1991-11-08T00:00:00+00:00,1568.87,1574.26,1566.16,1572.16,0
1991-11-12T00:00:00+00:00,1572.16,1582.2,1569.71,1576.3,0
1991-11-13T00:00:00+00:00,1576.3,1579.24,1570.3,1573.98,0
1991-11-14T00:00:00+00:00,1573.98,1578.56,1570.04,1578.52,0
1991-11-15T00:00:00+00:00,1578.52,1578.52,1569.9099999999999,1577.29,0
1991-11-19T00:00:00+00:00,1577.29,1590.1499999999999,1565.6499999999999,1589.8,0
1991-11-20T00:00:00+00:00,1589.8,1589.8,1579.2,1580.06,0
1991-11-22T00:00:00+00:00,1595.74,1599.65,1591.97,1598.1,0
1991-11-26T00:00:00+00:00,1598.1,1601.3,1594.04,1596.89,0
1991-11-27T00:00:00+00:00,1596.89,1602.0300000000002,1596.7400000000002,1601.71,0
1991-11-28T00:00:00+00:00,1601.71,1602.6100000000001,1588.32,1588.3600000000001,0
1991-11-29T00:00:00+00:00,1588.3600000000001,1589.6000000000001,1582.9,1586.2700000000002,0
1991-12-03T00:00:00+00:00,1586.2700000000002,1586.2700000000002,1575.4300000000003,1581.8600000000004,0
1991-12-04T00:00:00+00:00,1581.8600000000004,1584.7600000000002,1567.8600000000004,1572.5500000000002,0
1991-12-05T00:00:00+00:00,1572.5500000000002,1581.74,1572.5500000000002,1576.8300000000002,0
1991-12-06T00:00:00+00:00,1576.8300000000002,1577.3200000000002,1569.9,1577.3200000000002,0
1991-12-10T00:00:00+00:00,1577.3200000000002,1584.9100000000003,1577.1700000000003,1581.2900000000002,0
1991-12-11T00:00:00+00:00,1581.2900000000002,1581.2900000000002,1571.5900000000001,1575.76,0
1991-12-12T00:00:00+00:00,1575.76,1575.76,1567.2,1574.52,0
1991-12-13T00:00:00+00:00,1574.52,1577.28,1568.61,1574.38,0
1991-12-17T00:00:00+00:00,1574.38,1574.38,1567.77,1571.64,0
1991-12-18T00:00:00+00:00,1571.64,1585.0800000000002,1569.95,1581.8200000000002,0
1991-12-19T00:00:00+00:00,1581.8200000000002,1588.5100000000002,1580.2,1587.3300000000002,0
1991-12-20T00:00:00+00:00,1587.3300000000002,1587.3300000000002,1580.89,1581.1000000000001,0
1991-12-24T00:00:00+00:00,1581.1000000000001,1585.68,1580.96,1583.76,0
1991-12-31T00:00:00+00:00,1570.21,1577.98,1570.21,1577.98,0
1992-01-03T00:00:00+00:00,1602.3,1608.1,1600.45,1601.88,0
1992-01-07T00:00:00+00:00,1601.88,1602.49,1591.91,1592.27,0
1992-01-08T00:00:00+00:00,1592.27,1593.3,1584.55,1586.15,0
1992-01-09T00:00:00+00:00,1586.15,1586.15,1578.56,1579.93,0
1992-01-10T00:00:00+00:00,1579.93,1588.6000000000001,1579.3200000000002,1586.14,0
1992-01-14T00:00:00+00:00,1586.14,1594.8700000000001,1580.7100000000003,1589.7100000000003,0
1992-01-15T00:00:00+00:00,1589.7100000000003,1590.3300000000002,1581.2000000000003,1587.8500000000001,0
1992-01-16T00:00:00+00:00,1587.8500000000001,1612.7100000000003,1587.8500000000001,1609.2700000000002,0
1992-01-17T00:00:00+00:00,1609.2700000000002,1617.0500000000002,1605.2400000000002,1613.5600000000002,0
1992-01-21T00:00:00+00:00,1613.5600000000002,1632.5100000000002,1613.4200000000003,1628.4200000000003,0
1992-01-22T00:00:00+00:00,1628.4200000000003,1634.7500000000005,1621.9000000000003,1621.9000000000003,0
1992-01-23T00:00:00+00:00,1621.9000000000003,1629.2200000000003,1617.2500000000002,1623.1200000000003,0
1992-01-24T00:00:00+00:00,1623.1200000000003,1624.3900000000003,1605.3900000000003,1607.4900000000002,0
1992-01-28T00:00:00+00:00,1607.4900000000002,1621.7100000000003,1607.4900000000002,1618.3200000000002,0
1992-01-29T00:00:00+00:00,1618.3200000000002,1618.5100000000002,1609.5900000000001,1613.0600000000002,0
1992-01-30T00:00:00+00:00,1613.0600000000002,1613.6000000000001,1598.13,1601.2000000000003,0
1992-01-31T00:00:00+00:00,1601.2000000000003,1615.5400000000004,1598.6300000000003,1613.5200000000004,0
1992-02-04T00:00:00+00:00,1613.5200000000004,1624.0200000000004,1611.3100000000004,1614.2900000000004,0
1992-02-05T00:00:00+00:00,1614.2900000000004,1614.2900000000004,1607.6400000000003,1609.4400000000005,0
1992-02-06T00:00:00+00:00,1609.4400000000005,1620.1100000000006,1608.1300000000006,1619.1000000000004,0
1992-02-07T00:00:00+00:00,1619.1000000000004,1620.9200000000005,1599.3600000000006,1599.3600000000006,0
1992-02-11T00:00:00+00:00,1599.3600000000006,1601.4400000000005,1593.1400000000006,1600.7000000000007,0
1992-02-12T00:00:00+00:00,1600.7000000000007,1602.0200000000007,1596.7200000000007,1596.7200000000007,0
1992-02-13T00:00:00+00:00,1596.7200000000007,1600.1200000000008,1591.5300000000009,1598.8200000000008,0
1992-02-14T00:00:00+00:00,1598.8200000000008,1601.1400000000008,1593.6800000000007,1596.770000000001,0
1992-02-18T00:00:00+00:00,1596.770000000001,1602.0000000000007,1596.7300000000007,1600.9500000000007,0
1992-02-19T00:00:00+00:00,1600.9500000000007,1608.4600000000007,1599.5800000000006,1605.9700000000007,0
1992-02-20T00:00:00+00:00,1605.9700000000007,1609.5800000000006,1600.4200000000008,1600.5700000000006,0
1992-02-21T00:00:00+00:00,1600.5700000000006,1609.1000000000006,1600.5700000000006,1608.5100000000007,0
1992-02-25T00:00:00+00:00,1608.5100000000007,1625.8800000000008,1606.1000000000006,1622.0900000000006,0
1992-02-26T00:00:00+00:00,1622.0900000000006,1622.6900000000005,1605.1400000000006,1606.1400000000006,0
1992-02-27T00:00:00+00:00,1606.1400000000006,1617.1600000000005,1606.1400000000006,1617.0200000000004,0
1992-02-28T00:00:00+00:00,1617.0200000000004,1622.9900000000005,1615.3300000000004,1621.7100000000005,0
1992-03-03T00:00:00+00:00,1621.7100000000005,1626.9900000000005,1620.1800000000005,1626.2600000000004,0
1992-03-04T00:00:00+00:00,1626.2600000000004,1637.5600000000004,1626.2600000000004,1636.1900000000003,0
1992-03-05T00:00:00+00:00,1636.1900000000003,1640.1500000000003,1623.5500000000002,1627.0400000000002,0
1992-03-06T00:00:00+00:00,1627.0400000000002,1637.7800000000002,1625.4300000000003,1637.0900000000001,0
1992-03-10T00:00:00+00:00,1637.0900000000001,1648.66,1636.56,1647.45,0
1992-03-11T00:00:00+00:00,1647.45,1647.45,1645.47,1645.47,0
1992-03-12T00:00:00+00:00,1645.47,1645.5500000000002,1638.88,1642.5900000000001,0
1992-03-13T00:00:00+00:00,1642.5900000000001,1642.5900000000001,1633.5800000000002,1634.3300000000002,0
1992-03-17T00:00:00+00:00,1634.3300000000002,1638.65,1633.89,1637.89,0
1992-03-18T00:00:00+00:00,1637.89,1642.4500000000003,1637.6800000000003,1639.3600000000001,0
1992-03-19T00:00:00+00:00,1639.3600000000001,1640.7900000000002,1638.7700000000002,1638.7700000000002,0
1992-03-20T00:00:00+00:00,1638.7700000000002,1640.3600000000004,1635.0600000000002,1637.5700000000004,0
1992-03-24T00:00:00+00:00,1637.5700000000004,1637.5700000000004,1624.1200000000003,1626.6100000000004,0
1992-03-25T00:00:00+00:00,1626.6100000000004,1636.6400000000003,1625.1800000000003,1634.7300000000002,0
1992-03-26T00:00:00+00:00,1634.7300000000002,1640.3600000000004,1633.8300000000002,1635.2300000000002,0
1992-03-27T00:00:00+00:00,1635.2300000000002,1635.2300000000002,1627.89,1630.5600000000002,0
1992-03-31T00:00:00+00:00,1630.5600000000002,1637.0700000000002,1626.98,1636.95,0
1992-04-01T00:00:00+00:00,1636.95,1642.25,1636.95,1642.25,0
1992-04-02T00:00:00+00:00,1642.25,1645.12,1638.11,1638.11,0
1992-04-03T00:00:00+00:00,1638.11,1646.8899999999999,1637.2799999999997,1646.82,0
1992-04-07T00:00:00+00:00,1646.82,1661.7799999999997,1645.7799999999997,1660.12,0
1992-04-08T00:00:00+00:00,1660.12,1667.33,1659.4199999999998,1660.82,0
1992-04-09T00:00:00+00:00,1660.82,1660.82,1652.01,1655.07,0
1992-04-10T00:00:00+00:00,1655.07,1659.1299999999999,1649.09,1659.1299999999999,0
1992-04-14T00:00:00+00:00,1659.1299999999999,1665.06,1651.36,1651.36,0
1992-04-15T00:00:00+00:00,1651.36,1654.0499999999997,1648.9599999999998,1650.2499999999998,0
1992-04-16T00:00:00+00:00,1650.2499999999998,1655.53,1650.2499999999998,1654.1899999999998,0
1992-04-17T00:00:00+00:00,1654.1899999999998,1658.9299999999998,1654.12,1657.7199999999998,0
1992-04-22T00:00:00+00:00,1744.71,1749.53,1742.84,1746.5,0
1992-04-23T00:00:00+00:00,1746.5,1751.6499999999999,1746.4399999999998,1748.62,0
1992-04-24T00:00:00+00:00,1748.62,1750.9799999999998,1742.4399999999998,1743.06,0
1992-04-28T00:00:00+00:00,1743.06,1747.18,1740,1747.18,0
1992-04-29T00:00:00+00:00,1747.18,1747.67,1742.67,1743.69,0
1992-04-30T00:00:00+00:00,1743.69,1746.2600000000002,1737.93,1743.2800000000002,0
1992-05-01T00:00:00+00:00,1729.75,1734.15,1726.1,1734.03,0
1992-05-05T00:00:00+00:00,1734.03,1736.6499999999999,1730.66,1733.32,0
1992-05-06T00:00:00+00:00,1733.32,1738.3,1730.4499999999998,1738.28,0
1992-05-07T00:00:00+00:00,1738.28,1745.54,1738.28,1741.78,0
1992-05-08T00:00:00+00:00,1741.78,1745.3600000000001,1741.5500000000002,1743.73,0
1992-05-12T00:00:00+00:00,1743.73,1749.07,1743.35,1745.51,0
1992-05-13T00:00:00+00:00,1745.51,1746.49,1740.6,1743.45,0
1992-05-14T00:00:00+00:00,1743.45,1745.3300000000002,1738.3400000000001,1739.8400000000001,0
1992-05-15T00:00:00+00:00,1739.8400000000001,1741.8100000000002,1737.68,1739.8200000000002,0
1992-05-19T00:00:00+00:00,1739.8200000000002,1754.5500000000002,1739.8200000000002,1753.5400000000002,0
1992-05-20T00:00:00+00:00,1753.5400000000002,1756.91,1751.18,1755.63,0
1992-05-21T00:00:00+00:00,1755.63,1766.4800000000002,1755.63,1764.5800000000002,0
1992-05-22T00:00:00+00:00,1764.5800000000002,1768.8400000000001,1762.7700000000002,1763.9500000000003,0
1992-05-26T00:00:00+00:00,1763.9500000000003,1775.0900000000001,1762.0500000000002,1774.8000000000002,0
1992-05-27T00:00:00+00:00,1774.8000000000002,1775.7000000000003,1763.2200000000003,1767.7200000000003,0
1992-05-28T00:00:00+00:00,1767.7200000000003,1767.7800000000004,1757.5100000000004,1760.9200000000003,0
1992-06-02T00:00:00+00:00,1803.4,1803.4,1794.48,1798.14,0
1992-06-03T00:00:00+00:00,1798.14,1803.25,1796.17,1803.0900000000001,0
1992-06-04T00:00:00+00:00,1803.0900000000001,1804.67,1791.44,1791.44,0
1992-06-05T00:00:00+00:00,1791.44,1806.96,1789.15,1804.82,0
1992-06-10T00:00:00+00:00,1787.28,1789.02,1784.46,1786.26,0
1992-06-11T00:00:00+00:00,1786.26,1797.6,1784.79,1797.6,0
1992-06-12T00:00:00+00:00,1797.6,1800.9099999999999,1789.9999999999998,1791.7599999999998,0
1992-06-16T00:00:00+00:00,1791.7599999999998,1792.5599999999997,1785.8399999999997,1786.2299999999998,0
1992-06-17T00:00:00+00:00,1786.2299999999998,1788.3799999999999,1783.9299999999998,1787.0899999999997,0
1992-06-18T00:00:00+00:00,1787.0899999999997,1789.2899999999997,1786.8199999999997,1787.8299999999997,0
1992-06-23T00:00:00+00:00,1769.55,1773.8,1768.74,1770.64,0
1992-06-24T00:00:00+00:00,1770.64,1773.93,1767.0600000000002,1767.7000000000003,0
1992-06-25T00:00:00+00:00,1767.7000000000003,1768.8000000000002,1764.9000000000003,1767.7200000000003,0
1992-06-26T00:00:00+00:00,1767.7200000000003,1770.5400000000002,1762.0600000000004,1762.0600000000004,0
1992-06-30T00:00:00+00:00,1762.0600000000004,1768.4900000000005,1762.0600000000004,1763.6400000000003,0
1992-07-01T00:00:00+00:00,1763.6400000000003,1763.9100000000003,1749.8500000000004,1757.2400000000005,0
1992-07-02T00:00:00+00:00,1757.2400000000005,1763.6300000000006,1755.3500000000006,1761.7100000000005,0
1992-07-03T00:00:00+00:00,1761.7100000000005,1768.7000000000005,1761.7100000000005,1768.0300000000004,0
1992-07-07T00:00:00+00:00,1768.0300000000004,1771.5300000000004,1763.4400000000005,1764.4000000000003,0
1992-07-08T00:00:00+00:00,1764.4000000000003,1765.2300000000002,1755.1700000000003,1759.9100000000003,0
1992-07-09T00:00:00+00:00,1759.9100000000003,1760.2900000000004,1750.1700000000003,1752.7700000000004,0
1992-07-10T00:00:00+00:00,1752.7700000000004,1761.5500000000006,1750.7000000000005,1761.5400000000006,0
1992-07-14T00:00:00+00:00,1761.5400000000006,1762.7500000000007,1756.7600000000007,1758.3000000000006,0
1992-07-15T00:00:00+00:00,1758.3000000000006,1759.6300000000006,1752.6000000000006,1755.6500000000005,0
1992-07-16T00:00:00+00:00,1755.6500000000005,1758.5800000000004,1752.2500000000005,1753.1300000000003,0
1992-07-17T00:00:00+00:00,1753.1300000000003,1761.7600000000004,1752.6000000000004,1758.3400000000004,0
1992-07-21T00:00:00+00:00,1758.3400000000004,1761.4100000000005,1722.6500000000005,1724.4000000000005,0
1992-07-22T00:00:00+00:00,1724.4000000000005,1736.9400000000005,1718.2300000000005,1733.9900000000005,0
1992-07-23T00:00:00+00:00,1733.9900000000005,1733.9900000000005,1716.0500000000004,1718.2400000000005,0
1992-07-24T00:00:00+00:00,1718.2400000000005,1727.1900000000005,1699.3400000000006,1703.0800000000004,0
1992-07-28T00:00:00+00:00,1703.0800000000004,1718.5700000000004,1703.0800000000004,1718.5700000000004,0
1992-07-29T00:00:00+00:00,1718.5700000000004,1729.7100000000005,1716.9600000000005,1719.8900000000006,0
1992-07-30T00:00:00+00:00,1719.8900000000006,1740.5800000000006,1719.2400000000007,1734.2600000000007,0
1992-07-31T00:00:00+00:00,1734.2600000000007,1735.3100000000006,1725.2200000000007,1727.1800000000007,0
1992-08-04T00:00:00+00:00,1727.1800000000007,1727.2300000000007,1715.7100000000007,1719.9100000000008,0
1992-08-05T00:00:00+00:00,1719.9100000000008,1729.3800000000006,1718.4400000000007,1723.5400000000006,0
1992-08-06T00:00:00+00:00,1723.5400000000006,1746.0200000000007,1719.5500000000006,1746.0200000000007,0
1992-08-07T00:00:00+00:00,1746.0200000000007,1746.0600000000006,1728.2400000000007,1734.4300000000007,0
1992-08-11T00:00:00+00:00,1734.4300000000007,1734.4300000000007,1715.2200000000007,1716.3500000000006,0
1992-08-12T00:00:00+00:00,1716.3500000000006,1716.3500000000006,1693.9600000000007,1707.1700000000005,0
1992-08-13T00:00:00+00:00,1707.1700000000005,1707.1700000000005,1695.5300000000004,1695.5300000000004,0
1992-08-14T00:00:00+00:00,1695.5300000000004,1708.9100000000003,1688.4200000000003,1703.0500000000004,0
1992-08-18T00:00:00+00:00,1703.0500000000004,1708.7300000000005,1697.8500000000004,1700.6600000000005,0
1992-08-19T00:00:00+00:00,1700.6600000000005,1700.6600000000005,1689.6500000000005,1694.5500000000006,0
1992-08-20T00:00:00+00:00,1694.5500000000006,1703.0200000000007,1689.3000000000006,1693.4200000000008,0
1992-08-21T00:00:00+00:00,1693.4200000000008,1695.1200000000008,1671.770000000001,1672.1300000000008,0
1992-08-25T00:00:00+00:00,1672.1300000000008,1672.1300000000008,1655.7300000000007,1659.9900000000007,0
1992-08-26T00:00:00+00:00,1659.9900000000007,1660.1400000000008,1622.0900000000008,1630.3700000000008,0
1992-08-27T00:00:00+00:00,1630.3700000000008,1630.3700000000008,1618.3200000000008,1625.6400000000008,0
1992-08-28T00:00:00+00:00,1625.6400000000008,1648.240000000001,1625.6400000000008,1646.7800000000009,0
1992-09-01T00:00:00+00:00,1646.7800000000009,1661.2200000000007,1641.250000000001,1657.6200000000008,0
1992-09-02T00:00:00+00:00,1657.6200000000008,1666.6600000000008,1656.8800000000008,1657.000000000001,0
1992-09-03T00:00:00+00:00,1657.000000000001,1673.580000000001,1647.800000000001,1657.060000000001,0
1992-09-04T00:00:00+00:00,1657.060000000001,1668.0000000000011,1657.060000000001,1664.2700000000011,0
1992-09-08T00:00:00+00:00,1664.2700000000011,1666.7500000000011,1655.280000000001,1662.1400000000012,0
1992-09-09T00:00:00+00:00,1662.1400000000012,1674.6300000000012,1662.1300000000012,1664.6400000000012,0
1992-09-10T00:00:00+00:00,1664.6400000000012,1667.1700000000012,1652.2600000000011,1655.5100000000011,0
1992-09-11T00:00:00+00:00,1655.5100000000011,1657.1200000000013,1641.2500000000011,1656.8200000000013,0
1992-09-15T00:00:00+00:00,1656.8200000000013,1675.6600000000012,1648.9700000000012,1674.2200000000012,0
1992-09-16T00:00:00+00:00,1674.2200000000012,1674.2200000000012,1659.8700000000013,1665.7000000000012,0
1992-09-17T00:00:00+00:00,1665.7000000000012,1684.050000000001,1656.3900000000012,1684.050000000001,0
1992-09-18T00:00:00+00:00,1684.050000000001,1689.5000000000011,1672.8800000000012,1674.6500000000012,0
1992-09-22T00:00:00+00:00,1674.6500000000012,1677.8900000000012,1666.5000000000011,1669.070000000001,0
1992-09-23T00:00:00+00:00,1669.070000000001,1672.290000000001,1659.2700000000011,1659.690000000001,0
1992-09-24T00:00:00+00:00,1659.690000000001,1673.3100000000009,1659.3300000000008,1667.5900000000008,0
1992-09-25T00:00:00+00:00,1667.5900000000008,1667.5900000000008,1650.660000000001,1657.960000000001,0
1992-09-29T00:00:00+00:00,1657.960000000001,1657.960000000001,1638.2000000000007,1644.3700000000008,0
1992-09-30T00:00:00+00:00,1644.3700000000008,1655.6500000000008,1641.0300000000007,1652.7500000000007,0
1992-10-01T00:00:00+00:00,1652.7500000000007,1652.7500000000007,1628.0800000000006,1631.1300000000006,0
1992-10-02T00:00:00+00:00,1631.1300000000006,1649.0400000000004,1626.1700000000005,1647.0100000000004,0
1992-10-06T00:00:00+00:00,1647.0100000000004,1647.0100000000004,1615.9300000000005,1616.1000000000006,0
1992-10-07T00:00:00+00:00,1616.1000000000006,1624.4400000000005,1610.7700000000007,1617.3900000000006,0
1992-10-08T00:00:00+00:00,1617.3900000000006,1640.7900000000004,1617.3900000000006,1637.0200000000004,0
1992-10-09T00:00:00+00:00,1637.0200000000004,1638.3200000000004,1628.0800000000004,1635.1000000000004,0
1992-10-13T00:00:00+00:00,1635.1000000000004,1641.9600000000003,1625.3600000000004,1641.9600000000003,0
1992-10-14T00:00:00+00:00,1641.9600000000003,1653.42,1640.91,1653.0700000000002,0
1992-10-15T00:00:00+00:00,1653.0700000000002,1655.9300000000003,1644.1100000000001,1654.5400000000002,0
1992-10-16T00:00:00+00:00,1654.5400000000002,1668.38,1652.2900000000002,1659.2000000000003,0
1992-10-20T00:00:00+00:00,1659.2000000000003,1678.9500000000003,1659.2000000000003,1677.5800000000002,0
1992-10-21T00:00:00+00:00,1677.5800000000002,1685.9500000000003,1670.7500000000002,1685.2800000000002,0
1992-10-22T00:00:00+00:00,1685.2800000000002,1685.63,1672.5600000000002,1678.0500000000002,0
1992-10-23T00:00:00+00:00,1678.0500000000002,1695.6200000000001,1674.38,1694.63,0
1992-10-27T00:00:00+00:00,1694.63,1701.3500000000001,1694.41,1701.3500000000001,0
1992-10-28T00:00:00+00:00,1701.3500000000001,1705.7700000000002,1696.2300000000002,1705.5900000000001,0
1992-10-29T00:00:00+00:00,1705.5900000000001,1708.5600000000002,1682.8700000000001,1685.4,0
1992-10-30T00:00:00+00:00,1685.4,1690.1299999999999,1673.94,1683.16,0
1992-11-03T00:00:00+00:00,1683.16,1683.33,1675.23,1676.84,0
1992-11-04T00:00:00+00:00,1676.84,1688.18,1676.84,1678.25,0
1992-11-05T00:00:00+00:00,1678.25,1683.26,1672.94,1678.89,0
1992-11-06T00:00:00+00:00,1678.89,1691.42,1676.5200000000002,1690.7900000000002,0
1992-11-10T00:00:00+00:00,1690.7900000000002,1705.0300000000002,1690.7900000000002,1702.0000000000002,0
1992-11-11T00:00:00+00:00,1702.0000000000002,1715.9900000000002,1701.1900000000003,1715.6900000000003,0
1992-11-12T00:00:00+00:00,1715.6900000000003,1717.5400000000002,1701.6900000000003,1703.7500000000002,0
1992-11-13T00:00:00+00:00,1703.7500000000002,1723.1000000000001,1698.1900000000003,1718.4,0
1992-11-17T00:00:00+00:00,1718.4,1737.3400000000001,1717.2400000000002,1728.5300000000002,0
1992-11-18T00:00:00+00:00,1728.5300000000002,1734.3500000000004,1718.7400000000002,1718.7400000000002,0
1992-11-19T00:00:00+00:00,1718.7400000000002,1718.7400000000002,1718.7400000000002,1718.7400000000002,0
1992-11-20T00:00:00+00:00,1718.7400000000002,1731.7200000000003,1718.3600000000001,1723.8900000000003,0
1992-11-24T00:00:00+00:00,1723.8900000000003,1724.7600000000002,1704.3200000000004,1704.3200000000004,0
1992-11-25T00:00:00+00:00,1704.3200000000004,1711.0500000000004,1698.7300000000005,1698.7300000000005,0
1992-11-26T00:00:00+00:00,1698.7300000000005,1711.6100000000004,1698.7300000000005,1702.3200000000004,0
1992-11-27T00:00:00+00:00,1702.3200000000004,1715.8500000000006,1702.3200000000004,1708.3900000000006,0
1992-12-01T00:00:00+00:00,1708.3900000000006,1714.8600000000006,1707.1600000000005,1714.7600000000004,0
1992-12-02T00:00:00+00:00,1714.7600000000004,1714.9800000000005,1707.0300000000004,1713.8500000000006,0
1992-12-03T00:00:00+00:00,1713.8500000000006,1718.5400000000006,1706.5700000000006,1706.5700000000006,0
1992-12-04T00:00:00+00:00,1706.5700000000006,1708.0500000000006,1694.4500000000007,1701.2400000000007,0
1992-12-08T00:00:00+00:00,1701.2400000000007,1704.0000000000007,1697.6900000000007,1699.2400000000007,0
1992-12-09T00:00:00+00:00,1699.2400000000007,1702.9700000000007,1685.7900000000006,1689.5600000000006,0
1992-12-10T00:00:00+00:00,1689.5600000000006,1695.7200000000007,1678.3900000000008,1686.3300000000006,0
1992-12-11T00:00:00+00:00,1686.3300000000006,1689.9100000000005,1672.3900000000006,1677.0600000000006,0
1992-12-15T00:00:00+00:00,1677.0600000000006,1681.5400000000006,1669.6700000000008,1677.1900000000007,0
1992-12-16T00:00:00+00:00,1677.1900000000007,1685.8000000000006,1677.1900000000007,1678.9700000000007,0
1992-12-17T00:00:00+00:00,1678.9700000000007,1681.4400000000007,1674.3400000000008,1677.9300000000007,0
1992-12-18T00:00:00+00:00,1677.9300000000007,1679.4200000000008,1675.9800000000007,1679.3300000000008,0
1992-12-22T00:00:00+00:00,1679.3300000000008,1690.3200000000006,1677.7400000000007,1688.0300000000007,0
1992-12-23T00:00:00+00:00,1688.0300000000007,1695.1600000000005,1683.6600000000005,1688.9000000000005,0
1992-12-24T00:00:00+00:00,1688.9000000000005,1694.7600000000007,1685.2300000000007,1694.5500000000006,0
1992-12-25T00:00:00+00:00,1544.61,1544.61,1544.61,1544.61,0
1992-12-29T00:00:00+00:00,1544.61,1553.1499999999999,1544.61,1552.9599999999998,0
1992-12-30T00:00:00+00:00,1552.9599999999998,1552.9599999999998,1544.03,1550.32,0
1992-12-31T00:00:00+00:00,1538.27,1545.05,1532.94,1545.05,0
1993-01-05T00:00:00+00:00,1545.05,1550.1200000000001,1542.46,1543.32,0
1993-01-06T00:00:00+00:00,1543.32,1554.33,1543.32,1551.75,0
1993-01-07T00:00:00+00:00,1551.75,1552.09,1537.42,1547.8600000000001,0
1993-01-08T00:00:00+00:00,1547.8600000000001,1549.6800000000003,1542.9,1544.0300000000002,0
1993-01-12T00:00:00+00:00,1544.0300000000002,1552.71,1541.92,1549.3300000000002,0
1993-01-13T00:00:00+00:00,1549.3300000000002,1552.1900000000003,1544.6000000000001,1552.1900000000003,0
1993-01-14T00:00:00+00:00,1552.1900000000003,1554.0400000000004,1536.8900000000003,1539.0800000000004,0
1993-01-15T00:00:00+00:00,1539.0800000000004,1544.4700000000005,1538.2200000000005,1541.7900000000004,0
1993-01-19T00:00:00+00:00,1541.7900000000004,1555.3100000000004,1540.1900000000005,1555.0900000000006,0
1993-01-20T00:00:00+00:00,1555.0900000000006,1564.4000000000005,1555.0900000000006,1557.7900000000004,0
1993-01-21T00:00:00+00:00,1557.7900000000004,1558.7200000000003,1542.9000000000003,1545.7300000000005,0
1993-01-22T00:00:00+00:00,1545.7300000000005,1550.8400000000006,1541.5600000000006,1541.7800000000007,0
1993-01-26T00:00:00+00:00,1541.7800000000007,1541.7800000000007,1526.0000000000007,1528.8100000000006,0
1993-01-27T00:00:00+00:00,1528.8100000000006,1540.0500000000006,1525.5300000000007,1538.1400000000008,0
1993-01-28T00:00:00+00:00,1538.1400000000008,1539.6900000000007,1529.5000000000007,1529.5000000000007,0
1993-01-29T00:00:00+00:00,1529.5000000000007,1536.3200000000006,1524.8400000000006,1536.3200000000006,0
1993-02-02T00:00:00+00:00,1536.3200000000006,1541.7800000000007,1535.9200000000008,1539.1300000000008,0
1993-02-03T00:00:00+00:00,1539.1300000000008,1541.6500000000008,1533.3800000000008,1535.0200000000007,0
1993-02-04T00:00:00+00:00,1535.0200000000007,1542.2600000000007,1534.0500000000006,1541.4700000000007,0
1993-02-05T00:00:00+00:00,1541.4700000000007,1549.0400000000009,1538.0100000000007,1538.0100000000007,0
1993-02-09T00:00:00+00:00,1538.0100000000007,1541.3400000000008,1531.3300000000008,1541.3400000000008,0
1993-02-10T00:00:00+00:00,1541.3400000000008,1543.770000000001,1536.500000000001,1540.6000000000008,0
1993-02-11T00:00:00+00:00,1540.6000000000008,1547.6400000000008,1538.9200000000008,1540.6200000000008,0
1993-02-12T00:00:00+00:00,1540.6200000000008,1541.5200000000007,1534.8600000000008,1540.4500000000007,0
1993-02-16T00:00:00+00:00,1540.4500000000007,1548.5900000000008,1539.4300000000007,1548.3700000000008,0
1993-02-17T00:00:00+00:00,1548.3700000000008,1551.7800000000009,1539.490000000001,1542.5300000000009,0
1993-02-18T00:00:00+00:00,1542.5300000000009,1549.890000000001,1538.860000000001,1546.440000000001,0
1993-02-19T00:00:00+00:00,1546.440000000001,1556.230000000001,1544.870000000001,1555.220000000001,0
1993-02-23T00:00:00+00:00,1555.220000000001,1555.5700000000008,1549.520000000001,1554.940000000001,0
1993-02-24T00:00:00+00:00,1554.940000000001,1554.940000000001,1535.8100000000009,1536.0900000000008,0
1993-02-25T00:00:00+00:00,1536.0900000000008,1539.910000000001,1532.130000000001,1532.240000000001,0
1993-02-26T00:00:00+00:00,1532.240000000001,1539.5100000000011,1531.660000000001,1539.030000000001,0
1993-03-02T00:00:00+00:00,1539.030000000001,1549.090000000001,1539.030000000001,1544.1900000000012,0
1993-03-03T00:00:00+00:00,1544.1900000000012,1547.4800000000012,1540.3600000000013,1547.4600000000012,0
1993-03-04T00:00:00+00:00,1547.4600000000012,1554.7000000000012,1537.4700000000014,1538.5700000000013,0
1993-03-05T00:00:00+00:00,1538.5700000000013,1540.9800000000014,1526.1800000000014,1531.3800000000015,0
1993-03-09T00:00:00+00:00,1531.3800000000015,1548.5700000000015,1530.9800000000016,1547.3300000000015,0
1993-03-10T00:00:00+00:00,1547.3300000000015,1558.8100000000015,1547.3300000000015,1556.7000000000016,0
1993-03-11T00:00:00+00:00,1556.7000000000016,1566.0000000000016,1556.5900000000015,1558.6600000000017,0
1993-03-12T00:00:00+00:00,1558.6600000000017,1570.0000000000018,1558.6600000000017,1569.1900000000019,0
1993-03-16T00:00:00+00:00,1569.1900000000019,1578.390000000002,1566.380000000002,1569.7000000000019,0
1993-03-17T00:00:00+00:00,1569.7000000000019,1571.750000000002,1562.610000000002,1565.4500000000019,0
1993-03-18T00:00:00+00:00,1565.4500000000019,1567.9000000000017,1548.1600000000017,1548.9000000000017,0
1993-03-19T00:00:00+00:00,1548.9000000000017,1561.4700000000016,1548.9000000000017,1559.0400000000018,0
1993-03-23T00:00:00+00:00,1559.0400000000018,1559.0400000000018,1536.8700000000017,1541.160000000002,0
1993-03-24T00:00:00+00:00,1541.160000000002,1548.2200000000018,1533.570000000002,1533.840000000002,0
1993-03-25T00:00:00+00:00,1533.840000000002,1549.0200000000018,1532.0600000000018,1546.390000000002,0
1993-03-26T00:00:00+00:00,1546.390000000002,1550.070000000002,1533.9600000000019,1535.330000000002,0
1993-03-30T00:00:00+00:00,1535.330000000002,1544.210000000002,1535.330000000002,1542.6500000000021,0
1993-03-31T00:00:00+00:00,1542.6500000000021,1551.1600000000021,1540.030000000002,1549.050000000002,0
1993-04-01T00:00:00+00:00,1549.050000000002,1553.490000000002,1546.010000000002,1547.9200000000021,0
1993-04-02T00:00:00+00:00,1547.9200000000021,1549.7200000000023,1541.5200000000023,1541.9200000000021,0
1993-04-06T00:00:00+00:00,1541.9200000000021,1545.290000000002,1536.470000000002,1543.200000000002,0
1993-04-07T00:00:00+00:00,1543.200000000002,1546.040000000002,1540.450000000002,1544.1000000000022,0
1993-04-08T00:00:00+00:00,1544.1000000000022,1544.1000000000022,1533.4100000000021,1533.4100000000021,0
1993-04-09T00:00:00+00:00,1533.4100000000021,1536.9200000000021,1533.4100000000021,1534.0900000000022,0
1993-04-14T00:00:00+00:00,1669.06,1676.17,1669.01,1671.05,0
1993-04-15T00:00:00+00:00,1671.05,1676.83,1668.84,1676.72,0
1993-04-16T00:00:00+00:00,1676.72,1681.69,1673.3500000000001,1673.3500000000001,0
1993-04-20T00:00:00+00:00,1673.3500000000001,1681.4,1673.3500000000001,1680.15,0
1993-04-21T00:00:00+00:00,1680.15,1681.0700000000002,1675.65,1675.96,0
1993-04-22T00:00:00+00:00,1675.96,1675.96,1664.1499999999999,1664.6799999999998,0
1993-04-23T00:00:00+00:00,1664.6799999999998,1664.6799999999998,1654.1,1660.8999999999999,0
1993-04-27T00:00:00+00:00,1660.8999999999999,1669.8199999999997,1655.2799999999997,1668.0099999999998,0
1993-04-28T00:00:00+00:00,1668.0099999999998,1669.5299999999997,1651.7999999999997,1653.5099999999998,0
1993-04-29T00:00:00+00:00,1653.5099999999998,1653.7599999999998,1637.2999999999997,1643.8199999999997,0
1993-04-30T00:00:00+00:00,1643.8199999999997,1651.6799999999996,1638.1399999999996,1646.0099999999998,0
1993-05-04T00:00:00+00:00,1646.0099999999998,1655.5399999999997,1643.12,1654.8799999999999,0
1993-05-05T00:00:00+00:00,1654.8799999999999,1658.8899999999999,1649.32,1649.4299999999998,0
1993-05-06T00:00:00+00:00,1649.4299999999998,1659.09,1648.05,1658.06,0
1993-05-07T00:00:00+00:00,1658.06,1664.7199999999998,1652.6899999999998,1652.8999999999999,0
1993-05-11T00:00:00+00:00,1652.8999999999999,1657.7599999999998,1647.4299999999998,1655.7299999999998,0
1993-05-12T00:00:00+00:00,1655.7299999999998,1662.1099999999997,1653.9699999999998,1660.9299999999998,0
1993-05-13T00:00:00+00:00,1660.9299999999998,1672.7499999999998,1660.5999999999997,1670.5099999999998,0
1993-05-14T00:00:00+00:00,1670.5099999999998,1678.6799999999996,1670.5099999999998,1676.8799999999997,0
1993-05-18T00:00:00+00:00,1676.8799999999997,1678.6299999999997,1672.9899999999998,1672.9899999999998,0
1993-05-19T00:00:00+00:00,1672.9899999999998,1676.2599999999998,1668.5399999999997,1668.6499999999999,0
1993-05-20T00:00:00+00:00,1668.6499999999999,1668.6499999999999,1661.6499999999999,1663.19,0
1993-05-25T00:00:00+00:00,1604.24,1611.37,1602.96,1603.09,0
1993-05-26T00:00:00+00:00,1603.09,1607.15,1601.48,1607.15,0
1993-05-27T00:00:00+00:00,1607.15,1613.2300000000002,1604.93,1609.3400000000001,0
1993-05-28T00:00:00+00:00,1609.3400000000001,1616.0500000000002,1609.3400000000001,1615.3700000000001,0
1993-06-02T00:00:00+00:00,1624.88,1625.16,1616.63,1619.89,0
1993-06-03T00:00:00+00:00,1619.89,1623.06,1616.3600000000001,1622.15,0
1993-06-04T00:00:00+00:00,1622.15,1628.17,1621.1100000000001,1628.17,0
1993-06-08T00:00:00+00:00,1628.17,1640.42,1628.17,1638.36,0
1993-06-09T00:00:00+00:00,1638.36,1643.48,1637.58,1637.61,0
1993-06-10T00:00:00+00:00,1637.61,1644.21,1637.61,1642.37,0
1993-06-15T00:00:00+00:00,1688.73,1693.31,1688.29,1691.98,0
1993-06-16T00:00:00+00:00,1691.98,1696.3700000000001,1689.25,1693.81,0
1993-06-17T00:00:00+00:00,1693.81,1695.4299999999998,1688.8799999999999,1691.3999999999999,0
1993-06-18T00:00:00+00:00,1691.3999999999999,1693.1899999999998,1690.0499999999997,1690.7999999999997,0
1993-06-22T00:00:00+00:00,1690.7999999999997,1699.5499999999997,1684.7999999999997,1698.5199999999998,0
1993-06-23T00:00:00+00:00,1698.5199999999998,1704.9599999999998,1698.5199999999998,1699.3299999999997,0
1993-06-24T00:00:00+00:00,1699.3299999999997,1713.3999999999999,1696.9099999999999,1700.6399999999999,0
1993-06-25T00:00:00+00:00,1700.6399999999999,1700.6399999999999,1689.03,1690.1499999999999,0
1993-06-29T00:00:00+00:00,1690.1499999999999,1695.5199999999998,1690.1499999999999,1694.9399999999998,0
1993-06-30T00:00:00+00:00,1694.9399999999998,1696.9399999999998,1690.6399999999999,1696.2699999999998,0
1993-07-01T00:00:00+00:00,1696.2699999999998,1696.2699999999998,1686.3099999999997,1688.85,0
1993-07-02T00:00:00+00:00,1688.85,1698.6,1687.8,1689.98,0
1993-07-06T00:00:00+00:00,1689.98,1690.73,1685.11,1690.02,0
1993-07-07T00:00:00+00:00,1690.02,1694.55,1690.02,1694.55,0
1993-07-08T00:00:00+00:00,1694.55,1709.5,1692.09,1709.5,0
1993-07-09T00:00:00+00:00,1709.5,1737.37,1709.5,1737.31,0
1993-07-13T00:00:00+00:00,1737.31,1752.08,1735.51,1751.74,0
1993-07-14T00:00:00+00:00,1751.74,1751.74,1737.65,1746.8400000000001,0
1993-07-15T00:00:00+00:00,1746.8400000000001,1758.7900000000002,1746.8400000000001,1749.0300000000002,0
1993-07-16T00:00:00+00:00,1749.0300000000002,1751.1100000000001,1738.0200000000002,1738.0200000000002,0
1993-07-20T00:00:00+00:00,1738.0200000000002,1750.0800000000002,1738.0200000000002,1745.18,0
1993-07-21T00:00:00+00:00,1745.18,1757.74,1745.15,1752.26,0
1993-07-22T00:00:00+00:00,1752.26,1752.26,1740.0900000000001,1748.02,0
1993-07-23T00:00:00+00:00,1748.02,1754.56,1747.84,1747.84,0
1993-07-27T00:00:00+00:00,1747.84,1760.6999999999998,1747.84,1760.3899999999999,0
1993-07-28T00:00:00+00:00,1760.3899999999999,1764.1899999999998,1753.9099999999999,1756.1299999999999,0
1993-07-29T00:00:00+00:00,1756.1299999999999,1756.14,1743.17,1743.17,0
1993-07-30T00:00:00+00:00,1743.17,1744.17,1734.68,1742.0800000000002,0
1993-08-03T00:00:00+00:00,1742.0800000000002,1770.2800000000002,1742.0800000000002,1761.8100000000002,0
1993-08-04T00:00:00+00:00,1761.8100000000002,1780.9700000000003,1761.8100000000002,1778.6900000000003,0
1993-08-05T00:00:00+00:00,1778.6900000000003,1792.6100000000004,1772.7700000000002,1773.0200000000002,0
1993-08-06T00:00:00+00:00,1773.0200000000002,1784.2500000000002,1762.4200000000003,1777.4300000000003,0
1993-08-10T00:00:00+00:00,1777.4300000000003,1783.4800000000002,1776.5400000000002,1779.6000000000001,0
1993-08-11T00:00:00+00:00,1779.6000000000001,1781.0300000000002,1766.7000000000003,1766.7000000000003,0
1993-08-12T00:00:00+00:00,1766.7000000000003,1777.7100000000003,1764.8600000000004,1764.9600000000003,0
1993-08-13T00:00:00+00:00,1764.9600000000003,1772.9400000000003,1762.8800000000003,1770.4100000000003,0
1993-08-17T00:00:00+00:00,1770.4100000000003,1779.8800000000003,1760.6100000000001,1760.6900000000003,0
1993-08-18T00:00:00+00:00,1760.6900000000003,1773.5100000000002,1758.8300000000002,1773.2300000000002,0
1993-08-19T00:00:00+00:00,1773.2300000000002,1788.4500000000003,1771.7100000000003,1787.8700000000003,0
1993-08-20T00:00:00+00:00,1787.8700000000003,1797.4400000000005,1780.6400000000003,1790.0300000000004,0
1993-08-24T00:00:00+00:00,1790.0300000000004,1790.0300000000004,1772.4500000000005,1772.4500000000005,0
1993-08-25T00:00:00+00:00,1772.4500000000005,1779.9300000000005,1765.6000000000006,1771.1000000000006,0
1993-08-26T00:00:00+00:00,1771.1000000000006,1780.7400000000007,1771.1000000000006,1776.8400000000006,0
1993-08-27T00:00:00+00:00,1776.8400000000006,1781.5600000000006,1763.8600000000006,1768.0600000000006,0
1993-08-31T00:00:00+00:00,1768.0600000000006,1774.4100000000008,1766.2400000000007,1773.8300000000008,0
1993-09-01T00:00:00+00:00,1773.8300000000008,1784.510000000001,1773.8300000000008,1784.510000000001,0
1993-09-02T00:00:00+00:00,1784.510000000001,1784.6300000000008,1764.7000000000007,1764.7000000000007,0
1993-09-03T00:00:00+00:00,1764.7000000000007,1777.240000000001,1760.2100000000007,1777.2200000000007,0
1993-09-07T00:00:00+00:00,1777.2200000000007,1780.8800000000008,1770.6500000000008,1775.1600000000008,0
1993-09-08T00:00:00+00:00,1775.1600000000008,1775.1600000000008,1749.8900000000008,1749.9100000000008,0
1993-09-09T00:00:00+00:00,1749.9100000000008,1766.3300000000008,1746.010000000001,1765.8700000000008,0
1993-09-10T00:00:00+00:00,1765.8700000000008,1778.1300000000008,1763.160000000001,1772.0900000000008,0
1993-09-14T00:00:00+00:00,1772.0900000000008,1780.230000000001,1772.0900000000008,1775.3700000000008,0
1993-09-15T00:00:00+00:00,1775.3700000000008,1781.2200000000007,1773.2500000000007,1777.0300000000007,0
1993-09-16T00:00:00+00:00,1777.0300000000007,1777.0300000000007,1763.2500000000007,1763.4300000000007,0
1993-09-17T00:00:00+00:00,1763.4300000000007,1764.7300000000007,1757.8800000000008,1761.6000000000008,0
1993-09-21T00:00:00+00:00,1761.6000000000008,1786.920000000001,1761.6000000000008,1786.8600000000008,0
1993-09-22T00:00:00+00:00,1786.8600000000008,1799.1500000000008,1783.1600000000008,1791.9400000000007,0
1993-09-23T00:00:00+00:00,1791.9400000000007,1800.1200000000008,1786.1300000000008,1794.5800000000008,0
1993-09-24T00:00:00+00:00,1794.5800000000008,1800.1200000000008,1792.8000000000009,1798.9200000000008,0
1993-09-28T00:00:00+00:00,1798.9200000000008,1808.4500000000007,1798.9200000000008,1800.3200000000008,0
1993-09-29T00:00:00+00:00,1800.3200000000008,1808.0600000000009,1794.250000000001,1800.2000000000007,0
1993-09-30T00:00:00+00:00,1800.2000000000007,1805.4600000000007,1796.5000000000007,1796.9200000000008,0
1993-10-01T00:00:00+00:00,1796.9200000000008,1805.1000000000008,1796.9200000000008,1801.260000000001,0
1993-10-05T00:00:00+00:00,1801.260000000001,1811.450000000001,1801.260000000001,1807.500000000001,0
1993-10-06T00:00:00+00:00,1807.500000000001,1827.3700000000008,1807.500000000001,1817.3500000000008,0
1993-10-07T00:00:00+00:00,1817.3500000000008,1820.980000000001,1803.8700000000008,1810.3200000000008,0
1993-10-08T00:00:00+00:00,1810.3200000000008,1820.980000000001,1808.4700000000007,1817.6400000000008,0
1993-10-12T00:00:00+00:00,1817.6400000000008,1824.5500000000009,1813.6600000000008,1814.3700000000008,0
1993-10-13T00:00:00+00:00,1814.3700000000008,1814.7300000000007,1804.8200000000008,1808.0400000000006,0
1993-10-14T00:00:00+00:00,1808.0400000000006,1812.6200000000008,1801.2500000000007,1801.2500000000007,0
1993-10-15T00:00:00+00:00,1801.2500000000007,1801.2500000000007,1793.1700000000008,1797.8500000000006,0
1993-10-19T00:00:00+00:00,1797.8500000000006,1810.3700000000006,1797.8500000000006,1800.2600000000004,0
1993-10-20T00:00:00+00:00,1800.2600000000004,1801.4300000000005,1789.1200000000003,1794.0200000000004,0
1993-10-21T00:00:00+00:00,1794.0200000000004,1800.3100000000004,1791.7900000000004,1800.3100000000004,0
1993-10-22T00:00:00+00:00,1800.3100000000004,1812.4500000000003,1795.3200000000004,1806.8200000000004,0
1993-10-26T00:00:00+00:00,1806.8200000000004,1813.2,1800.6700000000003,1811.93,0
1993-10-27T00:00:00+00:00,1811.93,1817.1899999999998,1800.55,1801.1199999999997,0
1993-10-28T00:00:00+00:00,1801.1199999999997,1802.2399999999996,1793.6699999999998,1796.3699999999997,0
1993-10-29T00:00:00+00:00,1796.3699999999997,1802.9599999999996,1794.9799999999996,1800.6399999999996,0
1993-11-02T00:00:00+00:00,1800.6399999999996,1801.0099999999995,1797.0699999999995,1798.0299999999995,0
1993-11-03T00:00:00+00:00,1798.0299999999995,1824.0199999999993,1798.0299999999995,1821.7699999999993,0
1993-11-04T00:00:00+00:00,1821.7699999999993,1828.1499999999994,1809.6499999999994,1810.9099999999996,0
1993-11-05T00:00:00+00:00,1810.9099999999996,1810.9099999999996,1796.2499999999998,1802.57,0
1993-11-09T00:00:00+00:00,1802.57,1809.1299999999999,1783.1699999999998,1788.62,0
1993-11-10T00:00:00+00:00,1788.62,1802,1782.07,1799.08,0
1993-11-11T00:00:00+00:00,1799.08,1811.08,1793.73,1795.35,0
1993-11-12T00:00:00+00:00,1795.35,1795.62,1787.1499999999999,1795.62,0
1993-11-16T00:00:00+00:00,1795.62,1812.75,1795.62,1810.42,0
1993-11-17T00:00:00+00:00,1810.42,1828.88,1810.42,1823.7199999999998,0
1993-11-19T00:00:00+00:00,2094.91,2099.45,2084.03,2085.34,0
1993-11-23T00:00:00+00:00,2085.34,2085.34,2060.38,2060.38,0
1993-11-24T00:00:00+00:00,2060.38,2077.7200000000003,2051.2,2063.38,0
1993-11-25T00:00:00+00:00,2063.38,2066.37,2048.34,2050.26,0
1993-11-26T00:00:00+00:00,2050.26,2068.96,2049.75,2067.29,0
1993-11-30T00:00:00+00:00,2067.29,2076.81,2067.23,2073.13,0
1993-12-01T00:00:00+00:00,2073.13,2083.98,2073.13,2080.3,0
1993-12-02T00:00:00+00:00,2080.3,2097.44,2080.3,2097.44,0
1993-12-03T00:00:00+00:00,2097.44,2101.74,2090.15,2096.63,0
1993-12-07T00:00:00+00:00,2096.63,2107.59,2092.2000000000003,2093.0800000000004,0
1993-12-08T00:00:00+00:00,2093.0800000000004,2097.4800000000005,2082.63,2084.3900000000003,0
1993-12-09T00:00:00+00:00,2084.3900000000003,2102.4400000000005,2084.3900000000003,2100.2800000000007,0
1993-12-10T00:00:00+00:00,2100.2800000000007,2106.1900000000005,2092.8800000000006,2105.9300000000007,0
1993-12-14T00:00:00+00:00,2105.9300000000007,2115.010000000001,2099.530000000001,2100.480000000001,0
1993-12-15T00:00:00+00:00,2100.480000000001,2106.920000000001,2080.1200000000013,2083.080000000001,0
1993-12-16T00:00:00+00:00,2083.080000000001,2083.080000000001,2049.540000000001,2049.830000000001,0
1993-12-17T00:00:00+00:00,2049.830000000001,2054.400000000001,2041.0600000000009,2047.9100000000008,0
1993-12-21T00:00:00+00:00,2047.9100000000008,2056.640000000001,2045.3900000000008,2056.6100000000006,0
1993-12-22T00:00:00+00:00,2056.6100000000006,2056.8600000000006,2040.710000000001,2048.1100000000006,0
1993-12-23T00:00:00+00:00,2048.1100000000006,2062.6600000000003,2047.7600000000002,2062.3000000000006,0
1993-12-24T00:00:00+00:00,2062.3000000000006,2079.7000000000007,2062.3000000000006,2074.6600000000008,0
1993-12-28T00:00:00+00:00,2074.6600000000008,2088.390000000001,2074.6600000000008,2088.390000000001,0
1993-12-29T00:00:00+00:00,2088.390000000001,2094.7000000000007,2029.1600000000008,2052.960000000001,0
1993-12-30T00:00:00+00:00,2052.960000000001,2052.960000000001,2031.050000000001,2034.6400000000008,0
1993-12-31T00:00:00+00:00,2227.71,2266.68,2227.71,2266.68,0
1994-01-04T00:00:00+00:00,2266.68,2293.89,2261.6,2292.93,0
1994-01-05T00:00:00+00:00,2292.93,2301.3799999999997,2287.19,2292.2599999999998,0
1994-01-06T00:00:00+00:00,2292.2599999999998,2320.5299999999997,2291.16,2295.3199999999997,0
1994-01-07T00:00:00+00:00,2295.3199999999997,2304.0399999999995,2285.6499999999996,2300.3899999999994,0
1994-01-11T00:00:00+00:00,2300.3899999999994,2305.3899999999994,2292.6599999999994,2302.2799999999993,0
1994-01-12T00:00:00+00:00,2302.2799999999993,2312.269999999999,2301.3499999999995,2307.2999999999993,0
1994-01-13T00:00:00+00:00,2307.2999999999993,2307.2999999999993,2286.129999999999,2293.699999999999,0
1994-01-14T00:00:00+00:00,2293.699999999999,2303.929999999999,2265.5899999999992,2278.639999999999,0
1994-01-18T00:00:00+00:00,2278.639999999999,2292.749999999999,2271.389999999999,2275.599999999999,0
1994-01-19T00:00:00+00:00,2275.599999999999,2275.599999999999,2259.939999999999,2266.439999999999,0
1994-01-20T00:00:00+00:00,2266.439999999999,2278.969999999999,2261.129999999999,2270.439999999999,0
1994-01-21T00:00:00+00:00,2270.439999999999,2275.939999999999,2246.219999999999,2251.759999999999,0
1994-01-25T00:00:00+00:00,2251.759999999999,2284.8799999999987,2237.7299999999987,2281.979999999999,0
1994-01-26T00:00:00+00:00,2281.979999999999,2296.769999999999,2281.979999999999,2295.629999999999,0
1994-01-27T00:00:00+00:00,2295.629999999999,2300.059999999999,2285.249999999999,2298.439999999999,0
1994-01-28T00:00:00+00:00,2298.439999999999,2308.849999999999,2292.249999999999,2294.069999999999,0
1994-02-01T00:00:00+00:00,2294.069999999999,2305.0799999999986,2290.429999999999,2305.0799999999986,0
1994-02-02T00:00:00+00:00,2305.0799999999986,2319.7399999999984,2295.4499999999985,2301.2099999999987,0
1994-02-03T00:00:00+00:00,2301.2099999999987,2305.8599999999988,2297.119999999999,2302.539999999999,0
1994-02-04T00:00:00+00:00,2302.539999999999,2303.619999999999,2267.4599999999987,2267.4599999999987,0
1994-02-08T00:00:00+00:00,2267.4599999999987,2267.4599999999987,2248.9899999999984,2254.9399999999987,0
1994-02-09T00:00:00+00:00,2254.9399999999987,2281.5799999999986,2254.9399999999987,2267.9599999999987,0
1994-02-10T00:00:00+00:00,2267.9599999999987,2276.8499999999985,2255.6099999999988,2264.5799999999986,0
1994-02-11T00:00:00+00:00,2264.5799999999986,2287.8299999999986,2264.5799999999986,2277.6799999999985,0
1994-02-15T00:00:00+00:00,2277.6799999999985,2291.6699999999987,2277.6799999999985,2285.009999999999,0
1994-02-16T00:00:00+00:00,2285.009999999999,2295.8999999999987,2277.819999999999,2295.8999999999987,0
1994-02-17T00:00:00+00:00,2295.8999999999987,2311.6299999999987,2295.8999999999987,2308.829999999999,0
1994-02-18T00:00:00+00:00,2308.829999999999,2309.679999999999,2295.429999999999,2296.299999999999,0
1994-02-22T00:00:00+00:00,2296.299999999999,2300.209999999999,2290.459999999999,2295.919999999999,0
1994-02-23T00:00:00+00:00,2295.919999999999,2296.669999999999,2280.8199999999993,2288.879999999999,0
1994-02-24T00:00:00+00:00,2288.879999999999,2298.1199999999994,2288.879999999999,2292.8499999999995,0
1994-02-25T00:00:00+00:00,2292.8499999999995,2292.9399999999996,2258.9699999999993,2258.9699999999993,0
1994-03-01T00:00:00+00:00,2258.9699999999993,2262.2399999999993,2249.5199999999995,2258.3299999999995,0
1994-03-02T00:00:00+00:00,2258.3299999999995,2259.6699999999996,2234.0399999999995,2234.8799999999997,0
1994-03-03T00:00:00+00:00,2234.8799999999997,2234.8799999999997,2189.3899999999994,2217.0199999999995,0
1994-03-04T00:00:00+00:00,2217.0199999999995,2238.5099999999993,2216.79,2220.5599999999995,0
1994-03-08T00:00:00+00:00,2220.5599999999995,2229.8299999999995,2218.5299999999997,2229.8299999999995,0
1994-03-09T00:00:00+00:00,2229.8299999999995,2237.1999999999994,2225.269999999999,2233.109999999999,0
1994-03-10T00:00:00+00:00,2233.109999999999,2241.109999999999,2226.419999999999,2227.4699999999993,0
1994-03-11T00:00:00+00:00,2227.4699999999993,2236.559999999999,2227.2199999999993,2235.019999999999,0
1994-03-15T00:00:00+00:00,2235.019999999999,2252.539999999999,2235.019999999999,2246.879999999999,0
1994-03-16T00:00:00+00:00,2246.879999999999,2253.389999999999,2245.399999999999,2247.0899999999992,0
1994-03-17T00:00:00+00:00,2247.0899999999992,2250.999999999999,2234.999999999999,2235.629999999999,0
1994-03-18T00:00:00+00:00,2235.629999999999,2239.249999999999,2229.859999999999,2239.249999999999,0
1994-03-22T00:00:00+00:00,2239.249999999999,2252.889999999999,2238.339999999999,2244.479999999999,0
1994-03-23T00:00:00+00:00,2244.479999999999,2250.489999999999,2235.939999999999,2236.519999999999,0
1994-03-24T00:00:00+00:00,2236.519999999999,2242.899999999999,2233.309999999999,2235.8399999999992,0
1994-03-25T00:00:00+00:00,2235.8399999999992,2255.169999999999,2235.8199999999993,2245.419999999999,0
1994-03-29T00:00:00+00:00,2245.419999999999,2268.829999999999,2245.419999999999,2264.5499999999993,0
1994-03-30T00:00:00+00:00,2264.5499999999993,2265.6799999999994,2255.749999999999,2258.919999999999,0
1994-03-31T00:00:00+00:00,2258.919999999999,2260.7599999999993,2251.449999999999,2260.7599999999993,0
1994-04-01T00:00:00+00:00,2260.7599999999993,2260.7599999999993,2246.669999999999,2255.4299999999994,0
1994-04-06T00:00:00+00:00,2134.11,2160.18,2134.11,2158.29,0
1994-04-07T00:00:00+00:00,2158.29,2163.4300000000003,2150.73,2159.81,0
1994-04-08T00:00:00+00:00,2159.81,2175.23,2159.81,2171.45,0
1994-04-12T00:00:00+00:00,2171.45,2185.0699999999997,2171.45,2176.41,0
1994-04-13T00:00:00+00:00,2176.41,2179.21,2167.0099999999998,2167.0099999999998,0
1994-04-14T00:00:00+00:00,2167.0099999999998,2171.3599999999997,2157.41,2170.2799999999997,0
1994-04-15T00:00:00+00:00,2170.2799999999997,2170.2799999999997,2157.5599999999995,2159.0699999999997,0
1994-04-19T00:00:00+00:00,2159.0699999999997,2174.52,2159.0699999999997,2164.13,0
1994-04-20T00:00:00+00:00,2164.13,2165.35,2115.77,2115.88,0
1994-04-21T00:00:00+00:00,2115.88,2123.58,2109.04,2109.04,0
1994-04-22T00:00:00+00:00,2109.04,2110.81,2089.1,2106.0499999999997,0
1994-04-26T00:00:00+00:00,2106.0499999999997,2112.5199999999995,2099.0499999999997,2099.1799999999994,0
1994-04-27T00:00:00+00:00,2099.1799999999994,2118.1999999999994,2099.1799999999994,2115.4499999999994,0
1994-04-28T00:00:00+00:00,2115.4499999999994,2123.099999999999,2109.9699999999993,2117.4299999999994,0
1994-04-29T00:00:00+00:00,2117.4299999999994,2119.9699999999993,2103.2699999999995,2107.4699999999993,0
1994-05-03T00:00:00+00:00,2107.4699999999993,2119.0299999999993,2107.1999999999994,2115.0999999999995,0
1994-05-04T00:00:00+00:00,2115.0999999999995,2115.0999999999995,2100.2199999999993,2108.359999999999,0
1994-05-05T00:00:00+00:00,2108.359999999999,2117.709999999999,2106.2299999999996,2107.4899999999993,0
1994-05-06T00:00:00+00:00,2107.4899999999993,2112.289999999999,2100.7599999999993,2109.9499999999994,0
1994-05-10T00:00:00+00:00,2109.9499999999994,2109.9499999999994,2093.9699999999993,2105.9999999999995,0
1994-05-11T00:00:00+00:00,2105.9999999999995,2111.6999999999994,2102.6299999999997,2111.4999999999995,0
1994-05-12T00:00:00+00:00,2111.4999999999995,2114.6699999999996,2102.4399999999996,2108.1699999999996,0
1994-05-17T00:00:00+00:00,2274.66,2282.6,2270.09,2271.11,0
1994-05-18T00:00:00+00:00,2271.11,2271.11,2259.9,2261.71,0
1994-05-19T00:00:00+00:00,2261.71,2263.86,2251.84,2252.27,0
1994-05-20T00:00:00+00:00,2252.27,2252.27,2238.33,2241.44,0
1994-05-25T00:00:00+00:00,2215.85,2215.85,2198.72,2198.72,0
1994-05-26T00:00:00+00:00,2198.72,2198.75,2157.49,2161.91,0
1994-05-27T00:00:00+00:00,2161.91,2171.87,2142.4399999999996,2148.1099999999997,0
1994-05-31T00:00:00+00:00,2148.1099999999997,2149.08,2125.83,2133.95,0
1994-06-01T00:00:00+00:00,2133.95,2148.2699999999995,2127.0099999999998,2146.7699999999995,0
1994-06-02T00:00:00+00:00,2146.7699999999995,2149.7099999999996,2134.5399999999995,2144.5399999999995,0
1994-06-07T00:00:00+00:00,2163.54,2167.47,2160.46,2163.07,0
1994-06-08T00:00:00+00:00,2163.07,2163.07,2140.77,2140.77,0
1994-06-09T00:00:00+00:00,2140.77,2157.9100000000003,2138.2200000000003,2153.79,0
1994-06-10T00:00:00+00:00,2153.79,2160.29,2144.39,2144.48,0
1994-06-14T00:00:00+00:00,2144.48,2145.2000000000003,2115.68,2115.7200000000003,0
1994-06-15T00:00:00+00:00,2115.7200000000003,2115.7200000000003,2102.01,2111.92,0
1994-06-16T00:00:00+00:00,2111.92,2123.12,2108.17,2112.22,0
1994-06-17T00:00:00+00:00,2112.22,2116.45,2104.22,2110.0499999999997,0
1994-06-21T00:00:00+00:00,2110.0499999999997,2110.0499999999997,2048.5899999999997,2057.6499999999996,0
1994-06-22T00:00:00+00:00,2057.6499999999996,2063.24,2044.3299999999995,2050.2599999999993,0
1994-06-23T00:00:00+00:00,2050.2599999999993,2060.5599999999995,2040.4699999999993,2051.4399999999996,0
1994-06-24T00:00:00+00:00,2051.4399999999996,2060.7499999999995,2044.0099999999995,2044.3099999999995,0
1994-06-28T00:00:00+00:00,2044.3099999999995,2050.379999999999,2024.4799999999993,2046.2699999999993,0
1994-06-29T00:00:00+00:00,2046.2699999999993,2049.4399999999996,2037.6999999999994,2046.3099999999993,0
1994-06-30T00:00:00+00:00,2046.3099999999993,2057.669999999999,2042.6299999999992,2057.669999999999,0
1994-07-01T00:00:00+00:00,2057.669999999999,2060.0099999999993,2031.239999999999,2034.029999999999,0
1994-07-05T00:00:00+00:00,2034.029999999999,2042.1099999999994,2026.0699999999993,2039.9999999999993,0
1994-07-06T00:00:00+00:00,2039.9999999999993,2039.9999999999993,2023.489999999999,2027.8099999999993,0
1994-07-07T00:00:00+00:00,2027.8099999999993,2035.6999999999994,2023.5299999999993,2023.9499999999994,0
1994-07-08T00:00:00+00:00,2023.9499999999994,2034.8899999999996,2023.9499999999994,2027.9799999999993,0
1994-07-12T00:00:00+00:00,2027.9799999999993,2040.5999999999992,2027.1599999999996,2033.2699999999993,0
1994-07-13T00:00:00+00:00,2033.2699999999993,2033.2699999999993,2017.3999999999994,2020.6399999999996,0
1994-07-14T00:00:00+00:00,2020.6399999999996,2030.6199999999997,2020.1299999999994,2020.5099999999995,0
1994-07-15T00:00:00+00:00,2020.5099999999995,2021.7699999999993,2017.0699999999995,2019.3699999999992,0
1994-07-19T00:00:00+00:00,2019.3699999999992,2029.8499999999992,2015.3699999999992,2028.1499999999994,0
1994-07-20T00:00:00+00:00,2028.1499999999994,2038.1199999999992,2023.7499999999993,2038.0799999999992,0
1994-07-21T00:00:00+00:00,2038.0799999999992,2057.669999999999,2032.0599999999993,2056.1799999999994,0
1994-07-22T00:00:00+00:00,2056.1799999999994,2056.999999999999,2048.269999999999,2053.0999999999995,0
1994-07-26T00:00:00+00:00,2053.0999999999995,2061.8699999999994,2048.8899999999994,2052.6999999999994,0
1994-07-27T00:00:00+00:00,2052.6999999999994,2065.5499999999993,2052.6999999999994,2059.0999999999995,0
1994-07-28T00:00:00+00:00,2059.0999999999995,2059.7399999999993,2049.7099999999996,2050.6899999999996,0
1994-07-29T00:00:00+00:00,2050.6899999999996,2051.5299999999993,2042.5299999999993,2044.4699999999993,0
1994-08-02T00:00:00+00:00,2044.4699999999993,2053.519999999999,2042.8899999999994,2047.3199999999993,0
1994-08-03T00:00:00+00:00,2047.3199999999993,2052.0799999999995,2045.3799999999997,2052.0099999999993,0
1994-08-04T00:00:00+00:00,2052.0099999999993,2063.7799999999993,2044.8199999999993,2062.359999999999,0
1994-08-05T00:00:00+00:00,2062.359999999999,2062.879999999999,2052.9299999999994,2054.4499999999994,0
1994-08-09T00:00:00+00:00,2054.4499999999994,2061.5399999999995,2053.9499999999994,2060.6499999999996,0
1994-08-10T00:00:00+00:00,2060.6499999999996,2060.6499999999996,2041.9399999999996,2042.5899999999992,0
1994-08-11T00:00:00+00:00,2042.5899999999992,2043.8999999999992,2033.729999999999,2040.3999999999992,0
1994-08-12T00:00:00+00:00,2040.3999999999992,2044.4699999999993,2019.9899999999993,2022.4099999999994,0
1994-08-16T00:00:00+00:00,2022.4099999999994,2031.2499999999995,2015.6099999999997,2028.3399999999997,0
1994-08-17T00:00:00+00:00,2028.3399999999997,2030.4699999999998,2023.5099999999998,2027.8799999999997,0
1994-08-18T00:00:00+00:00,2027.8799999999997,2039.3199999999997,2027.8799999999997,2030.7099999999996,0
1994-08-19T00:00:00+00:00,2030.7099999999996,2030.9499999999994,2021.0999999999995,2023.1399999999994,0
1994-08-23T00:00:00+00:00,2023.1399999999994,2023.1399999999994,2003.7599999999993,2003.7999999999993,0
1994-08-24T00:00:00+00:00,2003.7999999999993,2013.1699999999992,1992.1899999999991,2013.1299999999992,0
1994-08-25T00:00:00+00:00,2013.1299999999992,2032.9899999999989,2013.1299999999992,2030.4899999999989,0
1994-08-26T00:00:00+00:00,2030.4899999999989,2040.949999999999,2030.4899999999989,2036.8599999999988,0
1994-08-30T00:00:00+00:00,2036.8599999999988,2051.4599999999987,2036.8599999999988,2040.699999999999,0
1994-08-31T00:00:00+00:00,2040.699999999999,2051.509999999999,2035.6299999999992,2046.389999999999,0
1994-09-01T00:00:00+00:00,2046.389999999999,2057.059999999999,2045.9899999999993,2051.269999999999,0
1994-09-02T00:00:00+00:00,2051.269999999999,2053.7599999999993,2036.1299999999992,2049.1199999999994,0
1994-09-06T00:00:00+00:00,2049.1199999999994,2053.3799999999997,2044.8999999999996,2044.8999999999996,0
1994-09-07T00:00:00+00:00,2044.8999999999996,2052.9399999999996,2038.1199999999994,2041.8399999999997,0
1994-09-08T00:00:00+00:00,2041.8399999999997,2048.2699999999995,2029.9599999999996,2035.1299999999997,0
1994-09-09T00:00:00+00:00,2035.1299999999997,2038.0599999999995,2029.2699999999995,2036.9999999999995,0
1994-09-13T00:00:00+00:00,2036.9999999999995,2039.4999999999995,2025.4999999999995,2039.4499999999998,0
1994-09-14T00:00:00+00:00,2039.4499999999998,2039.9899999999998,2024.4199999999996,2027.6,0
1994-09-15T00:00:00+00:00,2027.6,2031.9699999999998,2011.4399999999996,2011.4399999999996,0
1994-09-16T00:00:00+00:00,2011.4399999999996,2013.8199999999997,1997.8599999999997,1998.2999999999997,0
1994-09-20T00:00:00+00:00,1998.2999999999997,2010.5799999999995,1992.1699999999996,1999.2199999999998,0
1994-09-21T00:00:00+00:00,1999.2199999999998,1999.2199999999998,1987,1989.87,0
1994-09-22T00:00:00+00:00,1989.87,2002.19,1985.9099999999999,2000.3899999999999,0
1994-09-23T00:00:00+00:00,2000.3899999999999,2008.5300000000002,1992.67,1996.1800000000003,0
1994-09-27T00:00:00+00:00,1996.1800000000003,2000.3400000000001,1974.3200000000002,1976.4700000000003,0
1994-09-28T00:00:00+00:00,1976.4700000000003,1976.4700000000003,1965.6999999999998,1971.69,0
1994-09-29T00:00:00+00:00,1971.69,1980.4299999999998,1969.56,1974.69,0
1994-09-30T00:00:00+00:00,1974.69,1978.69,1967.97,1974.51,0
1994-10-05T00:00:00+00:00,1991.82,1997.26,1987.53,1994.95,0
1994-10-06T00:00:00+00:00,1994.95,1994.95,1980.1000000000001,1992.43,0
1994-10-07T00:00:00+00:00,1992.43,1996.64,1978.5800000000002,1986.38,0
1994-10-11T00:00:00+00:00,1986.38,2014.48,1986.38,2008.78,0
1994-10-12T00:00:00+00:00,2008.78,2023.93,1999.65,2023.91,0
1994-10-13T00:00:00+00:00,2023.91,2035.86,2019.45,2026.22,0
1994-10-14T00:00:00+00:00,2026.22,2037.3700000000001,2022.8,2034.7700000000002,0
1994-10-18T00:00:00+00:00,2034.7700000000002,2042.5400000000002,1986.3200000000004,1986.8200000000004,0
1994-10-19T00:00:00+00:00,1986.8200000000004,1995.1300000000003,1974.9200000000003,1994.7300000000007,0
1994-10-20T00:00:00+00:00,1994.7300000000007,1995.9300000000005,1963.5200000000007,1967.4100000000005,0
1994-10-21T00:00:00+00:00,1967.4100000000005,1973.9400000000007,1958.6600000000005,1972.2000000000005,0
1994-10-25T00:00:00+00:00,1972.2000000000005,1981.4700000000005,1969.5100000000007,1972.2600000000007,0
1994-10-26T00:00:00+00:00,1972.2600000000007,1972.2600000000007,1949.2400000000007,1949.6100000000008,0
1994-10-27T00:00:00+00:00,1949.6100000000008,1959.5600000000009,1947.430000000001,1956.770000000001,0
1994-10-28T00:00:00+00:00,1956.770000000001,1961.5800000000008,1948.010000000001,1951.210000000001,0
1994-11-01T00:00:00+00:00,1951.210000000001,1964.8100000000009,1950.8500000000008,1950.880000000001,0
1994-11-02T00:00:00+00:00,1950.880000000001,1961.3100000000009,1948.2000000000012,1958.610000000001,0
1994-11-03T00:00:00+00:00,1958.610000000001,1960.240000000001,1952.9000000000012,1953.120000000001,0
1994-11-04T00:00:00+00:00,1953.120000000001,1964.9800000000012,1950.0500000000009,1964.180000000001,0
1994-11-08T00:00:00+00:00,1964.180000000001,1964.180000000001,1954.590000000001,1956.410000000001,0
1994-11-09T00:00:00+00:00,1956.410000000001,1964.3200000000008,1956.410000000001,1961.200000000001,0
1994-11-10T00:00:00+00:00,1961.200000000001,1980.6100000000008,1961.200000000001,1980.0000000000007,0
1994-11-11T00:00:00+00:00,1980.0000000000007,1982.6300000000008,1971.0300000000009,1979.010000000001,0
1994-11-15T00:00:00+00:00,1979.010000000001,1986.560000000001,1979.010000000001,1981.5500000000009,0
1994-11-16T00:00:00+00:00,1981.5500000000009,1994.5300000000009,1979.010000000001,1990.910000000001,0
1994-11-18T00:00:00+00:00,2105.37,2106.75,2095.55,2102.69,0
1994-11-22T00:00:00+00:00,2102.69,2109.55,2101.73,2105.3100000000004,0
1994-11-23T00:00:00+00:00,2105.3100000000004,2105.3100000000004,2091.9700000000003,2093.8500000000004,0
1994-11-24T00:00:00+00:00,2093.8500000000004,2094.0200000000004,2082.1800000000003,2082.46,0
1994-11-25T00:00:00+00:00,2082.46,2088.14,2074.5699999999997,2083.8599999999997,0
1994-11-29T00:00:00+00:00,2083.8599999999997,2084.4399999999996,2074.1399999999994,2074.1599999999994,0
1994-11-30T00:00:00+00:00,2074.1599999999994,2074.1599999999994,2063.109999999999,2063.3499999999995,0
1994-12-01T00:00:00+00:00,2063.3499999999995,2068.24,2060.3399999999992,2066.6799999999994,0
1994-12-02T00:00:00+00:00,2066.6799999999994,2066.7099999999996,2057.2999999999993,2062.169999999999,0
1994-12-06T00:00:00+00:00,2062.169999999999,2074.439999999999,2062.169999999999,2071.229999999999,0
1994-12-07T00:00:00+00:00,2071.229999999999,2071.289999999999,2052.8899999999994,2058.2199999999993,0
1994-12-08T00:00:00+00:00,2058.2199999999993,2062.7499999999995,2053.2499999999995,2060.6399999999994,0
1994-12-09T00:00:00+00:00,2060.6399999999994,2063.2799999999997,2056.7599999999993,2060.5299999999997,0
1994-12-13T00:00:00+00:00,2060.5299999999997,2064.04,2050.18,2050.3199999999997,0
1994-12-14T00:00:00+00:00,2050.3199999999997,2050.3199999999997,2040.8499999999997,2042.6399999999996,0
1994-12-15T00:00:00+00:00,2042.6399999999996,2053.2299999999996,2042.6399999999996,2047.1999999999996,0
1994-12-16T00:00:00+00:00,2047.1999999999996,2052.5899999999992,2046.5799999999997,2050.2699999999995,0
1994-12-20T00:00:00+00:00,2050.2699999999995,2061.3599999999997,2044.8899999999994,2045.1299999999997,0
1994-12-21T00:00:00+00:00,2045.1299999999997,2051.0699999999997,2043.1199999999994,2050.4899999999993,0
1994-12-22T00:00:00+00:00,2050.4899999999993,2053.5499999999993,2046.0399999999995,2052.3399999999992,0
1994-12-23T00:00:00+00:00,2052.3399999999992,2061.379999999999,2051.2799999999993,2060.0599999999995,0
1994-12-28T00:00:00+00:00,2106.61,2108.25,2104.64,2106.15,0
1994-12-29T00:00:00+00:00,2106.15,2111.25,2104.9500000000003,2106.4100000000003,0
1994-12-30T00:00:00+00:00,2106.4100000000003,2106.4500000000003,2096.5200000000004,2096.5200000000004,0
1995-01-03T00:00:00+00:00,2096.5200000000004,2097.3800000000006,2083.5100000000007,2084.2400000000007,0
1995-01-04T00:00:00+00:00,2084.2400000000007,2084.6800000000007,2070.4900000000007,2073.960000000001,0
1995-01-05T00:00:00+00:00,2073.960000000001,2078.990000000001,2069.470000000001,2070.740000000001,0
1995-01-06T00:00:00+00:00,2070.740000000001,2070.780000000001,2046.380000000001,2047.2400000000011,0
1995-01-10T00:00:00+00:00,2047.2400000000011,2054.300000000001,2037.6800000000012,2039.0400000000009,0
1995-01-11T00:00:00+00:00,2039.0400000000009,2051.230000000001,2031.370000000001,2051.230000000001,0
1995-01-12T00:00:00+00:00,2051.230000000001,2059.7400000000007,2045.1500000000005,2053.920000000001,0
1995-01-13T00:00:00+00:00,2053.920000000001,2055.300000000001,2037.2600000000011,2043.6600000000008,0
1995-01-17T00:00:00+00:00,2043.6600000000008,2066.4500000000007,2042.6200000000003,2060.6500000000005,0
1995-01-18T00:00:00+00:00,2060.6500000000005,2063.3400000000006,2044.8100000000004,2049.2300000000005,0
1995-01-19T00:00:00+00:00,2049.2300000000005,2056.4900000000007,2045.4400000000005,2055.4600000000005,0
1995-01-20T00:00:00+00:00,2055.4600000000005,2059.4800000000005,2044.4200000000005,2046.1300000000006,0
1995-01-24T00:00:00+00:00,2046.1300000000006,2046.1700000000005,2016.4400000000005,2022.3700000000006,0
1995-01-25T00:00:00+00:00,2022.3700000000006,2030.8700000000006,2017.3300000000006,2026.0000000000007,0
1995-01-26T00:00:00+00:00,2026.0000000000007,2033.1600000000008,2018.4800000000007,2031.6800000000007,0
1995-01-27T00:00:00+00:00,2031.6800000000007,2037.4100000000008,2026.3600000000008,2036.7700000000007,0
1995-01-31T00:00:00+00:00,2036.7700000000007,2044.6400000000008,2035.6400000000008,2035.6400000000008,0
1995-02-01T00:00:00+00:00,2035.6400000000008,2038.8200000000006,2027.3200000000006,2033.8000000000006,0
1995-02-02T00:00:00+00:00,2033.8000000000006,2055.170000000001,2031.8200000000006,2052.540000000001,0
1995-02-03T00:00:00+00:00,2052.540000000001,2052.610000000001,2044.230000000001,2044.660000000001,0
1995-02-07T00:00:00+00:00,2044.660000000001,2051.5700000000006,2041.6100000000008,2043.5300000000009,0
1995-02-08T00:00:00+00:00,2043.5300000000009,2055.7300000000014,2043.5300000000009,2051.380000000001,0
1995-02-09T00:00:00+00:00,2051.380000000001,2051.380000000001,2040.3000000000006,2043.360000000001,0
1995-02-10T00:00:00+00:00,2043.360000000001,2085.830000000001,2040.230000000001,2075.070000000001,0
1995-02-14T00:00:00+00:00,2075.070000000001,2078.090000000001,2068.170000000001,2070.760000000001,0
1995-02-15T00:00:00+00:00,2070.760000000001,2081.220000000001,2070.130000000001,2074.540000000001,0
1995-02-16T00:00:00+00:00,2074.540000000001,2085.5900000000006,2069.5700000000006,2083.2500000000005,0
1995-02-17T00:00:00+00:00,2083.2500000000005,2090.1700000000005,2047.3100000000004,2052.3700000000003,0
1995-02-21T00:00:00+00:00,2052.3700000000003,2054.83,2047.71,2048.57,0
1995-02-22T00:00:00+00:00,2048.57,2048.57,2033.25,2043.1400000000003,0
1995-02-23T00:00:00+00:00,2043.1400000000003,2048.35,2035.9300000000003,2046.3700000000003,0
1995-02-24T00:00:00+00:00,2046.3700000000003,2073.7200000000003,2046.3700000000003,2072.3900000000003,0
1995-02-28T00:00:00+00:00,2072.3900000000003,2078.7300000000005,2060.7800000000007,2076.3000000000006,0
1995-03-01T00:00:00+00:00,2076.3000000000006,2076.370000000001,2062.230000000001,2062.7800000000007,0
1995-03-02T00:00:00+00:00,2062.7800000000007,2093.9500000000007,2062.7800000000007,2089.790000000001,0
1995-03-03T00:00:00+00:00,2089.790000000001,2092.090000000001,2075.3300000000013,2076.960000000001,0
1995-03-07T00:00:00+00:00,2076.960000000001,2083.1500000000005,2050.770000000001,2060.1100000000006,0
1995-03-08T00:00:00+00:00,2060.1100000000006,2070.2300000000005,2022.8300000000006,2024.2500000000007,0
1995-03-09T00:00:00+00:00,2024.2500000000007,2042.5000000000007,2020.3200000000008,2036.0300000000009,0
1995-03-10T00:00:00+00:00,2036.0300000000009,2040.1100000000008,1978.740000000001,1983.770000000001,0
1995-03-14T00:00:00+00:00,1983.770000000001,1987.4800000000007,1948.500000000001,1948.500000000001,0
1995-03-15T00:00:00+00:00,1948.500000000001,1998.5700000000008,1940.270000000001,1997.700000000001,0
1995-03-16T00:00:00+00:00,1997.700000000001,1997.700000000001,1969.230000000001,1969.230000000001,0
1995-03-17T00:00:00+00:00,1969.230000000001,1982.0200000000011,1958.040000000001,1982.0200000000011,0
1995-03-21T00:00:00+00:00,1982.0200000000011,1995.350000000001,1981.900000000001,1987.630000000001,0
1995-03-22T00:00:00+00:00,1987.630000000001,2007.4900000000011,1970.5100000000011,1980.7100000000012,0
1995-03-23T00:00:00+00:00,1980.7100000000012,1991.9100000000012,1973.1300000000012,1979.4400000000012,0
1995-03-24T00:00:00+00:00,1979.4400000000012,1979.4400000000012,1915.7100000000012,1937.370000000001,0
1995-03-28T00:00:00+00:00,1937.370000000001,1949.940000000001,1921.830000000001,1921.930000000001,0
1995-03-29T00:00:00+00:00,1921.930000000001,1935.860000000001,1886.960000000001,1902.110000000001,0
1995-03-30T00:00:00+00:00,1902.110000000001,1919.650000000001,1890.060000000001,1917.200000000001,0
1995-03-31T00:00:00+00:00,1917.200000000001,1959.8500000000008,1916.750000000001,1942.770000000001,0
1995-04-04T00:00:00+00:00,1942.770000000001,1970.3700000000008,1935.4300000000007,1961.5600000000009,0
1995-04-05T00:00:00+00:00,1961.5600000000009,1993.640000000001,1960.5400000000009,1986.900000000001,0
1995-04-06T00:00:00+00:00,1986.900000000001,1997.710000000001,1982.100000000001,1993.020000000001,0
1995-04-07T00:00:00+00:00,1993.020000000001,2019.5300000000009,1986.980000000001,2008.520000000001,0
1995-04-11T00:00:00+00:00,2008.520000000001,2015.5300000000009,1990.5300000000009,2002.3700000000008,0
1995-04-12T00:00:00+00:00,2002.3700000000008,2006.770000000001,1992.4400000000007,1992.9000000000008,0
1995-04-13T00:00:00+00:00,1992.9000000000008,2014.4100000000008,1992.9000000000008,2013.7700000000007,0
1995-04-14T00:00:00+00:00,2013.7700000000007,2013.7900000000006,2000.3700000000006,2002.2700000000007,0
1995-04-19T00:00:00+00:00,1971.15,1971.15,1953.79,1954.62,0
1995-04-20T00:00:00+00:00,1954.62,1961.3899999999999,1948.59,1953.73,0
1995-04-21T00:00:00+00:00,1953.73,1962.83,1950.58,1959.1,0
1995-04-25T00:00:00+00:00,1959.1,1966.2199999999998,1947.4499999999998,1955.07,0
1995-04-26T00:00:00+00:00,1955.07,1980.7299999999998,1952.61,1974.1999999999998,0
1995-04-27T00:00:00+00:00,1974.1999999999998,1990.3799999999999,1972.0799999999997,1988.5199999999998,0
1995-04-28T00:00:00+00:00,1988.5199999999998,1988.5199999999998,1975.62,1980.9299999999998,0
1995-05-03T00:00:00+00:00,2022.81,2037.87,2022.81,2036.47,0
1995-05-04T00:00:00+00:00,2036.47,2037.26,2023.1499999999999,2033.82,0
1995-05-05T00:00:00+00:00,2033.82,2040.4499999999998,2017.4099999999999,2021.94,0
1995-05-09T00:00:00+00:00,2021.94,2031.5500000000002,2019.8000000000002,2031.5500000000002,0
1995-05-10T00:00:00+00:00,2031.5500000000002,2047.3600000000001,2031.5500000000002,2044.96,0
1995-05-11T00:00:00+00:00,2044.96,2057.5899999999997,2042.8599999999997,2054.7799999999997,0
1995-05-12T00:00:00+00:00,2054.7799999999997,2072.1299999999997,2043.9599999999996,2072.1299999999997,0
1995-05-16T00:00:00+00:00,2072.1299999999997,2075.18,2061.45,2066.93,0
1995-05-17T00:00:00+00:00,2066.93,2096.4199999999996,2061.7999999999997,2089.1,0
1995-05-18T00:00:00+00:00,2089.1,2089.1299999999997,2062.8399999999997,2065.5399999999995,0
1995-05-19T00:00:00+00:00,2065.5399999999995,2078.4799999999996,2061.4199999999996,2064.14,0
1995-05-23T00:00:00+00:00,2064.14,2092.1299999999997,2062.9799999999996,2091.6499999999996,0
1995-05-24T00:00:00+00:00,2091.6499999999996,2095.7599999999998,2072.7699999999995,2077.6,0
1995-05-25T00:00:00+00:00,2077.6,2098.04,2077.6,2090.85,0
1995-05-30T00:00:00+00:00,2059.23,2069.53,2058.24,2069.26,0
1995-05-31T00:00:00+00:00,2069.26,2085.2100000000005,2069.26,2078.3100000000004,0
1995-06-01T00:00:00+00:00,2078.3100000000004,2089.1200000000003,2072.4000000000005,2088.9700000000003,0
1995-06-02T00:00:00+00:00,2088.9700000000003,2107.7000000000003,2085.2000000000003,2091.57,0
1995-06-07T00:00:00+00:00,2141.55,2154.65,2139.6,2154.17,0
1995-06-08T00:00:00+00:00,2154.17,2154.17,2144.83,2146.41,0
1995-06-09T00:00:00+00:00,2146.41,2151.9999999999995,2138.12,2145.2799999999997,0
1995-06-13T00:00:00+00:00,2145.2799999999997,2173.6299999999997,2145.0599999999995,2171.4999999999995,0
1995-06-14T00:00:00+00:00,2171.4999999999995,2173.2199999999993,2155.2299999999996,2166.5999999999995,0
1995-06-15T00:00:00+00:00,2166.5999999999995,2169.5099999999993,2153.479999999999,2156.5999999999995,0
1995-06-20T00:00:00+00:00,2120.29,2156.12,2120.29,2154.13,0
1995-06-21T00:00:00+00:00,2154.13,2159.4600000000005,2130.9500000000003,2137.2700000000004,0
1995-06-22T00:00:00+00:00,2137.2700000000004,2146.3500000000004,2135.9400000000005,2138.3400000000006,0
1995-06-23T00:00:00+00:00,2138.3400000000006,2165.690000000001,2134.620000000001,2162.0500000000006,0
1995-06-27T00:00:00+00:00,2162.0500000000006,2170.560000000001,2152.270000000001,2161.560000000001,0
1995-06-28T00:00:00+00:00,2161.560000000001,2162.540000000001,2151.310000000001,2160.870000000001,0
1995-06-29T00:00:00+00:00,2160.870000000001,2160.870000000001,2133.340000000001,2136.990000000001,0
1995-06-30T00:00:00+00:00,2136.990000000001,2151.630000000001,2133.040000000001,2135.250000000001,0
1995-07-04T00:00:00+00:00,2135.250000000001,2154.7200000000007,2135.250000000001,2153.9200000000005,0
1995-07-05T00:00:00+00:00,2153.9200000000005,2163.0300000000007,2153.9200000000005,2158.1800000000007,0
1995-07-06T00:00:00+00:00,2158.1800000000007,2161.8800000000006,2146.8000000000006,2160.7600000000007,0
1995-07-07T00:00:00+00:00,2160.7600000000007,2168.7400000000007,2153.9500000000007,2154.9700000000007,0
1995-07-11T00:00:00+00:00,2154.9700000000007,2166.0100000000007,2153.390000000001,2165.8400000000006,0
1995-07-12T00:00:00+00:00,2165.8400000000006,2186.7900000000004,2158.9500000000007,2179.2600000000007,0
1995-07-13T00:00:00+00:00,2179.2600000000007,2188.8600000000006,2170.9000000000005,2188.2600000000007,0
1995-07-14T00:00:00+00:00,2188.2600000000007,2194.9200000000005,2170.2500000000005,2171.2200000000003,0
1995-07-18T00:00:00+00:00,2171.2200000000003,2180.73,2171.2200000000003,2176.1400000000003,0
1995-07-19T00:00:00+00:00,2176.1400000000003,2178.05,2164.1600000000003,2164.1600000000003,0
1995-07-20T00:00:00+00:00,2164.1600000000003,2182.2300000000005,2160.0500000000006,2181.3100000000004,0
1995-07-21T00:00:00+00:00,2181.3100000000004,2197.9400000000005,2179.3900000000003,2190.4400000000005,0
1995-07-25T00:00:00+00:00,2190.4400000000005,2223.1900000000005,2187.8400000000006,2222.9400000000005,0
1995-07-26T00:00:00+00:00,2222.9400000000005,2226.3200000000006,2214.5400000000004,2222.0900000000006,0
1995-07-27T00:00:00+00:00,2222.0900000000006,2227.1600000000008,2215.900000000001,2218.370000000001,0
1995-07-28T00:00:00+00:00,2218.370000000001,2224.9400000000005,2214.0100000000007,2224.140000000001,0
1995-08-01T00:00:00+00:00,2224.140000000001,2231.420000000001,2221.060000000001,2231.380000000001,0
1995-08-02T00:00:00+00:00,2231.380000000001,2235.4300000000007,2216.560000000001,2216.970000000001,0
1995-08-03T00:00:00+00:00,2216.970000000001,2250.5400000000013,2216.9600000000014,2244.300000000001,0
1995-08-04T00:00:00+00:00,2244.300000000001,2245.5600000000013,2226.130000000001,2231.1000000000013,0
1995-08-08T00:00:00+00:00,2231.1000000000013,2241.1000000000013,2230.9000000000015,2235.5400000000013,0
1995-08-09T00:00:00+00:00,2235.5400000000013,2235.5400000000013,2218.930000000001,2222.090000000001,0
1995-08-10T00:00:00+00:00,2222.090000000001,2224.750000000001,2206.730000000001,2210.200000000001,0
1995-08-11T00:00:00+00:00,2210.200000000001,2222.190000000001,2200.340000000001,2222.190000000001,0
1995-08-15T00:00:00+00:00,2222.190000000001,2222.5800000000013,2199.5200000000013,2207.5000000000014,0
1995-08-16T00:00:00+00:00,2207.5000000000014,2234.9200000000014,2207.5000000000014,2226.1200000000013,0
1995-08-17T00:00:00+00:00,2226.1200000000013,2238.960000000001,2226.1200000000013,2229.610000000001,0
1995-08-18T00:00:00+00:00,2229.610000000001,2238.1600000000008,2220.9700000000007,2228.1600000000008,0
1995-08-22T00:00:00+00:00,2228.1600000000008,2242.0900000000006,2224.7100000000005,2233.5700000000006,0
1995-08-23T00:00:00+00:00,2233.5700000000006,2233.9400000000005,2214.2000000000007,2218.8900000000003,0
1995-08-24T00:00:00+00:00,2218.8900000000003,2225.2200000000003,2212.46,2216.96,0
1995-08-25T00:00:00+00:00,2216.96,2224.86,2203.96,2207.83,0
1995-08-29T00:00:00+00:00,2207.83,2207.97,2182.22,2189.2599999999998,0
1995-08-30T00:00:00+00:00,2189.2599999999998,2189.5799999999995,2177.1399999999994,2179.6699999999996,0
1995-08-31T00:00:00+00:00,2179.6699999999996,2196.95,2179.2899999999995,2196.62,0
1995-09-01T00:00:00+00:00,2196.62,2197.0899999999997,2184.1699999999996,2186.3199999999997,0
1995-09-05T00:00:00+00:00,2186.3199999999997,2209.6199999999994,2186.3199999999997,2209.3299999999995,0
1995-09-06T00:00:00+00:00,2209.3299999999995,2212.7299999999996,2204.3099999999995,2209.5699999999997,0
1995-09-07T00:00:00+00:00,2209.5699999999997,2216.7499999999995,2198.1999999999994,2200.9099999999994,0
1995-09-08T00:00:00+00:00,2200.9099999999994,2202.649999999999,2186.7199999999993,2200.7699999999995,0
1995-09-12T00:00:00+00:00,2200.7699999999995,2207.5699999999993,2194.2599999999993,2205.7499999999995,0
1995-09-13T00:00:00+00:00,2205.7499999999995,2209.06,2199.0699999999997,2200.62,0
1995-09-14T00:00:00+00:00,2200.62,2228.6499999999996,2200.47,2227.6499999999996,0
1995-09-15T00:00:00+00:00,2227.6499999999996,2232,2221.87,2223.95,0
1995-09-19T00:00:00+00:00,2223.95,2235.2,2217.0499999999997,2218.8899999999994,0
1995-09-20T00:00:00+00:00,2218.8899999999994,2237.3899999999994,2218.8899999999994,2228.4699999999993,0
1995-09-21T00:00:00+00:00,2228.4699999999993,2231.9599999999996,2203.1199999999994,2208.4199999999996,0
1995-09-22T00:00:00+00:00,2208.4199999999996,2216.87,2197.0099999999998,2200.5599999999995,0
1995-09-26T00:00:00+00:00,2200.5599999999995,2206.3199999999993,2186.4899999999993,2196.999999999999,0
1995-09-27T00:00:00+00:00,2196.999999999999,2211.2799999999993,2196.579999999999,2208.019999999999,0
1995-09-28T00:00:00+00:00,2208.019999999999,2209.399999999999,2162.9099999999994,2175.4499999999994,0
1995-09-29T00:00:00+00:00,2175.4499999999994,2191.7499999999995,2158.859999999999,2178.419999999999,0
1995-10-03T00:00:00+00:00,2178.419999999999,2182.209999999999,2165.4899999999993,2169.0799999999995,0
1995-10-05T00:00:00+00:00,2206.79,2219.04,2206.31,2211.6,0
1995-10-06T00:00:00+00:00,2211.6,2213.71,2189.1,2191.12,0
1995-10-10T00:00:00+00:00,2191.12,2206.64,2184.15,2189.0499999999997,0
1995-10-11T00:00:00+00:00,2189.0499999999997,2192.0699999999997,2139.52,2157.11,0
1995-10-12T00:00:00+00:00,2157.11,2174.25,2149.8,2167.83,0
1995-10-13T00:00:00+00:00,2167.83,2181.3799999999997,2167.79,2175.22,0
1995-10-17T00:00:00+00:00,2175.22,2177.42,2154.5,2162.5099999999998,0
1995-10-18T00:00:00+00:00,2162.5099999999998,2173.64,2151.95,2151.95,0
1995-10-19T00:00:00+00:00,2151.95,2185.73,2146.81,2169.71,0
1995-10-20T00:00:00+00:00,2169.71,2173.59,2150.7,2152.42,0
1995-10-24T00:00:00+00:00,2152.42,2152.42,2123.01,2132.4100000000003,0
1995-10-25T00:00:00+00:00,2132.4100000000003,2144.3600000000006,2118.7800000000007,2126.6100000000006,0
1995-10-26T00:00:00+00:00,2126.6100000000006,2151.4100000000008,2126.310000000001,2142.2900000000004,0
1995-10-27T00:00:00+00:00,2142.2900000000004,2151.8800000000006,2130.4200000000005,2149.8900000000003,0
1995-10-31T00:00:00+00:00,2149.8900000000003,2172.88,2149.8900000000003,2170.2000000000003,0
1995-11-01T00:00:00+00:00,2170.2000000000003,2194.9700000000003,2170.2000000000003,2188.6900000000005,0
1995-11-02T00:00:00+00:00,2188.6900000000005,2209.9700000000007,2177.9800000000005,2208.350000000001,0
1995-11-03T00:00:00+00:00,2208.350000000001,2210.1800000000007,2187.920000000001,2200.9700000000007,0
1995-11-07T00:00:00+00:00,2200.9700000000007,2206.130000000001,2190.370000000001,2198.090000000001,0
1995-11-08T00:00:00+00:00,2198.090000000001,2206.240000000001,2178.880000000001,2198.280000000001,0
1995-11-09T00:00:00+00:00,2198.280000000001,2206.380000000001,2188.300000000001,2203.9800000000014,0
1995-11-10T00:00:00+00:00,2203.9800000000014,2209.9500000000016,2187.0700000000015,2187.8700000000013,0
1995-11-14T00:00:00+00:00,2187.8700000000013,2212.3400000000015,2186.3300000000013,2212.3400000000015,0
1995-11-15T00:00:00+00:00,2212.3400000000015,2220.3800000000015,2202.7900000000013,2213.6100000000015,0
1995-11-16T00:00:00+00:00,2213.6100000000015,2223.3700000000013,2207.1900000000014,2222.3300000000013,0
1995-11-17T00:00:00+00:00,2222.3300000000013,2226.5000000000014,2208.5600000000013,2219.5200000000013,0
1995-11-21T00:00:00+00:00,2219.5200000000013,2238.7200000000016,2217.2800000000016,2218.6200000000017,0
1995-11-22T00:00:00+00:00,2218.6200000000017,2222.7500000000014,2212.7300000000014,2215.9100000000017,0
1995-11-23T00:00:00+00:00,2215.9100000000017,2220.6600000000017,2193.5700000000015,2199.8900000000017,0
1995-11-24T00:00:00+00:00,2199.8900000000017,2211.420000000002,2199.730000000002,2206.070000000002,0
1995-11-28T00:00:00+00:00,2206.070000000002,2233.030000000002,2206.070000000002,2232.860000000002,0
1995-11-29T00:00:00+00:00,2232.860000000002,2239.5400000000022,2226.900000000002,2230.920000000002,0
1995-11-30T00:00:00+00:00,2230.920000000002,2238.250000000002,2224.510000000002,2232.190000000002,0
1995-12-01T00:00:00+00:00,2232.190000000002,2234.980000000002,2214.340000000002,2234.980000000002,0
1995-12-05T00:00:00+00:00,2234.980000000002,2236.290000000002,2224.2400000000016,2235.7800000000016,0
1995-12-06T00:00:00+00:00,2235.7800000000016,2241.3200000000015,2223.6200000000017,2237.290000000002,0
1995-12-07T00:00:00+00:00,2237.290000000002,2252.290000000002,2234.8300000000017,2250.1200000000017,0
1995-12-08T00:00:00+00:00,2250.1200000000017,2250.380000000002,2228.4500000000016,2232.4500000000016,0
1995-12-12T00:00:00+00:00,2232.4500000000016,2237.2100000000014,2230.2400000000016,2237.1300000000015,0
1995-12-13T00:00:00+00:00,2237.1300000000015,2247.2000000000016,2233.0900000000015,2234.8800000000015,0
1995-12-14T00:00:00+00:00,2234.8800000000015,2236.7600000000016,2224.9100000000017,2234.040000000002,0
1995-12-15T00:00:00+00:00,2234.040000000002,2237.2000000000016,2229.530000000002,2231.920000000002,0
1995-12-19T00:00:00+00:00,2231.920000000002,2231.920000000002,2184.6400000000017,2188.2200000000016,0
1995-12-20T00:00:00+00:00,2188.2200000000016,2200.0900000000015,2178.8300000000017,2193.0300000000016,0
1995-12-21T00:00:00+00:00,2193.0300000000016,2208.6100000000015,2188.990000000001,2205.0900000000015,0
1995-12-22T00:00:00+00:00,2205.0900000000015,2210.9000000000015,2196.6600000000017,2210.3200000000015,0
1995-12-28T00:00:00+00:00,2277.89,2283.09,2276.42,2280.44,0
1995-12-29T00:00:00+00:00,2280.44,2282.88,2274.48,2276.84,0
1996-01-03T00:00:00+00:00,2271.4,2285.03,2271.4,2284.86,0
1996-01-04T00:00:00+00:00,2284.86,2302.61,2284.86,2301.7999999999997,0
1996-01-05T00:00:00+00:00,2301.7999999999997,2307.24,2297.96,2299.96,0
1996-01-09T00:00:00+00:00,2299.96,2300.18,2287.56,2295.54,0
1996-01-10T00:00:00+00:00,2295.54,2313.13,2295.54,2309.62,0
1996-01-11T00:00:00+00:00,2309.62,2311.6699999999996,2295.58,2296.49,0
1996-01-12T00:00:00+00:00,2296.49,2296.49,2291,2294.21,0
1996-01-16T00:00:00+00:00,2294.21,2299.57,2287.9500000000003,2289.9300000000003,0
1996-01-17T00:00:00+00:00,2289.9300000000003,2294.0700000000006,2285.0900000000006,2292.8500000000004,0
1996-01-18T00:00:00+00:00,2292.8500000000004,2293.5200000000004,2281.5000000000005,2286.9900000000007,0
1996-01-19T00:00:00+00:00,2286.9900000000007,2298.730000000001,2286.9900000000007,2297.730000000001,0
1996-01-23T00:00:00+00:00,2297.730000000001,2305.1300000000006,2292.770000000001,2296.000000000001,0
1996-01-24T00:00:00+00:00,2296.000000000001,2296.000000000001,2286.550000000001,2290.4900000000007,0
1996-01-25T00:00:00+00:00,2290.4900000000007,2303.3900000000003,2290.4900000000007,2302.5300000000007,0
1996-01-26T00:00:00+00:00,2302.5300000000007,2318.880000000001,2301.730000000001,2313.7600000000007,0
1996-01-30T00:00:00+00:00,2313.7600000000007,2316.140000000001,2301.120000000001,2312.070000000001,0
1996-01-31T00:00:00+00:00,2312.070000000001,2315.210000000001,2299.480000000001,2305.550000000001,0
1996-02-01T00:00:00+00:00,2305.550000000001,2314.860000000001,2305.550000000001,2313.340000000001,0
1996-02-02T00:00:00+00:00,2313.340000000001,2314.570000000001,2300.6000000000013,2300.6000000000013,0
1996-02-06T00:00:00+00:00,2300.6000000000013,2300.6000000000013,2284.320000000001,2287.5200000000013,0
1996-02-07T00:00:00+00:00,2287.5200000000013,2296.0500000000015,2282.6200000000013,2291.1600000000017,0
1996-02-08T00:00:00+00:00,2291.1600000000017,2296.9200000000014,2291.1600000000017,2294.9200000000014,0
1996-02-09T00:00:00+00:00,2294.9200000000014,2297.0800000000013,2280.930000000001,2286.090000000001,0
1996-02-13T00:00:00+00:00,2286.090000000001,2297.670000000001,2286.090000000001,2293.3300000000013,0
1996-02-14T00:00:00+00:00,2293.3300000000013,2296.3100000000013,2288.4700000000016,2291.7700000000013,0
1996-02-15T00:00:00+00:00,2291.7700000000013,2295.0300000000016,2286.660000000001,2290.3200000000015,0
1996-02-16T00:00:00+00:00,2290.3200000000015,2295.650000000002,2285.3100000000018,2295.650000000002,0
1996-02-20T00:00:00+00:00,2295.650000000002,2295.650000000002,2286.5600000000018,2289.480000000002,0
1996-02-21T00:00:00+00:00,2289.480000000002,2289.610000000002,2273.120000000002,2274.660000000002,0
1996-02-22T00:00:00+00:00,2274.660000000002,2286.780000000002,2270.740000000002,2286.780000000002,0
1996-02-23T00:00:00+00:00,2286.780000000002,2301.920000000002,2286.780000000002,2290.050000000002,0
1996-02-27T00:00:00+00:00,2290.050000000002,2295.880000000002,2282.670000000002,2284.050000000002,0
1996-02-28T00:00:00+00:00,2284.050000000002,2293.960000000002,2281.600000000002,2292.140000000002,0
1996-02-29T00:00:00+00:00,2292.140000000002,2302.8100000000018,2292.140000000002,2301.380000000002,0
1996-03-01T00:00:00+00:00,2301.380000000002,2305.000000000002,2292.460000000002,2294.070000000002,0
1996-03-05T00:00:00+00:00,2294.070000000002,2297.0200000000023,2285.740000000002,2287.940000000002,0
1996-03-06T00:00:00+00:00,2287.940000000002,2293.890000000002,2269.590000000002,2270.5200000000023,0
1996-03-07T00:00:00+00:00,2270.5200000000023,2270.5200000000023,2260.660000000002,2262.410000000002,0
1996-03-08T00:00:00+00:00,2262.410000000002,2266.690000000002,2260.8700000000017,2263.820000000002,0
1996-03-12T00:00:00+00:00,2263.820000000002,2263.820000000002,2236.900000000002,2244.150000000002,0
1996-03-13T00:00:00+00:00,2244.150000000002,2263.190000000002,2244.150000000002,2253.3600000000015,0
1996-03-14T00:00:00+00:00,2253.3600000000015,2255.4500000000016,2240.3900000000017,2249.7000000000016,0
1996-03-15T00:00:00+00:00,2249.7000000000016,2252.0300000000016,2243.420000000002,2245.8600000000015,0
1996-03-19T00:00:00+00:00,2245.8600000000015,2261.1200000000013,2243.2700000000013,2256.680000000001,0
1996-03-20T00:00:00+00:00,2256.680000000001,2262.410000000001,2254.820000000001,2261.4200000000014,0
1996-03-21T00:00:00+00:00,2261.4200000000014,2266.540000000002,2254.7100000000014,2261.9100000000017,0
1996-03-22T00:00:00+00:00,2261.9100000000017,2267.8300000000017,2255.9000000000015,2267.7800000000016,0
1996-03-26T00:00:00+00:00,2267.7800000000016,2273.400000000002,2263.7000000000016,2273.400000000002,0
1996-03-27T00:00:00+00:00,2273.400000000002,2278.640000000002,2261.710000000002,2264.450000000002,0
1996-03-28T00:00:00+00:00,2264.450000000002,2271.100000000002,2261.0500000000025,2270.2100000000023,0
1996-03-29T00:00:00+00:00,2270.2100000000023,2270.2100000000023,2250.200000000002,2255.1500000000024,0
1996-04-02T00:00:00+00:00,2255.1500000000024,2259.1700000000023,2247.120000000002,2248.8600000000024,0
1996-04-03T00:00:00+00:00,2248.8600000000024,2258.6300000000024,2248.3300000000027,2258.6300000000024,0
1996-04-04T00:00:00+00:00,2258.6300000000024,2259.7600000000025,2249.5300000000025,2253.3600000000024,0
1996-04-05T00:00:00+00:00,2253.3600000000024,2262.4300000000026,2251.6200000000026,2254.1900000000023,0
1996-04-10T00:00:00+00:00,2489.97,2503.56,2487.06,2503.26,0
1996-04-11T00:00:00+00:00,2503.26,2518.8200000000006,2503.26,2518.0600000000004,0
1996-04-12T00:00:00+00:00,2518.0600000000004,2518.0600000000004,2506.6400000000003,2510.4000000000005,0
1996-04-16T00:00:00+00:00,2510.4000000000005,2521.9400000000005,2510.4000000000005,2520.140000000001,0
1996-04-17T00:00:00+00:00,2520.140000000001,2521.0500000000006,2511.5600000000004,2517.2000000000007,0
1996-04-18T00:00:00+00:00,2517.2000000000007,2523.4600000000005,2506.4000000000005,2508.0600000000004,0
1996-04-19T00:00:00+00:00,2508.0600000000004,2522.3000000000006,2505.0600000000004,2521.5000000000005,0
1996-04-23T00:00:00+00:00,2521.5000000000005,2522.7200000000007,2513.7700000000004,2517.2300000000005,0
1996-04-24T00:00:00+00:00,2517.2300000000005,2520.0700000000006,2512.7400000000002,2515.4700000000003,0
1996-04-25T00:00:00+00:00,2515.4700000000003,2515.4700000000003,2502.34,2506.1700000000005,0
1996-04-26T00:00:00+00:00,2506.1700000000005,2506.1700000000005,2496.8200000000006,2502.9100000000003,0
1996-04-30T00:00:00+00:00,2502.9100000000003,2502.9100000000003,2482.2300000000005,2482.2300000000005,0
1996-05-01T00:00:00+00:00,2497.19,2505.31,2487.27,2505.25,0
1996-05-03T00:00:00+00:00,2490.7,2503.81,2487.07,2502.31,0
1996-05-07T00:00:00+00:00,2502.31,2512.48,2502.31,2506.77,0
1996-05-08T00:00:00+00:00,2506.77,2518.9300000000003,2506.77,2517.0600000000004,0
1996-05-09T00:00:00+00:00,2517.0600000000004,2517.3,2505.76,2505.84,0
1996-05-10T00:00:00+00:00,2505.84,2506.7100000000005,2497.2300000000005,2500.0600000000004,0
1996-05-14T00:00:00+00:00,2500.0600000000004,2505.3700000000003,2497.4500000000003,2501.1400000000003,0
1996-05-15T00:00:00+00:00,2501.1400000000003,2510.6400000000003,2499.4300000000003,2509.7700000000004,0
1996-05-16T00:00:00+00:00,2509.7700000000004,2514.4100000000003,2504.8700000000003,2509.4100000000003,0
1996-05-21T00:00:00+00:00,2550.31,2553.05,2546.09,2550,0
1996-05-22T00:00:00+00:00,2550,2565.46,2545.08,2564.4900000000002,0
1996-05-23T00:00:00+00:00,2564.4900000000002,2565.28,2556.06,2565.02,0
1996-05-24T00:00:00+00:00,2565.02,2568.45,2558.3199999999997,2561.41,0
1996-05-29T00:00:00+00:00,2553.4,2560.9,2553.4,2558.3,0
1996-05-30T00:00:00+00:00,2558.3,2558.3,2550.78,2551.56,0
1996-05-31T00:00:00+00:00,2551.56,2553.77,2543.48,2543.7599999999998,0
1996-06-04T00:00:00+00:00,2543.7599999999998,2551.7599999999998,2541.3599999999997,2549.7899999999995,0
1996-06-05T00:00:00+00:00,2549.7899999999995,2559.6699999999996,2549.7899999999995,2558.9199999999996,0
1996-06-06T00:00:00+00:00,2558.9199999999996,2565.4699999999993,2558.2999999999997,2562.7999999999997,0
1996-06-11T00:00:00+00:00,2558.6,2559.42,2553.72,2558.81,0
1996-06-12T00:00:00+00:00,2558.81,2559.39,2553.29,2554.27,0
1996-06-13T00:00:00+00:00,2554.27,2567.17,2554.27,2564.44,0
1996-06-14T00:00:00+00:00,2564.44,2569.43,2561.13,2568.99,0
1996-06-18T00:00:00+00:00,2568.99,2569.7299999999996,2562.6699999999996,2563.9599999999996,0
1996-06-19T00:00:00+00:00,2563.9599999999996,2563.9599999999996,2558.6899999999996,2559.3199999999997,0
1996-06-20T00:00:00+00:00,2559.3199999999997,2562.39,2557.8199999999997,2560.37,0
1996-06-21T00:00:00+00:00,2560.37,2561.12,2548.9,2551.11,0
1996-06-25T00:00:00+00:00,2551.11,2566.75,2551.11,2566.75,0
1996-06-26T00:00:00+00:00,2566.75,2573.25,2564.79,2570.14,0
1996-06-27T00:00:00+00:00,2570.14,2572.7499999999995,2567.7,2567.72,0
1996-06-28T00:00:00+00:00,2567.72,2568.39,2550.5499999999997,2550.5499999999997,0
1996-07-02T00:00:00+00:00,2550.5499999999997,2554.29,2540.6,2550.68,0
1996-07-03T00:00:00+00:00,2550.68,2557.5199999999995,2544.99,2548.1099999999997,0
1996-07-04T00:00:00+00:00,2548.1099999999997,2550.6799999999994,2545.3199999999993,2548.5499999999993,0
1996-07-05T00:00:00+00:00,2548.5499999999993,2556.169999999999,2547.149999999999,2555.479999999999,0
1996-07-09T00:00:00+00:00,2555.479999999999,2555.479999999999,2545.919999999999,2550.869999999999,0
1996-07-10T00:00:00+00:00,2550.869999999999,2560.519999999999,2550.869999999999,2558.529999999999,0
1996-07-11T00:00:00+00:00,2558.529999999999,2566.229999999999,2557.6299999999987,2559.569999999999,0
1996-07-12T00:00:00+00:00,2559.569999999999,2568.049999999999,2556.389999999999,2561.159999999999,0
1996-07-16T00:00:00+00:00,2561.159999999999,2567.059999999999,2552.069999999999,2563.329999999999,0
1996-07-17T00:00:00+00:00,2563.329999999999,2563.329999999999,2522.409999999999,2524.069999999999,0
1996-07-18T00:00:00+00:00,2524.069999999999,2532.429999999999,2524.069999999999,2526.539999999999,0
1996-07-19T00:00:00+00:00,2526.539999999999,2529.709999999999,2520.0899999999992,2520.739999999999,0
1996-07-23T00:00:00+00:00,2520.739999999999,2520.739999999999,2495.619999999999,2498.699999999999,0
1996-07-24T00:00:00+00:00,2498.699999999999,2498.699999999999,2490.869999999999,2492.359999999999,0
1996-07-25T00:00:00+00:00,2492.359999999999,2495.5499999999993,2475.8499999999995,2477.4199999999996,0
1996-07-26T00:00:00+00:00,2477.4199999999996,2482.9999999999995,2471.3899999999994,2474.0799999999995,0
1996-07-30T00:00:00+00:00,2474.0799999999995,2483.939999999999,2474.0799999999995,2479.7999999999993,0
1996-07-31T00:00:00+00:00,2479.7999999999993,2479.7999999999993,2466.4299999999994,2470.129999999999,0
1996-08-01T00:00:00+00:00,2470.129999999999,2473.7099999999996,2467.3199999999993,2472.2599999999993,0
1996-08-02T00:00:00+00:00,2472.2599999999993,2475.5499999999993,2471.0699999999993,2474.5299999999993,0
1996-08-06T00:00:00+00:00,2474.5299999999993,2482.2499999999995,2474.5299999999993,2478.2799999999993,0
1996-08-07T00:00:00+00:00,2478.2799999999993,2486.769999999999,2478.2799999999993,2485.559999999999,0
1996-08-08T00:00:00+00:00,2485.559999999999,2490.1099999999988,2484.309999999999,2487.9199999999987,0
1996-08-09T00:00:00+00:00,2487.9199999999987,2491.7599999999984,2485.0599999999986,2486.2699999999986,0
1996-08-13T00:00:00+00:00,2486.2699999999986,2486.2699999999986,2481.2599999999984,2483.6899999999982,0
1996-08-14T00:00:00+00:00,2483.6899999999982,2487.869999999998,2483.409999999998,2487.069999999998,0
1996-08-15T00:00:00+00:00,2487.069999999998,2487.229999999998,2480.099999999998,2482.109999999998,0
1996-08-16T00:00:00+00:00,2482.109999999998,2488.859999999998,2482.109999999998,2482.4599999999978,0
1996-08-20T00:00:00+00:00,2482.4599999999978,2487.169999999998,2479.109999999998,2482.699999999998,0
1996-08-21T00:00:00+00:00,2482.699999999998,2487.029999999998,2478.0199999999977,2481.889999999998,0
1996-08-22T00:00:00+00:00,2481.889999999998,2482.599999999998,2476.9899999999984,2478.929999999998,0
1996-08-23T00:00:00+00:00,2478.929999999998,2493.679999999998,2472.4099999999976,2493.679999999998,0
1996-08-27T00:00:00+00:00,2493.679999999998,2497.489999999998,2490.889999999998,2495.739999999998,0
1996-08-28T00:00:00+00:00,2495.739999999998,2505.229999999998,2495.739999999998,2504.0899999999983,0
1996-08-29T00:00:00+00:00,2504.0899999999983,2507.5599999999986,2497.0399999999986,2499.0299999999984,0
1996-08-30T00:00:00+00:00,2499.0299999999984,2503.9699999999984,2497.659999999998,2501.979999999998,0
1996-09-03T00:00:00+00:00,2501.979999999998,2501.979999999998,2491.219999999998,2494.059999999998,0
1996-09-04T00:00:00+00:00,2494.059999999998,2496.139999999998,2480.289999999998,2480.759999999998,0
1996-09-05T00:00:00+00:00,2480.759999999998,2485.999999999998,2477.499999999998,2482.199999999998,0
1996-09-06T00:00:00+00:00,2482.199999999998,2484.8499999999976,2477.3099999999977,2480.689999999998,0
1996-09-10T00:00:00+00:00,2480.689999999998,2494.6799999999976,2480.689999999998,2494.5199999999977,0
1996-09-11T00:00:00+00:00,2494.5199999999977,2504.299999999998,2494.5199999999977,2504.1399999999976,0
1996-09-12T00:00:00+00:00,2504.1399999999976,2507.7299999999977,2502.4499999999975,2503.629999999998,0
1996-09-13T00:00:00+00:00,2503.629999999998,2508.7099999999978,2500.129999999998,2505.409999999998,0
1996-09-17T00:00:00+00:00,2505.409999999998,2524.329999999998,2505.409999999998,2523.879999999998,0
1996-09-18T00:00:00+00:00,2523.879999999998,2525.0999999999976,2517.939999999998,2523.2899999999977,0
1996-09-19T00:00:00+00:00,2523.2899999999977,2528.0199999999973,2521.9299999999976,2522.7299999999973,0
1996-09-20T00:00:00+00:00,2522.7299999999973,2526.2799999999975,2522.3199999999974,2525.8399999999974,0
1996-09-24T00:00:00+00:00,2525.8399999999974,2525.8399999999974,2518.1699999999973,2519.5899999999974,0
1996-09-25T00:00:00+00:00,2519.5899999999974,2525.0899999999974,2518.9599999999973,2524.2299999999973,0
1996-09-26T00:00:00+00:00,2524.2299999999973,2533.119999999997,2522.849999999997,2532.429999999997,0
1996-09-27T00:00:00+00:00,2532.429999999997,2543.1499999999974,2532.429999999997,2537.1099999999974,0
1996-10-01T00:00:00+00:00,2537.1099999999974,2537.1099999999974,2525.4799999999973,2533.809999999997,0
1996-10-02T00:00:00+00:00,2533.809999999997,2544.809999999997,2532.2399999999975,2542.0699999999974,0
1996-10-03T00:00:00+00:00,2542.0699999999974,2553.2299999999973,2541.7599999999975,2549.6299999999974,0
1996-10-08T00:00:00+00:00,2698,2704.74,2696.54,2702.64,0
1996-10-09T00:00:00+00:00,2702.64,2706.79,2696.08,2697.67,0
1996-10-10T00:00:00+00:00,2697.67,2705.32,2694.67,2704.92,0
1996-10-11T00:00:00+00:00,2704.92,2704.92,2693.92,2695.37,0
1996-10-15T00:00:00+00:00,2695.37,2701.19,2694.95,2699.27,0
1996-10-16T00:00:00+00:00,2699.27,2716.69,2699.27,2716.5,0
1996-10-17T00:00:00+00:00,2716.5,2716.5,2701.43,2703.94,0
1996-10-18T00:00:00+00:00,2703.94,2706.36,2699.57,2702.7300000000005,0
1996-10-22T00:00:00+00:00,2702.7300000000005,2703.5700000000006,2692.6700000000005,2697.5500000000006,0
1996-10-23T00:00:00+00:00,2697.5500000000006,2698.9800000000005,2692.0400000000004,2694.4400000000005,0
1996-10-24T00:00:00+00:00,2694.4400000000005,2695.5700000000006,2666.370000000001,2669.370000000001,0
1996-10-25T00:00:00+00:00,2669.370000000001,2669.370000000001,2657.9300000000007,2662.0900000000006,0
1996-10-29T00:00:00+00:00,2662.0900000000006,2677.0200000000004,2662.0900000000006,2671.2300000000005,0
1996-10-30T00:00:00+00:00,2671.2300000000005,2671.2300000000005,2654.0200000000004,2655.3100000000004,0
1996-10-31T00:00:00+00:00,2655.3100000000004,2663.0700000000006,2649.7300000000005,2649.7300000000005,0
1996-11-01T00:00:00+00:00,2649.7300000000005,2650.350000000001,2628.290000000001,2631.0100000000007,0
1996-11-05T00:00:00+00:00,2631.0100000000007,2631.0100000000007,2623.0700000000006,2629.0500000000006,0
1996-11-06T00:00:00+00:00,2629.0500000000006,2645.5600000000004,2629.0500000000006,2645.5600000000004,0
1996-11-07T00:00:00+00:00,2645.5600000000004,2658.9400000000005,2645.5600000000004,2655.5300000000007,0
1996-11-08T00:00:00+00:00,2655.5300000000007,2660.1000000000004,2632.4200000000005,2641.6800000000003,0
1996-11-12T00:00:00+00:00,2641.6800000000003,2642.8100000000004,2634.0700000000006,2634.0700000000006,0
1996-11-13T00:00:00+00:00,2634.0700000000006,2638.520000000001,2630.350000000001,2638.400000000001,0
1996-11-14T00:00:00+00:00,2638.400000000001,2652.550000000001,2638.400000000001,2650.020000000001,0
1996-11-15T00:00:00+00:00,2650.020000000001,2650.040000000001,2632.820000000001,2641.8900000000012,0
1996-11-19T00:00:00+00:00,2641.8900000000012,2641.8900000000012,2612.4600000000014,2612.4600000000014,0
1996-11-20T00:00:00+00:00,2612.4600000000014,2612.4600000000014,2597.340000000001,2602.7100000000014,0
1996-11-22T00:00:00+00:00,2764.96,2774.29,2760.33,2772.34,0
1996-11-26T00:00:00+00:00,2772.34,2788.25,2772.34,2788.25,0
1996-11-27T00:00:00+00:00,2788.25,2799.52,2788.25,2790.21,0
1996-11-28T00:00:00+00:00,2790.21,2790.58,2776.59,2780.32,0
1996-11-29T00:00:00+00:00,2780.32,2795.44,2780.32,2794.2799999999997,0
1996-12-03T00:00:00+00:00,2794.2799999999997,2799.7699999999995,2792.7099999999996,2798.1299999999997,0
1996-12-04T00:00:00+00:00,2798.1299999999997,2802.66,2793.5899999999997,2794.45,0
1996-12-05T00:00:00+00:00,2794.45,2800.37,2783.86,2792.05,0
1996-12-06T00:00:00+00:00,2792.05,2817.59,2792.05,2812.89,0
1996-12-10T00:00:00+00:00,2812.89,2846.05,2812.89,2830.72,0
1996-12-11T00:00:00+00:00,2830.72,2841.79,2830.72,2839.49,0
1996-12-12T00:00:00+00:00,2839.49,2839.49,2824.93,2826.86,0
1996-12-13T00:00:00+00:00,2826.86,2835.38,2820.2000000000003,2829.5,0
1996-12-17T00:00:00+00:00,2829.5,2854.05,2829.5,2854.05,0
1996-12-18T00:00:00+00:00,2854.05,2854.05,2838.5000000000005,2842.4400000000005,0
1996-12-19T00:00:00+00:00,2842.4400000000005,2851.5300000000007,2842.4400000000005,2846.5000000000005,0
1996-12-20T00:00:00+00:00,2846.5000000000005,2847.6800000000003,2828.8100000000004,2833.7300000000005,0
1996-12-24T00:00:00+00:00,2833.7300000000005,2833.7300000000005,2828.0600000000004,2832.1900000000005,0
1996-12-31T00:00:00+00:00,2871.18,2888.69,2853.42,2888.69,0
1997-01-03T00:00:00+00:00,2855.24,2855.24,2833.78,2848.77,0
1997-01-07T00:00:00+00:00,2848.77,2858.92,2840.71,2840.84,0
1997-01-08T00:00:00+00:00,2840.84,2850.92,2839.62,2850.69,0
1997-01-09T00:00:00+00:00,2850.69,2866,2850.69,2864.96,0
1997-01-10T00:00:00+00:00,2864.96,2864.96,2849.5899999999997,2856,0
1997-01-14T00:00:00+00:00,2856,2865.64,2856,2859.3399999999997,0
1997-01-15T00:00:00+00:00,2859.3399999999997,2862.0299999999997,2853.5699999999997,2855.14,0
1997-01-16T00:00:00+00:00,2855.14,2867.94,2855.0899999999997,2859.3399999999997,0
1997-01-17T00:00:00+00:00,2859.3399999999997,2887.5,2859.3399999999997,2882.2,0
1997-01-21T00:00:00+00:00,2882.2,2892.6699999999996,2877.5199999999995,2891.7899999999995,0
1997-01-22T00:00:00+00:00,2891.7899999999995,2891.7899999999995,2872.1899999999996,2876.1299999999997,0
1997-01-23T00:00:00+00:00,2876.1299999999997,2885.2599999999998,2871.8799999999997,2872.3799999999997,0
1997-01-24T00:00:00+00:00,2872.3799999999997,2887.2099999999996,2867.1199999999994,2887.2099999999996,0
1997-01-28T00:00:00+00:00,2887.2099999999996,2890.6999999999994,2880.9999999999995,2886.49,0
1997-01-29T00:00:00+00:00,2886.49,2887.8499999999995,2878.4999999999995,2883.7499999999995,0
1997-01-30T00:00:00+00:00,2883.7499999999995,2888.8799999999997,2878.1999999999994,2880.5099999999993,0
1997-01-31T00:00:00+00:00,2880.5099999999993,2896.679999999999,2880.5099999999993,2889.3199999999993,0
1997-02-04T00:00:00+00:00,2889.3199999999993,2917.289999999999,2887.3399999999992,2917.289999999999,0
1997-02-05T00:00:00+00:00,2917.289999999999,2918.229999999999,2901.939999999999,2902.219999999999,0
1997-02-06T00:00:00+00:00,2902.219999999999,2915.2099999999987,2900.9599999999987,2913.3799999999987,0
1997-02-07T00:00:00+00:00,2913.3799999999987,2921.5199999999986,2913.3799999999987,2918.9899999999984,0
1997-02-11T00:00:00+00:00,2918.9899999999984,2947.769999999998,2918.9899999999984,2947.1799999999985,0
1997-02-12T00:00:00+00:00,2947.1799999999985,2948.1599999999985,2933.6499999999987,2939.3299999999986,0
1997-02-13T00:00:00+00:00,2939.3299999999986,2952.1799999999985,2929.6599999999985,2939.7399999999984,0
1997-02-14T00:00:00+00:00,2939.7399999999984,2942.1299999999987,2931.4199999999987,2939.4799999999987,0
1997-02-18T00:00:00+00:00,2939.4799999999987,2944.089999999999,2930.5299999999984,2934.3599999999988,0
1997-02-19T00:00:00+00:00,2934.3599999999988,2955.8599999999988,2934.3599999999988,2944.2299999999987,0
1997-02-20T00:00:00+00:00,2944.2299999999987,2953.0999999999985,2934.5799999999986,2936.6199999999985,0
1997-02-21T00:00:00+00:00,2936.6199999999985,2940.2399999999984,2928.5599999999986,2937.4599999999987,0
1997-02-25T00:00:00+00:00,2937.4599999999987,2945.2199999999984,2932.7099999999987,2940.9599999999987,0
1997-02-26T00:00:00+00:00,2940.9599999999987,2965.7699999999986,2940.9599999999987,2963.509999999999,0
1997-02-27T00:00:00+00:00,2963.509999999999,2970.2299999999987,2959.7899999999986,2970.2299999999987,0
1997-02-28T00:00:00+00:00,2970.2299999999987,2982.799999999999,2970.2299999999987,2975.1199999999985,0
1997-03-04T00:00:00+00:00,2975.1199999999985,2979.259999999999,2970.8699999999985,2974.489999999999,0
1997-03-05T00:00:00+00:00,2974.489999999999,2994.089999999999,2974.489999999999,2994.089999999999,0
1997-03-06T00:00:00+00:00,2994.089999999999,3026.789999999999,2994.089999999999,3026.7499999999986,0
1997-03-07T00:00:00+00:00,3026.7499999999986,3036.9899999999984,3017.3799999999983,3028.0499999999984,0
1997-03-11T00:00:00+00:00,3028.0499999999984,3053.9799999999987,3028.0499999999984,3047.1299999999987,0
1997-03-12T00:00:00+00:00,3047.1299999999987,3057.889999999999,3036.419999999999,3043.499999999999,0
1997-03-13T00:00:00+00:00,3043.499999999999,3046.019999999999,3009.6699999999987,3020.639999999999,0
1997-03-14T00:00:00+00:00,3020.639999999999,3020.639999999999,3000.559999999999,3011.839999999999,0
1997-03-18T00:00:00+00:00,3011.839999999999,3016.319999999999,2992.6599999999985,2992.6599999999985,0
1997-03-19T00:00:00+00:00,2992.6599999999985,2992.6599999999985,2942.0299999999984,2942.0299999999984,0
1997-03-20T00:00:00+00:00,2942.0299999999984,2955.5299999999984,2929.289999999998,2951.289999999998,0
1997-03-21T00:00:00+00:00,2951.289999999998,2951.289999999998,2925.9199999999983,2925.9199999999983,0
1997-03-25T00:00:00+00:00,2925.9199999999983,2941.659999999998,2925.369999999998,2934.0299999999984,0
1997-03-26T00:00:00+00:00,2934.0299999999984,2951.0699999999983,2928.729999999998,2949.409999999998,0
1997-03-27T00:00:00+00:00,2949.409999999998,2991.999999999998,2947.319999999998,2985.029999999998,0
1997-03-28T00:00:00+00:00,2985.029999999998,2994.759999999998,2965.629999999998,2981.229999999998,0
1997-04-02T00:00:00+00:00,3336.11,3336.11,3266.61,3295.93,0
1997-04-03T00:00:00+00:00,3295.93,3305.97,3287.2999999999997,3291.1499999999996,0
1997-04-04T00:00:00+00:00,3291.1499999999996,3291.1499999999996,3261.2699999999995,3284.1799999999994,0
1997-04-08T00:00:00+00:00,3284.1799999999994,3311.749999999999,3284.1799999999994,3298.6799999999994,0
1997-04-09T00:00:00+00:00,3298.6799999999994,3313.1599999999994,3294.0399999999995,3302.9799999999996,0
1997-04-10T00:00:00+00:00,3302.9799999999996,3327.3299999999995,3300.4299999999994,3308.5399999999995,0
1997-04-11T00:00:00+00:00,3308.5399999999995,3318.4499999999994,3302.3199999999997,3311.7799999999993,0
1997-04-15T00:00:00+00:00,3311.7799999999993,3319.1599999999994,3300.2999999999993,3313.2399999999993,0
1997-04-16T00:00:00+00:00,3313.2399999999993,3326.9799999999996,3313.2399999999993,3317.649999999999,0
1997-04-17T00:00:00+00:00,3317.649999999999,3329.5599999999995,3306.879999999999,3314.729999999999,0
1997-04-18T00:00:00+00:00,3314.729999999999,3332.629999999999,3314.729999999999,3326.729999999999,0
1997-04-22T00:00:00+00:00,3326.729999999999,3349.419999999999,3326.419999999999,3348.989999999999,0
1997-04-23T00:00:00+00:00,3348.989999999999,3358.3299999999986,3340.799999999999,3342.2899999999986,0
1997-04-24T00:00:00+00:00,3342.2899999999986,3357.7899999999986,3342.2899999999986,3350.7999999999984,0
1997-04-25T00:00:00+00:00,3350.7999999999984,3364.3999999999983,3348.099999999998,3354.4699999999984,0
1997-04-29T00:00:00+00:00,3354.4699999999984,3362.6799999999985,3346.6799999999985,3348.0299999999984,0
1997-04-30T00:00:00+00:00,3348.0299999999984,3352.9699999999984,3343.4399999999982,3346.8399999999983,0
1997-05-01T00:00:00+00:00,3428.29,3452.61,3428.29,3438.07,0
1997-05-06T00:00:00+00:00,3510.93,3533.18,3510.93,3528.78,0
1997-05-07T00:00:00+00:00,3528.78,3550.2400000000002,3523.9600000000005,3533.9600000000005,0
1997-05-08T00:00:00+00:00,3533.9600000000005,3536.7300000000005,3520.6800000000003,3529.0000000000005,0
1997-05-13T00:00:00+00:00,3547.99,3576.01,3542.6,3575.37,0
1997-05-14T00:00:00+00:00,3575.37,3584.58,3568.25,3582.37,0
1997-05-15T00:00:00+00:00,3582.37,3582.37,3570.06,3570.06,0
1997-05-16T00:00:00+00:00,3570.06,3570.06,3554.15,3561.4300000000003,0
1997-05-21T00:00:00+00:00,3557.39,3557.39,3533.71,3543.43,0
1997-05-22T00:00:00+00:00,3543.43,3568.2599999999998,3538.72,3567.39,0
1997-05-23T00:00:00+00:00,3567.39,3575.5299999999997,3533.47,3536.71,0
1997-05-27T00:00:00+00:00,3536.71,3584.7200000000003,3536.71,3581.57,0
1997-05-28T00:00:00+00:00,3581.57,3591.25,3577.1200000000003,3587.1200000000003,0
1997-05-29T00:00:00+00:00,3587.1200000000003,3601.7900000000004,3538.8100000000004,3542.9000000000005,0
1997-06-03T00:00:00+00:00,3568.1,3608.61,3568.1,3605.62,0
1997-06-04T00:00:00+00:00,3605.62,3612.22,3599.4599999999996,3609.8499999999995,0
1997-06-05T00:00:00+00:00,3609.8499999999995,3619.9499999999994,3595.1699999999996,3612.6699999999996,0
1997-06-06T00:00:00+00:00,3612.6699999999996,3622.79,3612.6699999999996,3618.56,0
1997-06-10T00:00:00+00:00,3618.56,3623.58,3563.8399999999997,3566.0499999999997,0
1997-06-11T00:00:00+00:00,3566.0499999999997,3585.87,3563.6899999999996,3580.25,0
1997-06-12T00:00:00+00:00,3580.25,3597.79,3580.25,3589.77,0
1997-06-13T00:00:00+00:00,3589.77,3615.81,3589.77,3609.22,0
1997-06-17T00:00:00+00:00,3609.22,3624.2699999999995,3609.22,3613.2999999999997,0
1997-06-18T00:00:00+00:00,3613.2999999999997,3613.2999999999997,3582.0499999999997,3586.47,0
1997-06-19T00:00:00+00:00,3586.47,3592.77,3577.9,3588.85,0
1997-06-20T00:00:00+00:00,3588.85,3595.46,3580.37,3585.16,0
1997-06-24T00:00:00+00:00,3585.16,3598.84,3579.98,3583.47,0
1997-06-25T00:00:00+00:00,3583.47,3591.0899999999997,3573.72,3588.2799999999997,0
1997-06-26T00:00:00+00:00,3588.2799999999997,3602.3199999999997,3588.2799999999997,3602.15,0
1997-06-27T00:00:00+00:00,3602.15,3609.05,3586.82,3586.82,0
1997-07-01T00:00:00+00:00,3586.82,3591.8,3565.21,3565.21,0
1997-07-02T00:00:00+00:00,3565.21,3584.8700000000003,3562.35,3583.96,0
1997-07-03T00:00:00+00:00,3583.96,3595.15,3569.68,3578.78,0
1997-07-04T00:00:00+00:00,3578.78,3596.16,3578.78,3588.89,0
1997-07-08T00:00:00+00:00,3588.89,3616.95,3588.89,3615,0
1997-07-09T00:00:00+00:00,3615,3636.44,3615,3621.76,0
1997-07-10T00:00:00+00:00,3621.76,3641.6300000000006,3621.76,3631.4000000000005,0
1997-07-11T00:00:00+00:00,3631.4000000000005,3631.4000000000005,3587.03,3597.9200000000005,0
1997-07-15T00:00:00+00:00,3597.9200000000005,3647.1800000000007,3597.9200000000005,3643.4,0
1997-07-16T00:00:00+00:00,3643.4,3658.9599999999996,3636.53,3644.6,0
1997-07-17T00:00:00+00:00,3644.6,3686.11,3644.6,3685.2999999999997,0
1997-07-18T00:00:00+00:00,3685.2999999999997,3698.5399999999995,3664.399999999999,3679.97,0
1997-07-22T00:00:00+00:00,3679.97,3684.48,3643.5199999999995,3664.359999999999,0
1997-07-23T00:00:00+00:00,3664.359999999999,3743.299999999999,3664.359999999999,3735.4899999999993,0
1997-07-24T00:00:00+00:00,3735.4899999999993,3817.81,3734.4199999999996,3805.2599999999998,0
1997-07-25T00:00:00+00:00,3805.2599999999998,3805.8700000000003,3725.94,3729.77,0
1997-07-29T00:00:00+00:00,3729.77,3756.2999999999997,3729.77,3747.5799999999995,0
1997-07-30T00:00:00+00:00,3747.5799999999995,3749.399999999999,3730.359999999999,3732.4199999999987,0
1997-07-31T00:00:00+00:00,3732.4199999999987,3756.9099999999985,3732.4199999999987,3752.439999999999,0
1997-08-01T00:00:00+00:00,3752.439999999999,3761.6299999999997,3729.859999999999,3740.6699999999996,0
1997-08-05T00:00:00+00:00,3740.6699999999996,3740.6699999999996,3678.109999999999,3686.839999999999,0
1997-08-06T00:00:00+00:00,3686.839999999999,3698.339999999999,3633.6299999999987,3645.609999999999,0
1997-08-07T00:00:00+00:00,3645.609999999999,3682.469999999999,3639.939999999999,3676.609999999999,0
1997-08-08T00:00:00+00:00,3676.609999999999,3720.2799999999993,3676.609999999999,3710.1199999999994,0
1997-08-12T00:00:00+00:00,3710.1199999999994,3721.18,3697.93,3718.7099999999996,0
1997-08-13T00:00:00+00:00,3718.7099999999996,3732.359999999999,3707.019999999999,3723.1599999999994,0
1997-08-14T00:00:00+00:00,3723.1599999999994,3723.1599999999994,3678.149999999999,3678.2499999999986,0
1997-08-15T00:00:00+00:00,3678.2499999999986,3682.3599999999983,3637.5399999999986,3669.2899999999986,0
1997-08-19T00:00:00+00:00,3669.2899999999986,3716.2799999999984,3614.3499999999985,3716.2799999999984,0
1997-08-20T00:00:00+00:00,3716.2799999999984,3745.7099999999987,3716.099999999998,3740.4399999999982,0
1997-08-21T00:00:00+00:00,3740.4399999999982,3769.2499999999977,3723.929999999998,3736.1999999999985,0
1997-08-22T00:00:00+00:00,3736.1999999999985,3757.889999999999,3721.139999999999,3733.089999999999,0
1997-08-26T00:00:00+00:00,3733.089999999999,3747.9099999999985,3673.0099999999984,3678.9499999999985,0
1997-08-27T00:00:00+00:00,3678.9499999999985,3678.9499999999985,3578.5599999999986,3595.5799999999986,0
1997-08-28T00:00:00+00:00,3595.5799999999986,3629.9699999999984,3571.729999999998,3629.6499999999983,0
1997-08-29T00:00:00+00:00,3629.6499999999983,3644.5499999999984,3574.4099999999985,3578.8499999999985,0
1997-09-02T00:00:00+00:00,3578.8499999999985,3623.1599999999985,3578.8499999999985,3621.2299999999987,0
1997-09-03T00:00:00+00:00,3621.2299999999987,3640.1299999999987,3621.2299999999987,3635.6899999999987,0
1997-09-04T00:00:00+00:00,3635.6899999999987,3655.0999999999985,3594.029999999999,3621.1399999999985,0
1997-09-05T00:00:00+00:00,3621.1399999999985,3660.3199999999983,3608.9299999999985,3636.269999999998,0
1997-09-09T00:00:00+00:00,3636.269999999998,3636.269999999998,3600.039999999998,3614.519999999998,0
1997-09-10T00:00:00+00:00,3614.519999999998,3627.9199999999987,3591.4599999999987,3607.2199999999984,0
1997-09-11T00:00:00+00:00,3607.2199999999984,3607.2199999999984,3554.829999999998,3559.549999999998,0
1997-09-12T00:00:00+00:00,3559.549999999998,3559.549999999998,3514.2199999999975,3535.049999999998,0
1997-09-16T00:00:00+00:00,3535.049999999998,3539.179999999998,3468.969999999998,3485.259999999998,0
1997-09-17T00:00:00+00:00,3485.259999999998,3554.969999999998,3485.259999999998,3543.8299999999977,0
1997-09-18T00:00:00+00:00,3543.8299999999977,3572.2599999999975,3531.549999999998,3570.7699999999977,0
1997-09-19T00:00:00+00:00,3570.7699999999977,3597.669999999998,3552.309999999998,3594.509999999998,0
1997-09-23T00:00:00+00:00,3594.509999999998,3643.079999999998,3594.509999999998,3637.949999999998,0
1997-09-24T00:00:00+00:00,3637.949999999998,3652.0199999999986,3616.1699999999983,3616.1699999999983,0
1997-09-25T00:00:00+00:00,3616.1699999999983,3635.079999999998,3599.4399999999982,3625.7699999999986,0
1997-09-26T00:00:00+00:00,3625.7699999999986,3657.879999999999,3621.669999999999,3645.619999999999,0
1997-09-30T00:00:00+00:00,3645.619999999999,3671.249999999998,3645.619999999999,3653.829999999999,0
1997-10-01T00:00:00+00:00,3653.829999999999,3686.3999999999996,3653.829999999999,3678.9399999999996,0
1997-10-02T00:00:00+00:00,3678.9399999999996,3721.669999999999,3672.6099999999997,3719.949999999999,0
1997-10-03T00:00:00+00:00,3719.949999999999,3740.419999999999,3714.3899999999994,3740.419999999999,0
1997-10-07T00:00:00+00:00,3740.419999999999,3768.6099999999997,3728.079999999999,3764.8499999999995,0
1997-10-08T00:00:00+00:00,3764.8499999999995,3781.919999999999,3743.41,3743.41,0
1997-10-09T00:00:00+00:00,3743.41,3759.8500000000004,3730.3500000000004,3759.79,0
1997-10-10T00:00:00+00:00,3759.79,3791.7700000000004,3749.1100000000006,3755.8200000000006,0
1997-10-14T00:00:00+00:00,3755.8200000000006,3779.2300000000005,3755.8200000000006,3776.1500000000005,0
1997-10-15T00:00:00+00:00,3776.1500000000005,3776.1500000000005,3742.96,3768.1000000000004,0
1997-10-16T00:00:00+00:00,3768.1000000000004,3779.500000000001,3762.120000000001,3765.34,0
1997-10-17T00:00:00+00:00,3765.34,3766.46,3721.16,3722.2300000000005,0
1997-10-21T00:00:00+00:00,3722.2300000000005,3752.3400000000006,3702.310000000001,3742.5100000000007,0
1997-10-22T00:00:00+00:00,3742.5100000000007,3783.440000000001,3742.5100000000007,3783.440000000001,0
1997-10-23T00:00:00+00:00,3783.440000000001,3817.320000000001,3752.7600000000016,3759.900000000001,0
1997-10-24T00:00:00+00:00,3759.900000000001,3759.900000000001,3647.130000000001,3647.130000000001,0
1997-10-28T00:00:00+00:00,3647.130000000001,3647.130000000001,3555.280000000001,3560.730000000001,0
1997-10-29T00:00:00+00:00,3560.730000000001,3568.2200000000007,3430.8400000000006,3510.8200000000006,0
1997-10-30T00:00:00+00:00,3510.8200000000006,3599.4000000000005,3509.0000000000005,3582.3800000000006,0
1997-10-31T00:00:00+00:00,3582.3800000000006,3582.3800000000006,3522.9700000000007,3556.2600000000007,0
1997-11-04T00:00:00+00:00,3556.2600000000007,3608.9000000000005,3556.2600000000007,3607.810000000001,0
1997-11-05T00:00:00+00:00,3607.810000000001,3607.810000000001,3567.0300000000007,3572.7800000000007,0
1997-11-06T00:00:00+00:00,3572.7800000000007,3595.6800000000003,3570.4400000000005,3595.6800000000003,0
1997-11-07T00:00:00+00:00,3595.6800000000003,3601.2100000000005,3577.8400000000006,3584.2000000000003,0
1997-11-11T00:00:00+00:00,3584.2000000000003,3608.4900000000002,3584.2000000000003,3593.5600000000004,0
1997-11-12T00:00:00+00:00,3593.5600000000004,3597.8200000000006,3579.4800000000005,3586.4800000000005,0
1997-11-13T00:00:00+00:00,3586.4800000000005,3586.4800000000005,3540.32,3542.9700000000003,0
1997-11-14T00:00:00+00:00,3542.9700000000003,3563.9500000000003,3535.0200000000004,3562.0400000000004,0
1997-11-18T00:00:00+00:00,3562.0400000000004,3580.13,3560.7700000000004,3578.1000000000004,0
1997-11-19T00:00:00+00:00,3578.1000000000004,3610.1800000000003,3575.1400000000003,3608.82,0
1997-11-20T00:00:00+00:00,3608.82,3648.21,3605.9700000000003,3629.3500000000004,0
1997-11-21T00:00:00+00:00,3629.3500000000004,3660.5600000000004,3629.3500000000004,3657.3400000000006,0
1997-11-25T00:00:00+00:00,3657.3400000000006,3657.3400000000006,3594.3700000000003,3598.0700000000006,0
1997-11-26T00:00:00+00:00,3598.0700000000006,3613.5000000000005,3586.6800000000003,3591.7100000000005,0
1997-11-27T00:00:00+00:00,3591.7100000000005,3632.3300000000004,3591.7100000000005,3618.3400000000006,0
1997-11-28T00:00:00+00:00,3618.3400000000006,3632.7800000000007,3609.250000000001,3610.290000000001,0
1997-12-02T00:00:00+00:00,3610.290000000001,3649.920000000001,3610.290000000001,3649.920000000001,0
1997-12-03T00:00:00+00:00,3649.920000000001,3660.5700000000006,3621.9100000000008,3621.9100000000008,0
1997-12-04T00:00:00+00:00,3621.9100000000008,3643.730000000001,3611.290000000001,3638.6800000000007,0
1997-12-05T00:00:00+00:00,3638.6800000000007,3690.2100000000005,3638.6800000000007,3677.390000000001,0
1997-12-09T00:00:00+00:00,3677.390000000001,3703.5800000000013,3675.9200000000014,3693.640000000001,0
1997-12-10T00:00:00+00:00,3693.640000000001,3693.640000000001,3668.8700000000013,3669.310000000001,0
1997-12-11T00:00:00+00:00,3669.310000000001,3669.310000000001,3600.100000000001,3608.2500000000014,0
1997-12-12T00:00:00+00:00,3608.2500000000014,3610.340000000001,3578.150000000001,3579.650000000001,0
1997-12-16T00:00:00+00:00,3579.650000000001,3579.9100000000008,3549.040000000001,3549.040000000001,0
1997-12-17T00:00:00+00:00,3549.040000000001,3553.9100000000008,3527.7000000000007,3553.5000000000005,0
1997-12-18T00:00:00+00:00,3553.5000000000005,3596.350000000001,3553.5000000000005,3596.350000000001,0
1997-12-19T00:00:00+00:00,3596.350000000001,3603.32,3578.7100000000005,3594.28,0
1997-12-23T00:00:00+00:00,3594.28,3597.17,3557.56,3564.73,0
1997-12-24T00:00:00+00:00,3564.73,3600.7500000000005,3564.7000000000003,3588.15,0
1997-12-30T00:00:00+00:00,3588.15,3626.97,3588.15,3622.6,0
1997-12-31T00:00:00+00:00,4248.04,4279.45,4222.56,4249.69,0
1998-01-06T00:00:00+00:00,4382.83,4398.56,4372.72,4384.81,0
1998-01-07T00:00:00+00:00,4384.81,4387.29,4359.25,4362.4400000000005,0
1998-01-08T00:00:00+00:00,4362.4400000000005,4420.6,4359.110000000001,4416.7300000000005,0
1998-01-09T00:00:00+00:00,4416.7300000000005,4419.54,4366.030000000001,4367.99,0
1998-01-13T00:00:00+00:00,4367.99,4367.99,4317.92,4335.549999999999,0
1998-01-14T00:00:00+00:00,4335.549999999999,4359.169999999999,4320.15,4334.699999999999,0
1998-01-15T00:00:00+00:00,4334.699999999999,4362.179999999999,4333.949999999999,4341.539999999999,0
1998-01-16T00:00:00+00:00,4341.539999999999,4342.479999999999,4308.4299999999985,4329.489999999999,0
1998-01-20T00:00:00+00:00,4329.489999999999,4383.929999999999,4329.489999999999,4369.809999999999,0
1998-01-21T00:00:00+00:00,4369.809999999999,4401.5999999999985,4364.539999999999,4401.5999999999985,0
1998-01-22T00:00:00+00:00,4401.5999999999985,4418.059999999999,4386.229999999999,4401.729999999999,0
1998-01-23T00:00:00+00:00,4401.729999999999,4411.289999999999,4383.659999999999,4408.159999999999,0
1998-01-27T00:00:00+00:00,4408.159999999999,4415.199999999999,4393.61,4402.579999999999,0
1998-01-28T00:00:00+00:00,4402.579999999999,4426.359999999999,4402.579999999999,4423.029999999999,0
1998-01-29T00:00:00+00:00,4423.029999999999,4485.749999999999,4423.029999999999,4481.349999999999,0
1998-01-30T00:00:00+00:00,4481.349999999999,4519.829999999999,4468.959999999999,4505.299999999999,0
1998-02-03T00:00:00+00:00,4505.299999999999,4551.12,4505.299999999999,4542,0
1998-02-04T00:00:00+00:00,4542,4579.5,4536.41,4579.5,0
1998-02-05T00:00:00+00:00,4579.5,4584.6900000000005,4547.76,4553.42,0
1998-02-06T00:00:00+00:00,4553.42,4592.97,4553.42,4564.88,0
1998-02-10T00:00:00+00:00,4564.88,4584.6,4563.34,4573.13,0
1998-02-11T00:00:00+00:00,4573.13,4576.63,4554.200000000001,4560.68,0
1998-02-12T00:00:00+00:00,4560.68,4597.650000000001,4560.68,4588.790000000001,0
1998-02-13T00:00:00+00:00,4588.790000000001,4591.360000000001,4528.860000000001,4540.52,0
1998-02-17T00:00:00+00:00,4540.52,4556.910000000001,4537.1,4548.130000000001,0
1998-02-18T00:00:00+00:00,4548.130000000001,4588.160000000002,4548.060000000001,4588.050000000001,0
1998-02-19T00:00:00+00:00,4588.050000000001,4623.480000000001,4588.050000000001,4619.300000000001,0
1998-02-20T00:00:00+00:00,4619.300000000001,4632.540000000001,4592.650000000001,4596.400000000001,0
1998-02-24T00:00:00+00:00,4596.400000000001,4617.4800000000005,4596.400000000001,4611.240000000001,0
1998-02-25T00:00:00+00:00,4611.240000000001,4611.240000000001,4582.100000000001,4598.370000000001,0
1998-02-26T00:00:00+00:00,4598.370000000001,4632.990000000001,4598.370000000001,4617.8,0
1998-02-27T00:00:00+00:00,4617.8,4649.240000000001,4608.26,4614,0
1998-03-03T00:00:00+00:00,4614,4639.78,4611.8099999999995,4631.32,0
1998-03-04T00:00:00+00:00,4631.32,4644.67,4625.84,4634.13,0
1998-03-05T00:00:00+00:00,4634.13,4643.820000000001,4563.030000000001,4570.56,0
1998-03-06T00:00:00+00:00,4570.56,4570.56,4541.52,4551.17,0
1998-03-10T00:00:00+00:00,4551.17,4580.7,4526.4400000000005,4556.17,0
1998-03-11T00:00:00+00:00,4556.17,4587.94,4556.17,4582.68,0
1998-03-12T00:00:00+00:00,4582.68,4593.18,4558.26,4560.22,0
1998-03-13T00:00:00+00:00,4560.22,4584.740000000001,4558.2300000000005,4577.040000000001,0
1998-03-17T00:00:00+00:00,4577.040000000001,4589.240000000001,4551.320000000001,4569.040000000001,0
1998-03-18T00:00:00+00:00,4569.040000000001,4586.4800000000005,4568.340000000001,4583.300000000001,0
1998-03-19T00:00:00+00:00,4583.300000000001,4595.380000000001,4563.300000000001,4566.850000000001,0
1998-03-20T00:00:00+00:00,4566.850000000001,4579.660000000001,4563.240000000001,4579.660000000001,0
1998-03-24T00:00:00+00:00,4579.660000000001,4602.810000000001,4533.160000000001,4533.500000000001,0
1998-03-25T00:00:00+00:00,4533.500000000001,4550.580000000001,4525.950000000001,4547.120000000001,0
1998-03-26T00:00:00+00:00,4547.120000000001,4588.77,4547.120000000001,4585.200000000001,0
1998-03-27T00:00:00+00:00,4585.200000000001,4590.4400000000005,4526.7300000000005,4531.4400000000005,0
1998-03-31T00:00:00+00:00,4531.4400000000005,4538.100000000001,4469.680000000001,4531.360000000001,0
1998-04-01T00:00:00+00:00,4531.360000000001,4565.110000000001,4531.360000000001,4562.900000000001,0
1998-04-02T00:00:00+00:00,4562.900000000001,4623.59,4552.62,4623.59,0
1998-04-03T00:00:00+00:00,4623.59,4648.05,4616.93,4637.14,0
1998-04-07T00:00:00+00:00,4637.14,4670.700000000001,4636.39,4652.1,0
1998-04-08T00:00:00+00:00,4652.1,4732.360000000001,4652.1,4732.360000000001,0
1998-04-09T00:00:00+00:00,4732.360000000001,4732.360000000001,4691.290000000001,4718.880000000001,0
1998-04-10T00:00:00+00:00,4718.880000000001,4769.02,4714.670000000001,4765.750000000001,0
1998-04-15T00:00:00+00:00,5378.91,5411.07,5374.06,5374.78,0
1998-04-16T00:00:00+00:00,5374.78,5404.86,5369.89,5383.26,0
1998-04-17T00:00:00+00:00,5383.26,5383.26,5334.77,5345.14,0
1998-04-21T00:00:00+00:00,5345.14,5429.8,5345.14,5429.8,0
1998-04-22T00:00:00+00:00,5429.8,5437.76,5394.35,5437.76,0
1998-04-23T00:00:00+00:00,5437.76,5456.87,5384.610000000001,5394.58,0
1998-04-24T00:00:00+00:00,5394.58,5407.599999999999,5353.49,5358.49,0
1998-04-28T00:00:00+00:00,5358.49,5363.44,5310.48,5325.54,0
1998-04-29T00:00:00+00:00,5325.54,5335.08,5281.24,5287.34,0
1998-04-30T00:00:00+00:00,5287.34,5355.38,5287.34,5308.98,0
1998-05-01T00:00:00+00:00,5101.98,5116.88,5091.54,5107.44,0
1998-05-05T00:00:00+00:00,5107.44,5193.25,5107.44,5170.69,0
1998-05-06T00:00:00+00:00,5170.69,5179.929999999999,5119.139999999999,5129.459999999999,0
1998-05-07T00:00:00+00:00,5129.459999999999,5168.849999999999,5126.079999999999,5158.73,0
1998-05-08T00:00:00+00:00,5158.73,5187.099999999999,5126.7699999999995,5140.049999999999,0
1998-05-12T00:00:00+00:00,5140.049999999999,5182.299999999999,5140.049999999999,5176.189999999999,0
1998-05-13T00:00:00+00:00,5176.189999999999,5189.579999999999,5153.229999999999,5177.709999999999,0
1998-05-14T00:00:00+00:00,5177.709999999999,5246.639999999999,5177.709999999999,5233.259999999999,0
1998-05-15T00:00:00+00:00,5233.259999999999,5233.259999999999,5186.299999999999,5207.2699999999995,0
1998-05-19T00:00:00+00:00,5207.2699999999995,5229.04,5181.93,5181.93,0
1998-05-20T00:00:00+00:00,5181.93,5199.26,5181.93,5192.46,0
1998-05-21T00:00:00+00:00,5192.46,5254.18,5192.46,5253.08,0
1998-05-26T00:00:00+00:00,5565.57,5575.16,5559.02,5575.16,0
1998-05-27T00:00:00+00:00,5575.16,5618.77,5575.16,5598.22,0
1998-05-28T00:00:00+00:00,5598.22,5598.22,5540.080000000001,5550.910000000001,0
1998-05-29T00:00:00+00:00,5550.910000000001,5567.000000000001,5489.850000000001,5490.890000000001,0
1998-06-03T00:00:00+00:00,5569.89,5589.13,5554.49,5582.78,0
1998-06-04T00:00:00+00:00,5582.78,5592.07,5573.12,5579.43,0
1998-06-05T00:00:00+00:00,5579.43,5601.71,5558.700000000001,5576.21,0
1998-06-09T00:00:00+00:00,5576.21,5609.32,5576.21,5600.71,0
1998-06-10T00:00:00+00:00,5600.71,5603.03,5564.6,5580.11,0
1998-06-11T00:00:00+00:00,5580.11,5590.83,5555.23,5590.83,0
1998-06-16T00:00:00+00:00,5596.89,5596.89,5512.58,5527.32,0
1998-06-17T00:00:00+00:00,5527.32,5560.099999999999,5524.78,5547.289999999999,0
1998-06-18T00:00:00+00:00,5547.289999999999,5582.259999999999,5545.699999999999,5579.699999999999,0
1998-06-19T00:00:00+00:00,5579.699999999999,5585.249999999999,5535.299999999998,5547.629999999999,0
1998-06-23T00:00:00+00:00,5547.629999999999,5552.3099999999995,5513.7699999999995,5552.169999999999,0
1998-06-24T00:00:00+00:00,5552.169999999999,5581.0199999999995,5542.449999999999,5580.919999999999,0
1998-06-25T00:00:00+00:00,5580.919999999999,5618.599999999999,5560.79,5618.599999999999,0
1998-06-26T00:00:00+00:00,5618.599999999999,5647.48,5610.449999999999,5637.349999999999,0
1998-06-30T00:00:00+00:00,5637.349999999999,5662.749999999999,5637.349999999999,5656.48,0
1998-07-01T00:00:00+00:00,5656.48,5665.91,5622.969999999999,5662.759999999999,0
1998-07-02T00:00:00+00:00,5662.759999999999,5721.65,5657.749999999999,5692.16,0
1998-07-03T00:00:00+00:00,5692.16,5736.92,5653.14,5660.72,0
1998-07-07T00:00:00+00:00,5660.72,5676.000000000001,5596.280000000001,5608.2300000000005,0
1998-07-08T00:00:00+00:00,5608.2300000000005,5643.17,5604.4400000000005,5609.04,0
1998-07-09T00:00:00+00:00,5609.04,5650.879999999999,5585.919999999999,5641.87,0
1998-07-10T00:00:00+00:00,5641.87,5656.24,5594.66,5600.88,0
1998-07-14T00:00:00+00:00,5600.88,5665.95,5600.88,5629.339999999999,0
1998-07-15T00:00:00+00:00,5629.339999999999,5702.86,5629.16,5701.679999999999,0
1998-07-16T00:00:00+00:00,5701.679999999999,5711.91,5646.759999999999,5669.679999999999,0
1998-07-17T00:00:00+00:00,5669.679999999999,5726.7699999999995,5659.08,5663.09,0
1998-07-21T00:00:00+00:00,5663.09,5700.63,5628.71,5672.4800000000005,0
1998-07-22T00:00:00+00:00,5672.4800000000005,5708.75,5656.4400000000005,5656.4400000000005,0
1998-07-23T00:00:00+00:00,5656.4400000000005,5693.81,5610.200000000001,5615.43,0
1998-07-24T00:00:00+00:00,5615.43,5622.450000000001,5509.500000000001,5541.9800000000005,0
1998-07-28T00:00:00+00:00,5541.9800000000005,5583.35,5397.240000000001,5397.240000000001,0
1998-07-29T00:00:00+00:00,5397.240000000001,5418.040000000001,5310.790000000001,5336.640000000001,0
1998-07-30T00:00:00+00:00,5336.640000000001,5354.6100000000015,5277.040000000001,5319.720000000001,0
1998-07-31T00:00:00+00:00,5319.720000000001,5352.260000000001,5291.4000000000015,5334.760000000001,0
1998-08-04T00:00:00+00:00,5334.760000000001,5334.760000000001,5254.520000000001,5282.1100000000015,0
1998-08-05T00:00:00+00:00,5282.1100000000015,5361.660000000001,5278.100000000001,5299.710000000001,0
1998-08-06T00:00:00+00:00,5299.710000000001,5362.040000000001,5280.610000000001,5353.160000000001,0
1998-08-07T00:00:00+00:00,5353.160000000001,5365.170000000001,5212.460000000001,5212.460000000001,0
1998-08-11T00:00:00+00:00,5212.460000000001,5225.280000000001,5093.780000000001,5093.780000000001,0
1998-08-12T00:00:00+00:00,5093.780000000001,5099.930000000001,4879.880000000001,4889.780000000001,0
1998-08-13T00:00:00+00:00,4889.780000000001,4973.840000000001,4889.780000000001,4951.1900000000005,0
1998-08-14T00:00:00+00:00,4951.1900000000005,4963.040000000001,4808.870000000001,4926,0
1998-08-18T00:00:00+00:00,4926,4973.94,4853.5599999999995,4973.94,0
1998-08-19T00:00:00+00:00,4973.94,5057.88,4973.94,5045.09,0
1998-08-20T00:00:00+00:00,5045.09,5076.96,5001.3,5001.3,0
1998-08-21T00:00:00+00:00,5001.3,5052,4892.12,4894.900000000001,0
1998-08-25T00:00:00+00:00,4894.900000000001,4962.22,4846.05,4925.900000000001,0
1998-08-26T00:00:00+00:00,4925.900000000001,5041.68,4925.900000000001,5023.85,0
1998-08-27T00:00:00+00:00,5023.85,5030.14,4863.660000000001,4876.47,0
1998-08-28T00:00:00+00:00,4876.47,4911.45,4697.53,4736.67,0
1998-09-01T00:00:00+00:00,4736.67,4760.849999999999,4602.7699999999995,4615.46,0
1998-09-02T00:00:00+00:00,4615.46,4727.12,4561.32,4679.92,0
1998-09-03T00:00:00+00:00,4679.92,4778.07,4678.67,4737.12,0
1998-09-04T00:00:00+00:00,4737.12,4739.29,4573.99,4633.35,0
1998-09-08T00:00:00+00:00,4633.35,4723.280000000001,4599.420000000001,4645.9800000000005,0
1998-09-09T00:00:00+00:00,4645.9800000000005,4782.95,4629.79,4782.01,0
1998-09-10T00:00:00+00:00,4782.01,4794.68,4640.39,4674.150000000001,0
1998-09-11T00:00:00+00:00,4674.150000000001,4674.150000000001,4447.570000000001,4469.790000000001,0
1998-09-15T00:00:00+00:00,4469.790000000001,4552.100000000001,4469.790000000001,4532.160000000001,0
1998-09-16T00:00:00+00:00,4532.160000000001,4573.72,4409.150000000001,4446.570000000001,0
1998-09-17T00:00:00+00:00,4446.570000000001,4550.77,4446.570000000001,4456.290000000001,0
1998-09-18T00:00:00+00:00,4456.290000000001,4457.210000000001,4246.740000000001,4287.210000000001,0
1998-09-22T00:00:00+00:00,4287.210000000001,4290.550000000001,4071.1900000000014,4147.640000000001,0
1998-09-23T00:00:00+00:00,4147.640000000001,4222.820000000001,4147.640000000001,4193.27,0
1998-09-24T00:00:00+00:00,4193.27,4330.63,4191.21,4328.6900000000005,0
1998-09-25T00:00:00+00:00,4328.6900000000005,4387.570000000001,4172.9400000000005,4173.860000000001,0
1998-09-29T00:00:00+00:00,4173.860000000001,4311.110000000001,4161.18,4265.33,0
1998-09-30T00:00:00+00:00,4265.33,4267.349999999999,4171.23,4174.47,0
1998-10-01T00:00:00+00:00,4174.47,4174.47,4080.01,4090.580000000001,0
1998-10-02T00:00:00+00:00,4090.580000000001,4090.580000000001,3838.550000000001,3927.8600000000006,0
1998-10-06T00:00:00+00:00,3927.8600000000006,4069.1600000000008,3837.4200000000005,3979.0400000000004,0
1998-10-07T00:00:00+00:00,3979.0400000000004,4171.46,3951.5000000000005,4152.990000000001,0
1998-10-08T00:00:00+00:00,4152.990000000001,4200.370000000001,3943.26,4016.8900000000003,0
1998-10-09T00:00:00+00:00,4016.8900000000003,4016.8900000000003,3808.5400000000004,3870.9100000000003,0
1998-10-13T00:00:00+00:00,3870.9100000000003,4031.4400000000005,3870.9100000000003,4017.92,0
1998-10-14T00:00:00+00:00,4017.92,4100.71,3981.8,4068.0099999999993,0
1998-10-15T00:00:00+00:00,4068.0099999999993,4164.8099999999995,4032.1499999999987,4164.8099999999995,0
1998-10-16T00:00:00+00:00,4164.8099999999995,4270.789999999999,4156.11,4234.5199999999995,0
1998-10-20T00:00:00+00:00,4234.5199999999995,4271.2,4148.67,4191.48,0
1998-10-21T00:00:00+00:00,4191.48,4310.2699999999995,4191.48,4298.259999999999,0
1998-10-22T00:00:00+00:00,4298.259999999999,4336.169999999999,4220.869999999999,4221.609999999999,0
1998-10-23T00:00:00+00:00,4221.609999999999,4267.939999999999,4124.359999999999,4124.8899999999985,0
1998-10-27T00:00:00+00:00,4124.8899999999985,4274.869999999998,4115.659999999998,4236.779999999998,0
1998-10-28T00:00:00+00:00,4236.779999999998,4327.779999999998,4232.409999999997,4303.419999999997,0
1998-10-29T00:00:00+00:00,4303.419999999997,4303.419999999997,4186.779999999997,4196.909999999997,0
1998-10-30T00:00:00+00:00,4196.909999999997,4210.659999999997,4140.159999999997,4192.519999999997,0
1998-11-03T00:00:00+00:00,4192.519999999997,4274.159999999996,4192.479999999997,4230.829999999996,0
1998-11-04T00:00:00+00:00,4230.829999999996,4241.359999999996,4146.959999999996,4147.239999999996,0
1998-11-05T00:00:00+00:00,4147.239999999996,4294.439999999996,4145.679999999996,4258.689999999996,0
1998-11-06T00:00:00+00:00,4258.689999999996,4283.369999999995,4175.489999999995,4217.519999999996,0
1998-11-10T00:00:00+00:00,4217.519999999996,4243.059999999996,4104.089999999996,4127.469999999996,0
1998-11-11T00:00:00+00:00,4127.469999999996,4155.619999999995,4036.1799999999957,4038.4199999999955,0
1998-11-12T00:00:00+00:00,4038.4199999999955,4095.479999999996,4037.1699999999955,4057.7499999999955,0
1998-11-13T00:00:00+00:00,4057.7499999999955,4057.7499999999955,3989.2899999999954,3999.2499999999955,0
1998-11-17T00:00:00+00:00,3999.2499999999955,4092.8699999999963,3998.599999999996,4092.8699999999963,0
1998-11-18T00:00:00+00:00,4092.8699999999963,4101.489999999997,4006.5599999999968,4006.5599999999968,0
1998-11-19T00:00:00+00:00,4006.5599999999968,4074.2499999999964,3966.779999999997,3973.239999999997,0
1998-11-20T00:00:00+00:00,3973.239999999997,4085.3099999999968,3968.2099999999973,4056.2999999999965,0
1998-11-24T00:00:00+00:00,4056.2999999999965,4136.859999999996,4056.2999999999965,4128.489999999996,0
1998-11-25T00:00:00+00:00,4128.489999999996,4170.7099999999955,4019.2999999999956,4019.2999999999956,0
1998-11-26T00:00:00+00:00,4019.2999999999956,4087.149999999996,4013.189999999996,4027.3799999999956,0
1998-11-27T00:00:00+00:00,4027.3799999999956,4126.279999999995,4027.3799999999956,4113.909999999995,0
1998-12-01T00:00:00+00:00,4113.909999999995,4166.729999999996,4013.1599999999953,4013.1599999999953,0
1998-12-02T00:00:00+00:00,4013.1599999999953,4013.1599999999953,3807.469999999995,3808.0799999999945,0
1998-12-03T00:00:00+00:00,3808.0799999999945,3828.7099999999946,3633.399999999994,3642.259999999994,0
1998-12-04T00:00:00+00:00,3642.259999999994,3794.9499999999935,3579.3799999999937,3754.4999999999936,0
1998-12-08T00:00:00+00:00,3754.4999999999936,3816.1599999999944,3637.189999999994,3641.269999999994,0
1998-12-09T00:00:00+00:00,3641.269999999994,3666.059999999994,3563.339999999994,3606.1999999999944,0
1998-12-10T00:00:00+00:00,3606.1999999999944,3633.6299999999947,3549.6199999999944,3578.929999999995,0
1998-12-11T00:00:00+00:00,3578.929999999995,3628.889999999995,3509.139999999995,3538.4599999999946,0
1998-12-15T00:00:00+00:00,3538.4599999999946,3590.2799999999943,3475.0399999999945,3546.6999999999944,0
1998-12-16T00:00:00+00:00,3546.6999999999944,3645.3399999999947,3546.6999999999944,3604.7599999999948,0
1998-12-17T00:00:00+00:00,3604.7599999999948,3699.609999999995,3597.769999999995,3649.8799999999947,0
1998-12-18T00:00:00+00:00,3649.8799999999947,3716.679999999994,3643.2899999999945,3709.1699999999946,0
1998-12-22T00:00:00+00:00,3709.1699999999946,3831.649999999995,3707.2399999999952,3820.9099999999953,0
1998-12-23T00:00:00+00:00,3820.9099999999953,3911.6999999999953,3802.2399999999952,3844.1299999999956,0
1998-12-24T00:00:00+00:00,3844.1299999999956,3963.0399999999954,3844.1299999999956,3951.399999999996,0
1998-12-29T00:00:00+00:00,3951.399999999996,4031.569999999996,3951.399999999996,4018.1299999999965,0
1998-12-30T00:00:00+00:00,4018.1299999999965,4051.109999999996,3985.3699999999963,4018.9999999999964,0
1998-12-31T00:00:00+00:00,5054.46,5085.47,5001.81,5002.39,0
1999-01-05T00:00:00+00:00,5002.39,5264.620000000001,4989.8,5262.8,0
1999-01-06T00:00:00+00:00,5262.8,5357.62,5178.849999999999,5295.28,0
1999-01-07T00:00:00+00:00,5295.28,5410.909999999999,5285.669999999999,5410.879999999999,0
1999-01-08T00:00:00+00:00,5410.879999999999,5434.61,5190.95,5248.48,0
1999-01-12T00:00:00+00:00,5248.48,5313.86,5105.139999999999,5114.86,0
1999-01-13T00:00:00+00:00,5114.86,5154.099999999999,5032.44,5037.9,0
1999-01-14T00:00:00+00:00,5037.9,5083.12,4750.53,4825.92,0
1999-01-15T00:00:00+00:00,4825.92,4860.74,4687.25,4687.25,0
1999-01-19T00:00:00+00:00,4687.25,4719.77,4639.89,4667,0
1999-01-20T00:00:00+00:00,4667,4713.89,4575,4663.66,0
1999-01-21T00:00:00+00:00,4663.66,4726.78,4641.889999999999,4688.47,0
1999-01-22T00:00:00+00:00,4688.47,4776.47,4674.1900000000005,4708.700000000001,0
1999-01-26T00:00:00+00:00,4708.700000000001,4757.76,4640.660000000001,4722.43,0
1999-01-27T00:00:00+00:00,4722.43,4746.2,4623.4800000000005,4661.77,0
1999-01-28T00:00:00+00:00,4661.77,4711.63,4647.52,4663.870000000001,0
1999-01-29T00:00:00+00:00,4663.870000000001,4779.970000000001,4627.270000000001,4753.670000000001,0
1999-02-02T00:00:00+00:00,4753.670000000001,4848.600000000001,4751.460000000001,4751.460000000001,0
1999-02-03T00:00:00+00:00,4751.460000000001,4792.690000000001,4707.4000000000015,4717.170000000001,0
1999-02-04T00:00:00+00:00,4717.170000000001,4740.5700000000015,4634.490000000002,4662.180000000001,0
1999-02-05T00:00:00+00:00,4662.180000000001,4732.480000000001,4610.230000000001,4610.230000000001,0
1999-02-09T00:00:00+00:00,4610.230000000001,4645.690000000001,4489.230000000001,4514.220000000002,0
1999-02-10T00:00:00+00:00,4514.220000000002,4559.260000000002,4346.730000000002,4368.150000000002,0
1999-02-11T00:00:00+00:00,4368.150000000002,4375.040000000002,4276.850000000002,4323.420000000002,0
1999-02-12T00:00:00+00:00,4323.420000000002,4353.690000000002,4271.900000000002,4316.340000000002,0
1999-02-16T00:00:00+00:00,4316.340000000002,4322.980000000002,4261.560000000002,4322.980000000002,0
1999-02-17T00:00:00+00:00,4322.980000000002,4341.790000000003,4275.190000000002,4300.750000000003,0
1999-02-18T00:00:00+00:00,4300.750000000003,4302.180000000003,4187.660000000003,4216.960000000003,0
1999-02-19T00:00:00+00:00,4216.960000000003,4298.870000000003,4216.730000000003,4269.960000000003,0
1999-02-23T00:00:00+00:00,4269.960000000003,4319.5300000000025,4239.340000000003,4266.300000000003,0
1999-02-24T00:00:00+00:00,4266.300000000003,4380.980000000002,4266.300000000003,4334.100000000003,0
1999-02-25T00:00:00+00:00,4334.100000000003,4438.160000000003,4309.190000000003,4426.070000000003,0
1999-02-26T00:00:00+00:00,4426.070000000003,4426.070000000003,4330.630000000004,4356.860000000003,0
1999-03-02T00:00:00+00:00,4356.860000000003,4376.9900000000025,4217.860000000003,4217.860000000003,0
1999-03-03T00:00:00+00:00,4217.860000000003,4241.280000000003,4125.620000000003,4223.1600000000035,0
1999-03-04T00:00:00+00:00,4223.1600000000035,4231.920000000004,4117.670000000004,4117.670000000004,0
1999-03-05T00:00:00+00:00,4117.670000000004,4138.050000000003,4107.670000000004,4111.1200000000035,0
1999-03-09T00:00:00+00:00,4111.1200000000035,4119.440000000003,4017.890000000003,4021.380000000003,0
1999-03-10T00:00:00+00:00,4021.380000000003,4085.9000000000024,3952.090000000003,3983.2000000000025,0
1999-03-11T00:00:00+00:00,3983.2000000000025,4017.5700000000024,3914.8200000000024,3931.2700000000023,0
1999-03-12T00:00:00+00:00,3931.2700000000023,3993.3200000000024,3905.2700000000023,3939.7400000000025,0
1999-03-16T00:00:00+00:00,3939.7400000000025,3988.810000000003,3917.300000000003,3955.2000000000025,0
1999-03-17T00:00:00+00:00,3955.2000000000025,4019.4900000000025,3931.0300000000025,3994.8700000000026,0
1999-03-18T00:00:00+00:00,3994.8700000000026,4051.6500000000024,3981.980000000003,4001.890000000003,0
1999-03-19T00:00:00+00:00,4001.890000000003,4005.630000000003,3950.4400000000032,3980.880000000003,0
1999-03-23T00:00:00+00:00,3980.880000000003,3980.880000000003,3927.5800000000036,3931.5800000000036,0
1999-03-24T00:00:00+00:00,3931.5800000000036,3935.2400000000034,3816.770000000003,3834.050000000003,0
1999-03-25T00:00:00+00:00,3834.050000000003,3840.550000000003,3763.4100000000026,3785.640000000003,0
1999-03-26T00:00:00+00:00,3785.640000000003,3835.090000000004,3735.1900000000032,3835.090000000004,0
1999-03-30T00:00:00+00:00,3835.090000000004,3921.840000000004,3833.230000000004,3921.840000000004,0
1999-03-31T00:00:00+00:00,3921.840000000004,3932.4100000000044,3832.850000000004,3868.5700000000043,0
1999-04-01T00:00:00+00:00,3868.5700000000043,3911.9900000000043,3860.8400000000047,3907.1200000000044,0
1999-04-02T00:00:00+00:00,3907.1200000000044,3969.440000000004,3833.770000000004,3969.3200000000043,0
1999-04-07T00:00:00+00:00,4939.2,4992.1,4935.19,4965.29,0
1999-04-08T00:00:00+00:00,4965.29,5036.71,4965.17,5030.92,0
1999-04-09T00:00:00+00:00,5030.92,5053.6900000000005,4986.55,5052.85,0
1999-04-13T00:00:00+00:00,5052.85,5158.07,5049.24,5150.24,0
1999-04-14T00:00:00+00:00,5150.24,5168.31,5115.01,5139.81,0
1999-04-15T00:00:00+00:00,5139.81,5180.1,5107.55,5140.43,0
1999-04-16T00:00:00+00:00,5140.43,5191.52,5126.27,5162.68,0
1999-04-20T00:00:00+00:00,5162.68,5259.28,5162.21,5231.99,0
1999-04-21T00:00:00+00:00,5231.99,5243.2699999999995,5139.91,5139.91,0
1999-04-22T00:00:00+00:00,5139.91,5206.259999999999,5139.91,5202.7699999999995,0
1999-04-23T00:00:00+00:00,5202.7699999999995,5272.179999999999,5202.459999999999,5234.419999999999,0
1999-04-27T00:00:00+00:00,5234.419999999999,5300.979999999999,5231.8499999999985,5292.379999999999,0
1999-04-28T00:00:00+00:00,5292.379999999999,5363.289999999999,5265.82,5351.759999999999,0
1999-04-29T00:00:00+00:00,5351.759999999999,5359.599999999999,5307.709999999999,5343.579999999999,0
1999-04-30T00:00:00+00:00,5343.579999999999,5343.579999999999,5280.3099999999995,5330.599999999999,0
1999-05-04T00:00:00+00:00,5330.599999999999,5350.139999999999,5303.649999999999,5335.48,0
1999-05-05T00:00:00+00:00,5335.48,5374.88,5308.87,5308.87,0
1999-05-06T00:00:00+00:00,5308.87,5324.530000000001,5261.75,5267.6900000000005,0
1999-05-07T00:00:00+00:00,5267.6900000000005,5301.84,5205.34,5205.64,0
1999-05-11T00:00:00+00:00,5205.64,5221.95,5104.5599999999995,5110.82,0
1999-05-12T00:00:00+00:00,5110.82,5155.54,5109.37,5121.629999999999,0
1999-05-13T00:00:00+00:00,5121.629999999999,5149.629999999999,5054.529999999999,5087.799999999999,0
1999-05-18T00:00:00+00:00,5165.26,5170.28,5092.61,5114.47,0
1999-05-19T00:00:00+00:00,5114.47,5149.84,5092.27,5135.24,0
1999-05-20T00:00:00+00:00,5135.24,5164.65,5114.63,5154.3,0
1999-05-21T00:00:00+00:00,5154.3,5190.620000000001,5147.250000000001,5175.580000000001,0
1999-05-26T00:00:00+00:00,5213.79,5218.29,5136.76,5143.1,0
1999-05-27T00:00:00+00:00,5143.1,5218.88,5134.900000000001,5184.96,0
1999-05-28T00:00:00+00:00,5184.96,5207.14,5051.79,5068.18,0
1999-06-01T00:00:00+00:00,5068.18,5076.410000000001,5001.76,5038.35,0
1999-06-02T00:00:00+00:00,5038.35,5045.620000000001,4971.540000000001,4975.97,0
1999-06-03T00:00:00+00:00,4975.97,4988.9800000000005,4920.610000000001,4937.81,0
1999-06-08T00:00:00+00:00,5130.53,5194.98,5097.55,5190.15,0
1999-06-09T00:00:00+00:00,5190.15,5220.5,5177.58,5187.0199999999995,0
1999-06-10T00:00:00+00:00,5187.0199999999995,5273.539999999999,5167.859999999999,5256.0599999999995,0
1999-06-11T00:00:00+00:00,5256.0599999999995,5278.07,5179.099999999999,5196.66,0
1999-06-15T00:00:00+00:00,5196.66,5239.35,5196.66,5216.16,0
1999-06-16T00:00:00+00:00,5216.16,5296.919999999999,5185.9,5289.089999999999,0
1999-06-17T00:00:00+00:00,5289.089999999999,5348.789999999999,5259.73,5339.339999999999,0
1999-06-18T00:00:00+00:00,5339.339999999999,5359.629999999999,5322.449999999999,5346.969999999999,0
1999-06-22T00:00:00+00:00,5346.969999999999,5433.449999999999,5343.989999999999,5402.759999999999,0
1999-06-23T00:00:00+00:00,5402.759999999999,5413.0199999999995,5348.58,5399.73,0
1999-06-24T00:00:00+00:00,5399.73,5418.129999999999,5350.209999999999,5362.119999999999,0
1999-06-25T00:00:00+00:00,5362.119999999999,5391.729999999999,5271.389999999999,5277.349999999999,0
1999-06-29T00:00:00+00:00,5277.349999999999,5321.2699999999995,5242.729999999999,5315.949999999999,0
1999-06-30T00:00:00+00:00,5315.949999999999,5340.0999999999985,5278.699999999999,5305.269999999999,0
1999-07-01T00:00:00+00:00,5305.269999999999,5343.539999999998,5287.719999999998,5308.369999999999,0
1999-07-02T00:00:00+00:00,5308.369999999999,5378.1399999999985,5305.879999999999,5360.249999999999,0
1999-07-06T00:00:00+00:00,5360.249999999999,5476.94,5355.9,5452.669999999999,0
1999-07-07T00:00:00+00:00,5452.669999999999,5460.5999999999985,5400.619999999999,5433.3899999999985,0
1999-07-08T00:00:00+00:00,5433.3899999999985,5446.759999999998,5374.559999999999,5415.1799999999985,0
1999-07-09T00:00:00+00:00,5415.1799999999985,5459.8899999999985,5362.449999999999,5420.409999999999,0
1999-07-13T00:00:00+00:00,5420.409999999999,5444.889999999999,5393.44,5410.36,0
1999-07-14T00:00:00+00:00,5410.36,5416.919999999999,5317.44,5337.839999999999,0
1999-07-15T00:00:00+00:00,5337.839999999999,5407.7699999999995,5330.32,5369.24,0
1999-07-16T00:00:00+00:00,5369.24,5432.63,5359.25,5380.12,0
1999-07-20T00:00:00+00:00,5380.12,5401.9800000000005,5347.28,5371.87,0
1999-07-21T00:00:00+00:00,5371.87,5393.999999999999,5233.419999999999,5242.099999999999,0
1999-07-22T00:00:00+00:00,5242.099999999999,5252.71,5182,5194.33,0
1999-07-23T00:00:00+00:00,5194.33,5219.91,5098,5118.13,0
1999-07-27T00:00:00+00:00,5118.13,5129.89,4961.12,5006.3099999999995,0
1999-07-28T00:00:00+00:00,5006.3099999999995,5062.709999999999,4998.129999999999,5033.759999999999,0
1999-07-29T00:00:00+00:00,5033.759999999999,5040.549999999999,4970.86,4995.78,0
1999-07-30T00:00:00+00:00,4995.78,5001.36,4795.32,4812.44,0
1999-08-03T00:00:00+00:00,4812.44,4867.99,4694.53,4853.29,0
1999-08-04T00:00:00+00:00,4853.29,4887.5199999999995,4803.12,4855.96,0
1999-08-05T00:00:00+00:00,4855.96,4907.370000000001,4825.47,4877.64,0
1999-08-06T00:00:00+00:00,4877.64,4877.64,4731.240000000001,4761.610000000001,0
1999-08-10T00:00:00+00:00,4761.610000000001,4862.840000000001,4740.89,4847.580000000001,0
1999-08-11T00:00:00+00:00,4847.580000000001,4853.580000000001,4732.900000000001,4758.620000000001,0
1999-08-12T00:00:00+00:00,4758.620000000001,4792.340000000001,4755.820000000001,4764.6,0
1999-08-13T00:00:00+00:00,4764.6,4840.51,4760.200000000001,4818.750000000001,0
1999-08-17T00:00:00+00:00,4818.750000000001,4834.8600000000015,4774.120000000001,4834.280000000002,0
1999-08-18T00:00:00+00:00,4834.280000000002,4878.920000000001,4800.830000000001,4837.340000000001,0
1999-08-19T00:00:00+00:00,4837.340000000001,4858.020000000001,4782.310000000001,4795.230000000001,0
1999-08-20T00:00:00+00:00,4795.230000000001,4817.100000000001,4747.830000000002,4768.870000000002,0
1999-08-24T00:00:00+00:00,4768.870000000002,4815.850000000002,4768.870000000002,4803.560000000001,0
1999-08-25T00:00:00+00:00,4803.560000000001,4817.060000000001,4743.0700000000015,4798.850000000002,0
1999-08-26T00:00:00+00:00,4798.850000000002,4891.960000000003,4778.230000000002,4877.760000000002,0
1999-08-27T00:00:00+00:00,4877.760000000002,4899.660000000003,4798.420000000003,4833.160000000003,0
1999-08-31T00:00:00+00:00,4833.160000000003,4844.130000000003,4782.330000000003,4811.270000000002,0
1999-09-01T00:00:00+00:00,4811.270000000002,4811.270000000002,4731.610000000002,4735.210000000003,0
1999-09-02T00:00:00+00:00,4735.210000000003,4777.170000000003,4722.5300000000025,4765.750000000003,0
1999-09-03T00:00:00+00:00,4765.750000000003,4768.7800000000025,4612.140000000003,4618.050000000003,0
1999-09-07T00:00:00+00:00,4618.050000000003,4690.550000000003,4604.140000000003,4674.900000000003,0
1999-09-08T00:00:00+00:00,4674.900000000003,4707.980000000004,4641.760000000004,4668.780000000003,0
1999-09-09T00:00:00+00:00,4668.780000000003,4682.440000000003,4614.190000000003,4682.050000000003,0
1999-09-10T00:00:00+00:00,4682.050000000003,4733.510000000003,4654.960000000003,4721.460000000003,0
1999-09-14T00:00:00+00:00,4721.460000000003,4762.620000000003,4672.7800000000025,4678.770000000002,0
1999-09-15T00:00:00+00:00,4678.770000000002,4714.700000000002,4616.010000000002,4622.970000000002,0
1999-09-16T00:00:00+00:00,4622.970000000002,4686.910000000002,4580.460000000002,4624.730000000002,0
1999-09-17T00:00:00+00:00,4624.730000000002,4629.920000000002,4566.040000000002,4572.720000000002,0
1999-09-21T00:00:00+00:00,4572.720000000002,4617.750000000002,4564.920000000002,4596.8600000000015,0
1999-09-22T00:00:00+00:00,4596.8600000000015,4602.470000000002,4465.6500000000015,4500.710000000002,0
1999-09-23T00:00:00+00:00,4500.710000000002,4550.420000000002,4475.880000000002,4502.940000000002,0
1999-09-24T00:00:00+00:00,4502.940000000002,4579.500000000002,4475.360000000002,4546.080000000002,0
1999-09-28T00:00:00+00:00,4546.080000000002,4586.050000000002,4539.890000000002,4578.060000000002,0
1999-09-29T00:00:00+00:00,4578.060000000002,4585.400000000002,4440.430000000002,4442.650000000002,0
1999-09-30T00:00:00+00:00,4442.650000000002,4457.940000000002,4355.350000000002,4421.100000000002,0
1999-10-01T00:00:00+00:00,4421.100000000002,4443.820000000002,4377.660000000003,4443.820000000002,0
1999-10-05T00:00:00+00:00,4443.820000000002,4560.420000000002,4423.940000000002,4527.710000000002,0
1999-10-06T00:00:00+00:00,4527.710000000002,4586.580000000002,4506.370000000002,4583.730000000002,0
1999-10-07T00:00:00+00:00,4583.730000000002,4648.870000000002,4538.980000000002,4648.870000000002,0
1999-10-08T00:00:00+00:00,4648.870000000002,4672.950000000002,4607.020000000002,4672.860000000002,0
1999-10-12T00:00:00+00:00,4672.860000000002,4673.550000000003,4615.830000000003,4634.2800000000025,0
1999-10-13T00:00:00+00:00,4634.2800000000025,4657.160000000003,4554.890000000003,4583.500000000003,0
1999-10-14T00:00:00+00:00,4583.500000000003,4583.500000000003,4532.730000000003,4563.360000000003,0
1999-10-15T00:00:00+00:00,4563.360000000003,4612.1600000000035,4511.350000000004,4513.1200000000035,0
1999-10-19T00:00:00+00:00,4513.1200000000035,4529.960000000004,4446.1600000000035,4508.600000000003,0
1999-10-20T00:00:00+00:00,4508.600000000003,4633.140000000003,4486.400000000003,4633.140000000003,0
1999-10-21T00:00:00+00:00,4633.140000000003,4668.740000000003,4581.420000000004,4633.300000000003,0
1999-10-22T00:00:00+00:00,4633.300000000003,4638.280000000003,4554.220000000003,4589.600000000003,0
1999-10-26T00:00:00+00:00,4589.600000000003,4621.850000000003,4533.690000000003,4553.300000000003,0
1999-10-27T00:00:00+00:00,4553.300000000003,4641.430000000003,4548.870000000003,4635.350000000003,0
1999-10-28T00:00:00+00:00,4635.350000000003,4664.740000000003,4602.990000000003,4642.500000000003,0
1999-10-29T00:00:00+00:00,4642.500000000003,4774.890000000003,4624.230000000003,4760.810000000003,0
1999-11-02T00:00:00+00:00,4760.810000000003,4791.850000000003,4738.840000000004,4766.990000000003,0
1999-11-03T00:00:00+00:00,4766.990000000003,4794.390000000003,4716.690000000003,4789.520000000003,0
1999-11-04T00:00:00+00:00,4789.520000000003,4849.550000000003,4759.320000000002,4818.330000000003,0
1999-11-05T00:00:00+00:00,4818.330000000003,4900.230000000002,4810.690000000002,4885.0300000000025,0
1999-11-09T00:00:00+00:00,4885.0300000000025,4937.310000000003,4870.2400000000025,4904.230000000002,0
1999-11-10T00:00:00+00:00,4904.230000000002,5005.150000000002,4904.230000000002,4944.630000000002,0
1999-11-11T00:00:00+00:00,4944.630000000002,5001.550000000002,4920.810000000002,5001.550000000002,0
1999-11-12T00:00:00+00:00,5001.550000000002,5090.910000000003,5001.550000000002,5089.430000000002,0
1999-11-16T00:00:00+00:00,5089.430000000002,5157.980000000002,5089.430000000002,5156.270000000002,0
1999-11-17T00:00:00+00:00,5156.270000000002,5220.910000000002,5116.080000000002,5216.230000000002,0
1999-11-18T00:00:00+00:00,5216.230000000002,5254.630000000003,5154.4900000000025,5174.000000000003,0
1999-11-19T00:00:00+00:00,5174.000000000003,5259.7400000000025,5159.660000000003,5253.380000000003,0
1999-11-23T00:00:00+00:00,5253.380000000003,5300.140000000003,5113.890000000003,5121.570000000003,0
1999-11-24T00:00:00+00:00,5121.570000000003,5168.300000000004,5092.760000000004,5113.360000000003,0
1999-11-25T00:00:00+00:00,5113.360000000003,5150.720000000003,5063.630000000003,5117.000000000003,0
1999-11-26T00:00:00+00:00,5117.000000000003,5271.800000000002,5114.400000000002,5265.640000000002,0
1999-11-30T00:00:00+00:00,5265.640000000002,5290.500000000003,5193.380000000003,5200.7400000000025,0
1999-12-01T00:00:00+00:00,5200.7400000000025,5221.980000000002,5134.200000000003,5221.290000000003,0
1999-12-02T00:00:00+00:00,5221.290000000003,5290.610000000002,5166.750000000002,5263.860000000002,0
1999-12-03T00:00:00+00:00,5263.860000000002,5325.870000000003,5243.0300000000025,5268.060000000002,0
1999-12-07T00:00:00+00:00,5268.060000000002,5330.020000000002,5237.220000000002,5283.530000000002,0
1999-12-08T00:00:00+00:00,5283.530000000002,5330.330000000002,5263.5700000000015,5300.610000000002,0
1999-12-09T00:00:00+00:00,5300.610000000002,5306.190000000002,5216.910000000002,5280.930000000002,0
1999-12-10T00:00:00+00:00,5280.930000000002,5358.370000000003,5265.150000000002,5298.260000000003,0
1999-12-14T00:00:00+00:00,5298.260000000003,5351.260000000003,5270.060000000003,5319.250000000003,0
1999-12-15T00:00:00+00:00,5319.250000000003,5437.180000000002,5293.300000000002,5377.930000000002,0
1999-12-16T00:00:00+00:00,5377.930000000002,5418.920000000002,5334.380000000002,5418.920000000002,0
1999-12-17T00:00:00+00:00,5418.920000000002,5554.080000000002,5410.520000000001,5531.280000000002,0
1999-12-21T00:00:00+00:00,5531.280000000002,5566.000000000002,5469.700000000002,5551.460000000002,0
1999-12-22T00:00:00+00:00,5551.460000000002,5602.550000000002,5500.760000000002,5597.350000000002,0
1999-12-23T00:00:00+00:00,5597.350000000002,5697.590000000002,5597.350000000002,5658.370000000002,0
1999-12-24T00:00:00+00:00,5658.370000000002,5952.890000000001,5658.370000000002,5937.090000000002,0
1999-12-28T00:00:00+00:00,5937.090000000002,6145.640000000002,5937.090000000002,5990.130000000002,0
1999-12-29T00:00:00+00:00,5990.130000000002,6036.300000000002,5913.210000000002,6012.640000000002,0
1999-12-30T00:00:00+00:00,6012.640000000002,6055.7800000000025,5979.9900000000025,6026.850000000002,0
1999-12-31T00:00:00+00:00,6858.4,6972.66,6858.4,6958.14,0
2000-01-04T00:00:00+00:00,6958.14,7155.75,6717.29,6747.18,0
2000-01-05T00:00:00+00:00,6747.18,6755.3,6510.400000000001,6586.89,0
2000-01-06T00:00:00+00:00,6586.89,6586.89,6389.95,6503.11,0
2000-01-07T00:00:00+00:00,6503.11,6540.97,6404.29,6476.58,0
2000-01-11T00:00:00+00:00,6476.58,6666.37,6476.58,6616.63,0
2000-01-12T00:00:00+00:00,6616.63,6634.42,6511.85,6581.84,0
2000-01-13T00:00:00+00:00,6581.84,6616.42,6486.14,6615.7300000000005,0
2000-01-14T00:00:00+00:00,6615.7300000000005,6809.05,6601.29,6658.58,0
2000-01-18T00:00:00+00:00,6658.58,6778.14,6594.070000000001,6740,0
2000-01-19T00:00:00+00:00,6740,6784.2699999999995,6531.65,6549.91,0
2000-01-20T00:00:00+00:00,6549.91,6594.789999999999,6471.719999999999,6575.639999999999,0
2000-01-21T00:00:00+00:00,6575.639999999999,6710.41,6556.47,6592.32,0
2000-01-25T00:00:00+00:00,6592.32,6697.23,6526.7,6536.719999999999,0
2000-01-26T00:00:00+00:00,6536.719999999999,6536.719999999999,6418.28,6418.28,0
2000-01-27T00:00:00+00:00,6418.28,6561.16,6418.28,6549.599999999999,0
2000-01-28T00:00:00+00:00,6549.599999999999,6736.049999999999,6510.829999999999,6692.3099999999995,0
2000-02-01T00:00:00+00:00,6692.3099999999995,6692.3099999999995,6454.61,6473.67,0
2000-02-02T00:00:00+00:00,6473.67,6684.77,6473.67,6683.01,0
2000-02-03T00:00:00+00:00,6683.01,6791.490000000001,6658.150000000001,6791.39,0
2000-02-04T00:00:00+00:00,6791.39,6970.080000000001,6749.9400000000005,6969.780000000001,0
2000-02-08T00:00:00+00:00,6969.780000000001,6969.780000000001,6789.39,6815.31,0
2000-02-09T00:00:00+00:00,6815.31,7090.250000000001,6782.89,7069.580000000001,0
2000-02-10T00:00:00+00:00,7069.580000000001,7179.460000000001,7028.9800000000005,7132.01,0
2000-02-11T00:00:00+00:00,7132.01,7224.210000000001,7011.360000000001,7224.210000000001,0
2000-02-15T00:00:00+00:00,7224.210000000001,7315.590000000001,7197.500000000001,7300.000000000001,0
2000-02-16T00:00:00+00:00,7300.000000000001,7363.560000000001,7059.720000000001,7059.720000000001,0
2000-02-17T00:00:00+00:00,7059.720000000001,7255.360000000001,7001.110000000001,7148.780000000001,0
2000-02-18T00:00:00+00:00,7148.780000000001,7307.920000000001,7064.480000000001,7250.990000000001,0
2000-02-22T00:00:00+00:00,7250.990000000001,7273.18,7130.360000000001,7273.18,0
2000-02-23T00:00:00+00:00,7273.18,7418.3,7233.16,7300.74,0
2000-02-24T00:00:00+00:00,7300.74,7453.19,7300.74,7379.88,0
2000-02-25T00:00:00+00:00,7379.88,7496.16,7270.04,7323.49,0
2000-02-29T00:00:00+00:00,7323.49,7337.96,7082.82,7177.72,0
2000-03-01T00:00:00+00:00,7177.72,7287.18,7177.72,7231.370000000001,0
2000-03-02T00:00:00+00:00,7231.370000000001,7355.080000000001,7204.670000000001,7314.000000000001,0
2000-03-03T00:00:00+00:00,7314.000000000001,7543.760000000001,7233.030000000002,7538.870000000002,0
2000-03-07T00:00:00+00:00,7538.870000000002,7609.370000000002,7503.980000000001,7554.560000000001,0
2000-03-08T00:00:00+00:00,7554.560000000001,7719.490000000002,7505.6500000000015,7648.300000000002,0
2000-03-09T00:00:00+00:00,7648.300000000002,7676.000000000003,7527.700000000003,7565.320000000002,0
2000-03-10T00:00:00+00:00,7565.320000000002,7666.0300000000025,7458.300000000002,7530.260000000002,0
2000-03-14T00:00:00+00:00,7530.260000000002,7544.270000000001,7183.510000000002,7247.050000000002,0
2000-03-15T00:00:00+00:00,7247.050000000002,7308.290000000002,7181.360000000002,7201.310000000002,0
2000-03-16T00:00:00+00:00,7201.310000000002,7201.310000000002,6979.870000000003,6982.570000000002,0
2000-03-17T00:00:00+00:00,6982.570000000002,7214.210000000002,6982.570000000002,7149.890000000002,0
2000-03-21T00:00:00+00:00,7149.890000000002,7321.620000000003,7149.890000000002,7306.0300000000025,0
2000-03-22T00:00:00+00:00,7306.0300000000025,7306.0300000000025,7176.290000000003,7248.480000000003,0
2000-03-23T00:00:00+00:00,7248.480000000003,7370.640000000003,7208.010000000003,7219.540000000003,0
2000-03-24T00:00:00+00:00,7219.540000000003,7288.880000000003,7092.930000000003,7110.630000000003,0
2000-03-28T00:00:00+00:00,7110.630000000003,7117.840000000003,7009.980000000003,7070.410000000003,0
2000-03-29T00:00:00+00:00,7070.410000000003,7210.470000000003,7059.380000000003,7111.190000000003,0
2000-03-30T00:00:00+00:00,7111.190000000003,7144.070000000003,7039.810000000003,7045.130000000004,0
2000-03-31T00:00:00+00:00,7045.130000000004,7060.100000000003,6821.080000000004,6855.460000000004,0
2000-04-04T00:00:00+00:00,6855.460000000004,6897.210000000004,6660.050000000004,6684.900000000004,0
2000-04-05T00:00:00+00:00,6684.900000000004,6820.400000000004,6683.660000000004,6776.280000000004,0
2000-04-06T00:00:00+00:00,6776.280000000004,6812.910000000004,6480.050000000004,6604.960000000005,0
2000-04-07T00:00:00+00:00,6604.960000000005,6740.0800000000045,6585.670000000005,6706.160000000004,0
2000-04-11T00:00:00+00:00,6706.160000000004,6786.060000000005,6679.180000000005,6688.200000000004,0
2000-04-12T00:00:00+00:00,6688.200000000004,6688.200000000004,6541.570000000004,6617.740000000004,0
2000-04-13T00:00:00+00:00,6617.740000000004,6697.230000000004,6593.860000000004,6622.550000000004,0
2000-04-14T00:00:00+00:00,6622.550000000004,6651.880000000004,6504.310000000003,6650.550000000004,0
2000-04-18T00:00:00+00:00,6650.550000000004,6650.550000000004,6339.850000000004,6636.030000000004,0
2000-04-19T00:00:00+00:00,6636.030000000004,6754.880000000004,6544.770000000004,6646.340000000004,0
2000-04-20T00:00:00+00:00,6646.340000000004,6747.9500000000035,6588.530000000004,6658.720000000004,0
2000-04-21T00:00:00+00:00,6658.720000000004,6685.300000000004,6600.4500000000035,6600.4500000000035,0
2000-04-26T00:00:00+00:00,7164.15,7317.06,7096.38,7280.51,0
2000-04-27T00:00:00+00:00,7280.51,7431.69,7280.51,7375.96,0
2000-04-28T00:00:00+00:00,7375.96,7403.17,7146.18,7211.09,0
2000-05-03T00:00:00+00:00,7407.53,7561.67,7405.7,7555.92,0
2000-05-04T00:00:00+00:00,7555.92,7579.7300000000005,7370.76,7384.9400000000005,0
2000-05-05T00:00:00+00:00,7384.9400000000005,7416,7317.6900000000005,7382.97,0
2000-05-09T00:00:00+00:00,7382.97,7382.97,7233.22,7258.09,0
2000-05-10T00:00:00+00:00,7258.09,7258.15,7075.38,7130.74,0
2000-05-11T00:00:00+00:00,7130.74,7170.45,6959.7699999999995,6978.039999999999,0
2000-05-12T00:00:00+00:00,6978.039999999999,7144.32,6880.459999999999,7126.239999999999,0
2000-05-16T00:00:00+00:00,7126.239999999999,7138.189999999999,7048.409999999999,7055.309999999999,0
2000-05-17T00:00:00+00:00,7055.309999999999,7250.209999999998,7055.309999999999,7222.789999999999,0
2000-05-18T00:00:00+00:00,7222.789999999999,7231.1799999999985,7050.439999999999,7064.119999999999,0
2000-05-19T00:00:00+00:00,7064.119999999999,7108.229999999999,7008.159999999999,7031.199999999999,0
2000-05-23T00:00:00+00:00,7031.199999999999,7088.309999999999,6866.439999999999,6960.699999999999,0
2000-05-24T00:00:00+00:00,6960.699999999999,7059.009999999998,6925.159999999999,6969.459999999998,0
2000-05-25T00:00:00+00:00,6969.459999999998,6969.459999999998,6843.399999999998,6884.199999999998,0
2000-05-26T00:00:00+00:00,6884.199999999998,7036.1399999999985,6884.199999999998,7016.699999999998,0
2000-05-30T00:00:00+00:00,7016.699999999998,7090.359999999998,7016.699999999998,7077.2199999999975,0
2000-05-31T00:00:00+00:00,7077.2199999999975,7203.119999999997,7077.2199999999975,7171.879999999997,0
2000-06-01T00:00:00+00:00,7171.879999999997,7258.599999999997,7145.7599999999975,7154.289999999997,0
2000-06-02T00:00:00+00:00,7154.289999999997,7314.239999999998,7154.289999999997,7309.479999999998,0
2000-06-06T00:00:00+00:00,7309.479999999998,7339.659999999997,7208.099999999998,7261.279999999998,0
2000-06-07T00:00:00+00:00,7261.279999999998,7321.259999999998,7154.729999999998,7216.299999999998,0
2000-06-08T00:00:00+00:00,7216.299999999998,7216.299999999998,7094.219999999998,7145.619999999998,0
2000-06-09T00:00:00+00:00,7145.619999999998,7242.379999999998,7063.8499999999985,7095.009999999998,0
2000-06-13T00:00:00+00:00,7095.009999999998,7158.769999999999,7068.439999999999,7079.359999999999,0
2000-06-14T00:00:00+00:00,7079.359999999999,7163.9299999999985,7030.229999999999,7125.499999999998,0
2000-06-15T00:00:00+00:00,7125.499999999998,7207.329999999998,7083.959999999997,7183.669999999997,0
2000-06-16T00:00:00+00:00,7183.669999999997,7224.159999999997,7160.519999999998,7164.539999999997,0
2000-06-20T00:00:00+00:00,7164.539999999997,7255.709999999997,7164.539999999997,7229.169999999997,0
2000-06-21T00:00:00+00:00,7229.169999999997,7291.779999999997,7223.459999999997,7248.849999999998,0
2000-06-22T00:00:00+00:00,7248.849999999998,7261.809999999998,7112.299999999997,7121.889999999998,0
2000-06-23T00:00:00+00:00,7121.889999999998,7182.599999999998,7038.079999999998,7063.409999999998,0
2000-06-27T00:00:00+00:00,7063.409999999998,7161.789999999998,7051.589999999997,7103.709999999997,0
2000-06-28T00:00:00+00:00,7103.709999999997,7138.599999999997,7040.609999999997,7123.119999999997,0
2000-06-29T00:00:00+00:00,7123.119999999997,7144.919999999997,7082.949999999997,7128.329999999997,0
2000-06-30T00:00:00+00:00,7128.329999999997,7130.909999999997,6924.749999999997,6947.449999999997,0
2000-07-04T00:00:00+00:00,6947.449999999997,6996.499999999997,6877.0899999999965,6993.439999999997,0
2000-07-05T00:00:00+00:00,6993.439999999997,7011.119999999997,6916.179999999998,6979.399999999997,0
2000-07-06T00:00:00+00:00,6979.399999999997,7122.779999999997,6979.399999999997,6994.399999999997,0
2000-07-07T00:00:00+00:00,6994.399999999997,7026.119999999997,6952.429999999997,6998.279999999997,0
2000-07-11T00:00:00+00:00,6998.279999999997,7071.639999999997,6976.929999999997,7016.419999999996,0
2000-07-12T00:00:00+00:00,7016.419999999996,7017.819999999996,6903.909999999996,6952.309999999996,0
2000-07-13T00:00:00+00:00,6952.309999999996,7036.829999999995,6948.149999999996,7002.439999999996,0
2000-07-14T00:00:00+00:00,7002.439999999996,7124.789999999995,6937.589999999996,7124.619999999995,0
2000-07-18T00:00:00+00:00,7124.619999999995,7235.219999999995,7124.619999999995,7235.219999999995,0
2000-07-19T00:00:00+00:00,7235.219999999995,7267.979999999994,7173.509999999995,7225.109999999994,0
2000-07-20T00:00:00+00:00,7225.109999999994,7225.109999999994,7140.139999999995,7185.439999999994,0
2000-07-21T00:00:00+00:00,7185.439999999994,7312.599999999994,7124.709999999994,7300.939999999994,0
2000-07-25T00:00:00+00:00,7300.939999999994,7351.129999999995,7231.409999999994,7251.269999999995,0
2000-07-26T00:00:00+00:00,7251.269999999995,7286.6699999999955,7222.089999999996,7257.069999999995,0
2000-07-27T00:00:00+00:00,7257.069999999995,7295.269999999995,7177.149999999995,7229.049999999995,0
2000-07-28T00:00:00+00:00,7229.049999999995,7270.929999999995,7108.719999999995,7121.349999999994,0
2000-08-01T00:00:00+00:00,7121.349999999994,7237.839999999994,7098.899999999993,7176.329999999994,0
2000-08-02T00:00:00+00:00,7176.329999999994,7226.849999999994,7077.229999999994,7127.829999999994,0
2000-08-03T00:00:00+00:00,7127.829999999994,7173.649999999993,7045.289999999994,7088.779999999993,0
2000-08-04T00:00:00+00:00,7088.779999999993,7088.779999999993,6930.299999999994,7013.609999999993,0
2000-08-08T00:00:00+00:00,7013.609999999993,7128.239999999993,7013.609999999993,7106.179999999994,0
2000-08-09T00:00:00+00:00,7106.179999999994,7189.929999999994,7075.449999999993,7119.519999999994,0
2000-08-10T00:00:00+00:00,7119.519999999994,7258.459999999995,7119.519999999994,7216.529999999994,0
2000-08-11T00:00:00+00:00,7216.529999999994,7306.769999999994,7201.209999999995,7268.799999999995,0
2000-08-15T00:00:00+00:00,7268.799999999995,7313.939999999995,7241.959999999995,7276.599999999995,0
2000-08-16T00:00:00+00:00,7276.599999999995,7320.059999999995,7215.909999999995,7247.299999999996,0
2000-08-17T00:00:00+00:00,7247.299999999996,7296.369999999996,7223.739999999996,7247.999999999996,0
2000-08-18T00:00:00+00:00,7247.999999999996,7263.539999999996,7141.989999999997,7205.739999999997,0
2000-08-22T00:00:00+00:00,7205.739999999997,7230.869999999997,7119.149999999997,7171.339999999997,0
2000-08-23T00:00:00+00:00,7171.339999999997,7245.159999999997,7171.339999999997,7212.149999999997,0
2000-08-24T00:00:00+00:00,7212.149999999997,7218.359999999997,7112.659999999997,7187.5899999999965,0
2000-08-25T00:00:00+00:00,7187.5899999999965,7233.009999999997,7167.009999999997,7184.069999999997,0
2000-08-29T00:00:00+00:00,7184.069999999997,7258.949999999997,7173.429999999997,7202.359999999997,0
2000-08-30T00:00:00+00:00,7202.359999999997,7215.899999999997,7137.489999999997,7154.719999999997,0
2000-08-31T00:00:00+00:00,7154.719999999997,7154.719999999997,7038.499999999996,7047.819999999997,0
2000-09-01T00:00:00+00:00,7047.819999999997,7108.129999999997,7025.339999999997,7073.269999999997,0
2000-09-05T00:00:00+00:00,7073.269999999997,7170.889999999997,7073.269999999997,7163.089999999997,0
2000-09-06T00:00:00+00:00,7163.089999999997,7171.7199999999975,7084.369999999997,7110.079999999997,0
2000-09-07T00:00:00+00:00,7110.079999999997,7147.049999999997,7028.179999999997,7046.049999999997,0
2000-09-08T00:00:00+00:00,7046.049999999997,7101.989999999998,7002.179999999998,7091.729999999998,0
2000-09-12T00:00:00+00:00,7091.729999999998,7097.349999999998,7020.689999999998,7038.499999999997,0
2000-09-13T00:00:00+00:00,7038.499999999997,7038.499999999997,6954.349999999997,6961.069999999997,0
2000-09-14T00:00:00+00:00,6961.069999999997,6996.039999999996,6820.689999999997,6832.769999999997,0
2000-09-15T00:00:00+00:00,6832.769999999997,6923.569999999997,6828.709999999997,6870.569999999997,0
2000-09-19T00:00:00+00:00,6870.569999999997,6887.889999999997,6784.039999999996,6802.329999999996,0
2000-09-20T00:00:00+00:00,6802.329999999996,6874.279999999996,6775.759999999997,6874.199999999996,0
2000-09-21T00:00:00+00:00,6874.199999999996,6894.259999999997,6647.409999999996,6686.179999999996,0
2000-09-22T00:00:00+00:00,6686.179999999996,6729.009999999996,6493.849999999996,6594.839999999996,0
2000-09-26T00:00:00+00:00,6594.839999999996,6682.629999999996,6594.839999999996,6644.249999999995,0
2000-09-27T00:00:00+00:00,6644.249999999995,6692.329999999995,6590.679999999995,6629.479999999995,0
2000-09-28T00:00:00+00:00,6629.479999999995,6725.029999999994,6584.389999999995,6681.609999999995,0
2000-09-29T00:00:00+00:00,6681.609999999995,6719.009999999995,6599.339999999995,6704.779999999995,0
2000-10-03T00:00:00+00:00,6704.779999999995,6811.539999999995,6670.809999999996,6766.969999999996,0
2000-10-05T00:00:00+00:00,6857.48,6896.54,6760.71,6823.43,0
2000-10-06T00:00:00+00:00,6823.43,6921.4800000000005,6823.43,6896.8,0
2000-10-10T00:00:00+00:00,6896.8,6896.8,6745.31,6801.54,0
2000-10-11T00:00:00+00:00,6801.54,6844.3,6773.360000000001,6791,0
2000-10-12T00:00:00+00:00,6791,6791,6589.35,6683.6900000000005,0
2000-10-13T00:00:00+00:00,6683.6900000000005,6763.080000000001,6497.000000000001,6579.090000000001,0
2000-10-17T00:00:00+00:00,6579.090000000001,6636.300000000001,6489.750000000001,6538.220000000001,0
2000-10-18T00:00:00+00:00,6538.220000000001,6584.770000000001,6437.960000000001,6447.920000000001,0
2000-10-19T00:00:00+00:00,6447.920000000001,6447.920000000001,6221.660000000001,6407.170000000001,0
2000-10-20T00:00:00+00:00,6407.170000000001,6538.1,6406.01,6536.750000000001,0
2000-10-24T00:00:00+00:00,6536.750000000001,6573.670000000001,6465.4400000000005,6543.4400000000005,0
2000-10-25T00:00:00+00:00,6543.4400000000005,6760.870000000001,6529.200000000001,6728.520000000001,0
2000-10-26T00:00:00+00:00,6728.520000000001,6744.340000000002,6635.350000000002,6682.260000000002,0
2000-10-27T00:00:00+00:00,6682.260000000002,6791.350000000002,6651.800000000002,6701.1500000000015,0
2000-10-31T00:00:00+00:00,6701.1500000000015,6735.740000000002,6660.000000000002,6706.390000000001,0
2000-11-01T00:00:00+00:00,6706.390000000001,6865.620000000002,6706.390000000001,6855.140000000001,0
2000-11-02T00:00:00+00:00,6855.140000000001,6875.500000000001,6776.8200000000015,6820.370000000001,0
2000-11-03T00:00:00+00:00,6820.370000000001,6888.560000000001,6801.550000000001,6841.310000000001,0
2000-11-07T00:00:00+00:00,6841.310000000001,6887.030000000002,6812.870000000002,6837.670000000002,0
2000-11-08T00:00:00+00:00,6837.670000000002,6837.670000000002,6726.210000000002,6773.700000000002,0
2000-11-09T00:00:00+00:00,6773.700000000002,6828.090000000002,6702.810000000002,6706.520000000002,0
2000-11-10T00:00:00+00:00,6706.520000000002,6720.890000000002,6631.610000000002,6660.820000000002,0
2000-11-14T00:00:00+00:00,6660.820000000002,6660.820000000002,6511.450000000003,6562.940000000003,0
2000-11-15T00:00:00+00:00,6562.940000000003,6788.950000000003,6562.940000000003,6788.950000000003,0
2000-11-16T00:00:00+00:00,6788.950000000003,6789.420000000003,6694.790000000003,6773.880000000003,0
2000-11-17T00:00:00+00:00,6773.880000000003,6773.880000000003,6628.090000000003,6665.050000000003,0
2000-11-21T00:00:00+00:00,6665.050000000003,6704.230000000003,6508.240000000003,6519.300000000003,0
2000-11-22T00:00:00+00:00,6519.300000000003,6604.290000000003,6495.980000000003,6602.4900000000025,0
2000-11-23T00:00:00+00:00,6602.4900000000025,6602.4900000000025,6407.2400000000025,6443.2800000000025,0
2000-11-24T00:00:00+00:00,6443.2800000000025,6552.540000000003,6411.380000000003,6535.750000000003,0
2000-11-28T00:00:00+00:00,6535.750000000003,6674.720000000003,6535.750000000003,6567.410000000003,0
2000-11-29T00:00:00+00:00,6567.410000000003,6588.440000000002,6474.310000000002,6496.260000000003,0
2000-11-30T00:00:00+00:00,6496.260000000003,6541.860000000002,6421.320000000002,6484.820000000002,0
2000-12-01T00:00:00+00:00,6484.820000000002,6484.820000000002,6248.180000000003,6259.080000000003,0
2000-12-05T00:00:00+00:00,6259.080000000003,6259.080000000003,6094.890000000002,6159.540000000003,0
2000-12-06T00:00:00+00:00,6159.540000000003,6384.480000000003,6159.540000000003,6384.480000000003,0
2000-12-07T00:00:00+00:00,6384.480000000003,6464.870000000003,6349.400000000003,6365.220000000003,0
2000-12-08T00:00:00+00:00,6365.220000000003,6393.690000000003,6238.8700000000035,6309.690000000003,0
2000-12-12T00:00:00+00:00,6309.690000000003,6413.890000000003,6309.690000000003,6389.960000000004,0
2000-12-13T00:00:00+00:00,6389.960000000004,6421.640000000004,6341.930000000004,6341.930000000004,0
2000-12-14T00:00:00+00:00,6341.930000000004,6398.2000000000035,6185.520000000004,6220.550000000004,0
2000-12-15T00:00:00+00:00,6220.550000000004,6220.550000000004,6052.670000000004,6073.040000000004,0
2000-12-19T00:00:00+00:00,6073.040000000004,6202.560000000003,6073.040000000004,6125.480000000003,0
2000-12-20T00:00:00+00:00,6125.480000000003,6238.790000000004,6042.180000000004,6212.320000000003,0
2000-12-21T00:00:00+00:00,6212.320000000003,6212.320000000003,5971.900000000003,5994.020000000003,0
2000-12-22T00:00:00+00:00,5994.020000000003,6044.920000000004,5864.1600000000035,5954.610000000003,0
2000-12-28T00:00:00+00:00,6252.11,6357.76,6252.11,6328.16,0
2000-12-29T00:00:00+00:00,6328.16,6384.37,6314.099999999999,6362.74,0
2001-01-03T00:00:00+00:00,6431.14,6439.23,6289.82,6289.82,0
2001-01-04T00:00:00+00:00,6289.82,6472.7699999999995,6177.389999999999,6439.91,0
2001-01-05T00:00:00+00:00,6439.91,6552.98,6352.96,6372.58,0
2001-01-09T00:00:00+00:00,6372.58,6430.39,6341.7,6395.92,0
2001-01-10T00:00:00+00:00,6395.92,6450.36,6342.83,6392.38,0
2001-01-11T00:00:00+00:00,6392.38,6403.750000000001,6283.68,6310.26,0
2001-01-12T00:00:00+00:00,6310.26,6466.9800000000005,6310.26,6454.530000000001,0
2001-01-16T00:00:00+00:00,6454.530000000001,6501.580000000001,6429.000000000001,6470.700000000001,0
2001-01-17T00:00:00+00:00,6470.700000000001,6489.060000000001,6402.040000000001,6452.310000000001,0
2001-01-18T00:00:00+00:00,6452.310000000001,6580.940000000001,6452.310000000001,6565.6500000000015,0
2001-01-19T00:00:00+00:00,6565.6500000000015,6584.0700000000015,6510.460000000002,6558.710000000002,0
2001-01-23T00:00:00+00:00,6558.710000000002,6595.080000000002,6500.440000000001,6581.250000000002,0
2001-01-24T00:00:00+00:00,6581.250000000002,6625.440000000001,6504.910000000002,6625.440000000001,0
2001-01-25T00:00:00+00:00,6625.440000000001,6661.240000000002,6592.950000000002,6608.9000000000015,0
2001-01-26T00:00:00+00:00,6608.9000000000015,6683.190000000001,6585.740000000002,6635.420000000001,0
2001-01-30T00:00:00+00:00,6635.420000000001,6687.280000000001,6596.3,6687.280000000001,0
2001-01-31T00:00:00+00:00,6687.280000000001,6733.970000000001,6647.320000000001,6680.460000000001,0
2001-02-01T00:00:00+00:00,6680.460000000001,6729.700000000002,6655.130000000001,6729.700000000002,0
2001-02-02T00:00:00+00:00,6729.700000000002,6729.700000000002,6645.810000000002,6645.810000000002,0
2001-02-06T00:00:00+00:00,6645.810000000002,6647.830000000003,6604.2400000000025,6640.100000000002,0
2001-02-07T00:00:00+00:00,6640.100000000002,6701.060000000002,6627.640000000002,6700.640000000002,0
2001-02-08T00:00:00+00:00,6700.640000000002,6700.640000000002,6588.2400000000025,6588.2400000000025,0
2001-02-09T00:00:00+00:00,6588.2400000000025,6665.610000000003,6583.080000000003,6639.650000000003,0
2001-02-13T00:00:00+00:00,6639.650000000003,6713.090000000003,6639.650000000003,6705.630000000003,0
2001-02-14T00:00:00+00:00,6705.630000000003,6740.950000000003,6682.800000000003,6695.710000000003,0
2001-02-15T00:00:00+00:00,6695.710000000003,6695.710000000003,6583.7800000000025,6619.4900000000025,0
2001-02-16T00:00:00+00:00,6619.4900000000025,6730.820000000002,6619.4900000000025,6730.820000000002,0
2001-02-20T00:00:00+00:00,6730.820000000002,6783.170000000002,6730.820000000002,6761.770000000002,0
2001-02-21T00:00:00+00:00,6761.770000000002,6820.870000000003,6716.390000000002,6742.310000000002,0
2001-02-22T00:00:00+00:00,6742.310000000002,6742.310000000002,6600.690000000002,6636.540000000002,0
2001-02-23T00:00:00+00:00,6636.540000000002,6652.660000000002,6505.630000000002,6567.100000000001,0
2001-02-27T00:00:00+00:00,6567.100000000001,6696.260000000001,6567.100000000001,6676.200000000001,0
2001-02-28T00:00:00+00:00,6676.200000000001,6739.150000000001,6646.840000000001,6704.81,0
2001-03-01T00:00:00+00:00,6704.81,6767.920000000001,6653.110000000001,6691.35,0
2001-03-02T00:00:00+00:00,6691.35,6691.35,6573.450000000001,6602.070000000001,0
2001-03-06T00:00:00+00:00,6602.070000000001,6648.51,6563.740000000001,6646.1,0
2001-03-07T00:00:00+00:00,6646.1,6738.160000000001,6646.1,6712.040000000001,0
2001-03-08T00:00:00+00:00,6712.040000000001,6780.370000000001,6687.530000000001,6743.470000000001,0
2001-03-09T00:00:00+00:00,6743.470000000001,6774.660000000002,6680.460000000002,6701.800000000002,0
2001-03-13T00:00:00+00:00,6701.800000000002,6701.800000000002,6542.770000000002,6545.9900000000025,0
2001-03-14T00:00:00+00:00,6545.9900000000025,6545.9900000000025,6442.210000000002,6470.070000000002,0
2001-03-15T00:00:00+00:00,6470.070000000002,6526.4900000000025,6164.100000000002,6294.680000000002,0
2001-03-16T00:00:00+00:00,6294.680000000002,6364.940000000002,6242.050000000003,6364.940000000002,0
2001-03-20T00:00:00+00:00,6364.940000000002,6437.800000000002,6282.390000000002,6289.380000000002,0
2001-03-21T00:00:00+00:00,6289.380000000002,6414.710000000002,6289.380000000002,6407.880000000002,0
2001-03-22T00:00:00+00:00,6407.880000000002,6407.880000000002,6228.170000000002,6249.370000000002,0
2001-03-23T00:00:00+00:00,6249.370000000002,6271.410000000002,6001.830000000001,6038.370000000002,0
2001-03-27T00:00:00+00:00,6038.370000000002,6237.140000000002,6038.370000000002,6207.520000000002,0
2001-03-28T00:00:00+00:00,6207.520000000002,6421.580000000003,6172.550000000003,6421.580000000003,0
2001-03-29T00:00:00+00:00,6421.580000000003,6421.580000000003,6258.810000000002,6300.890000000003,0
2001-03-30T00:00:00+00:00,6300.890000000003,6367.540000000004,6201.800000000004,6367.540000000004,0
2001-04-03T00:00:00+00:00,6367.540000000004,6372.790000000004,6207.880000000004,6265.710000000004,0
2001-04-04T00:00:00+00:00,6265.710000000004,6265.710000000004,6030.420000000004,6072.1200000000035,0
2001-04-05T00:00:00+00:00,6072.1200000000035,6166.310000000004,5918.170000000004,6131.840000000004,0
2001-04-06T00:00:00+00:00,6131.840000000004,6298.470000000004,6131.840000000004,6290.100000000004,0
2001-04-10T00:00:00+00:00,6290.100000000004,6404.210000000004,6252.2000000000035,6375.340000000004,0
2001-04-11T00:00:00+00:00,6375.340000000004,6505.880000000004,6375.340000000004,6501.940000000004,0
2001-04-12T00:00:00+00:00,6501.940000000004,6595.900000000004,6455.8700000000035,6527.800000000004,0
2001-04-13T00:00:00+00:00,6527.800000000004,6587.790000000004,6484.8700000000035,6576.710000000004,0
2001-04-18T00:00:00+00:00,6004.32,6004.32,5827.62,5935.58,0
2001-04-19T00:00:00+00:00,5935.58,6183.110000000001,5935.58,6159.22,0
2001-04-20T00:00:00+00:00,6159.22,6205.51,6088.64,6163.12,0
2001-04-24T00:00:00+00:00,6163.12,6164.2300000000005,6077.62,6096.36,0
2001-04-25T00:00:00+00:00,6096.36,6201.01,6079.679999999999,6161.5599999999995,0
2001-04-26T00:00:00+00:00,6161.5599999999995,6178.19,6098.009999999999,6152.539999999999,0
2001-04-27T00:00:00+00:00,6152.539999999999,6197.0199999999995,6090.849999999999,6156.049999999999,0
2001-05-01T00:00:00+00:00,6176.73,6271.2,6176.73,6264.51,0
2001-05-03T00:00:00+00:00,6272.03,6296.62,6185.14,6213.84,0
2001-05-04T00:00:00+00:00,6213.84,6238.650000000001,6063.780000000001,6091.360000000001,0
2001-05-08T00:00:00+00:00,6091.360000000001,6146.89,6051.42,6076.06,0
2001-05-09T00:00:00+00:00,6076.06,6137.2300000000005,6036.13,6073.18,0
2001-05-10T00:00:00+00:00,6073.18,6073.18,5991.71,6029.79,0
2001-05-11T00:00:00+00:00,6029.79,6204.86,6029.79,6147.8,0
2001-05-15T00:00:00+00:00,6147.8,6147.8,6065.620000000001,6090.030000000001,0
2001-05-16T00:00:00+00:00,6090.030000000001,6112.870000000001,6044.610000000001,6087.540000000001,0
2001-05-17T00:00:00+00:00,6087.540000000001,6184.530000000001,5987.250000000001,6175.2300000000005,0
2001-05-18T00:00:00+00:00,6175.2300000000005,6234.700000000001,6147.790000000001,6181.930000000001,0
2001-05-22T00:00:00+00:00,6181.930000000001,6248.930000000001,6128.040000000001,6238.670000000001,0
2001-05-23T00:00:00+00:00,6238.670000000001,6325.8200000000015,6234.000000000001,6258.940000000001,0
2001-05-24T00:00:00+00:00,6258.940000000001,6287.910000000002,6208.230000000002,6214.210000000002,0
2001-05-25T00:00:00+00:00,6214.210000000002,6310.580000000003,6197.390000000002,6283.130000000002,0
2001-05-29T00:00:00+00:00,6283.130000000002,6312.660000000002,6246.860000000002,6274.300000000002,0
2001-05-30T00:00:00+00:00,6274.300000000002,6290.550000000002,6168.060000000002,6175.580000000002,0
2001-05-31T00:00:00+00:00,6175.580000000002,6175.580000000002,6096.3200000000015,6096.340000000002,0
2001-06-01T00:00:00+00:00,6096.340000000002,6209.0300000000025,6055.390000000002,6183.9900000000025,0
2001-06-05T00:00:00+00:00,6183.9900000000025,6235.660000000003,6183.9900000000025,6227.630000000002,0
2001-06-06T00:00:00+00:00,6227.630000000002,6301.410000000002,6198.910000000002,6286.550000000002,0
2001-06-07T00:00:00+00:00,6286.550000000002,6321.710000000002,6220.840000000002,6236.1100000000015,0
2001-06-08T00:00:00+00:00,6236.1100000000015,6270.420000000002,6207.500000000002,6235.580000000002,0
2001-06-12T00:00:00+00:00,6235.580000000002,6272.3600000000015,6184.5700000000015,6209.260000000001,0
2001-06-13T00:00:00+00:00,6209.260000000001,6216.680000000001,6061.190000000001,6094.280000000001,0
2001-06-14T00:00:00+00:00,6094.280000000001,6166.110000000001,6094.280000000001,6135.070000000001,0
2001-06-15T00:00:00+00:00,6135.070000000001,6135.070000000001,6042.410000000001,6056.680000000001,0
2001-06-19T00:00:00+00:00,6056.680000000001,6092.870000000002,5998.550000000001,6014.520000000001,0
2001-06-20T00:00:00+00:00,6014.520000000001,6119.350000000001,6014.520000000001,6061.740000000001,0
2001-06-21T00:00:00+00:00,6061.740000000001,6061.740000000001,5966.790000000001,6030.130000000001,0
2001-06-22T00:00:00+00:00,6030.130000000001,6076.8600000000015,5982.350000000001,6074.810000000001,0
2001-06-26T00:00:00+00:00,6074.810000000001,6094.580000000002,6012.700000000002,6048.630000000001,0
2001-06-27T00:00:00+00:00,6048.630000000001,6048.630000000001,5917.110000000001,5998.170000000001,0
2001-06-28T00:00:00+00:00,5998.170000000001,6001.6900000000005,5964.900000000001,5983.140000000001,0
2001-06-29T00:00:00+00:00,5983.140000000001,6119.380000000002,5906.300000000001,6119.380000000002,0
2001-07-03T00:00:00+00:00,6119.380000000002,6197.540000000002,6071.370000000002,6175.0700000000015,0
2001-07-04T00:00:00+00:00,6175.0700000000015,6179.240000000002,6109.390000000002,6128.010000000002,0
2001-07-05T00:00:00+00:00,6128.010000000002,6148.220000000002,6066.350000000002,6083.2400000000025,0
2001-07-06T00:00:00+00:00,6083.2400000000025,6130.380000000003,6037.350000000002,6088.600000000002,0
2001-07-10T00:00:00+00:00,6088.600000000002,6121.460000000002,6004.930000000002,6096.540000000002,0
2001-07-11T00:00:00+00:00,6096.540000000002,6150.500000000002,6032.720000000001,6043.300000000001,0
2001-07-12T00:00:00+00:00,6043.300000000001,6049.160000000001,5975.380000000001,6045.330000000001,0
2001-07-13T00:00:00+00:00,6045.330000000001,6159.350000000001,6045.330000000001,6120.710000000001,0
2001-07-17T00:00:00+00:00,6120.710000000001,6122.1500000000015,6035.4000000000015,6047.020000000001,0
2001-07-18T00:00:00+00:00,6047.020000000001,6047.290000000001,5987.960000000001,6047.290000000001,0
2001-07-19T00:00:00+00:00,6047.290000000001,6047.290000000001,5919.790000000001,5937.450000000001,0
2001-07-20T00:00:00+00:00,5937.450000000001,6039.660000000001,5917.060000000001,6039.660000000001,0
2001-07-24T00:00:00+00:00,6039.660000000001,6132.6,5989.43,6080.26,0
2001-07-25T00:00:00+00:00,6080.26,6080.26,5958.77,5962.77,0
2001-07-26T00:00:00+00:00,5962.77,6013.74,5840.9400000000005,5872.56,0
2001-07-27T00:00:00+00:00,5872.56,5953.830000000001,5850.280000000001,5953.830000000001,0
2001-07-31T00:00:00+00:00,5953.830000000001,6035.200000000001,5917.06,5996.77,0
2001-08-01T00:00:00+00:00,5996.77,6055.47,5948.4800000000005,6055.47,0
2001-08-02T00:00:00+00:00,6055.47,6055.47,6008.38,6031.0199999999995,0
2001-08-03T00:00:00+00:00,6031.0199999999995,6115.839999999999,5949.679999999999,5962.669999999999,0
2001-08-07T00:00:00+00:00,5962.669999999999,6031.11,5936.9,5974.469999999999,0
2001-08-08T00:00:00+00:00,5974.469999999999,6010.19,5915.679999999999,5979.62,0
2001-08-09T00:00:00+00:00,5979.62,5979.62,5840.339999999999,5845.45,0
2001-08-10T00:00:00+00:00,5845.45,5845.45,5717.63,5762.19,0
2001-08-14T00:00:00+00:00,5762.19,5820.839999999999,5722.579999999999,5774.86,0
2001-08-15T00:00:00+00:00,5774.86,5878.16,5774.86,5829.82,0
2001-08-16T00:00:00+00:00,5829.82,5839.139999999999,5736.87,5763.799999999999,0
2001-08-17T00:00:00+00:00,5763.799999999999,5763.799999999999,5643.469999999999,5671.349999999999,0
2001-08-21T00:00:00+00:00,5671.349999999999,5717.749999999999,5576.289999999999,5659.429999999999,0
2001-08-22T00:00:00+00:00,5659.429999999999,5696.25,5613.75,5660.339999999999,0
2001-08-23T00:00:00+00:00,5660.339999999999,5779.019999999999,5597.6799999999985,5676.239999999999,0
2001-08-24T00:00:00+00:00,5676.239999999999,5723.619999999999,5630.44,5697.339999999999,0
2001-08-28T00:00:00+00:00,5697.339999999999,5754.819999999999,5681.819999999999,5706.169999999999,0
2001-08-29T00:00:00+00:00,5706.169999999999,5754.899999999999,5586.409999999999,5608.689999999999,0
2001-08-30T00:00:00+00:00,5608.689999999999,5665.289999999998,5557.999999999998,5623.009999999998,0
2001-08-31T00:00:00+00:00,5623.009999999998,5661.249999999998,5484.369999999998,5489.109999999998,0
2001-09-04T00:00:00+00:00,5489.109999999998,5498.699999999998,5356.389999999998,5387.539999999998,0
2001-09-05T00:00:00+00:00,5387.539999999998,5505.359999999999,5319.979999999999,5493.359999999999,0
2001-09-06T00:00:00+00:00,5493.359999999999,5493.359999999999,5333.359999999999,5353.1399999999985,0
2001-09-07T00:00:00+00:00,5353.1399999999985,5404.309999999999,5143.409999999998,5169.749999999998,0
2001-09-11T00:00:00+00:00,5169.749999999998,5202.689999999999,4972.659999999998,5114.719999999998,0
2001-09-12T00:00:00+00:00,5114.719999999998,5222.299999999998,4564.439999999999,4707.449999999998,0
2001-09-13T00:00:00+00:00,4707.449999999998,4851.4299999999985,4607.569999999998,4783.119999999998,0
2001-09-14T00:00:00+00:00,4783.119999999998,4837.539999999998,4718.029999999998,4832.929999999998,0
2001-09-18T00:00:00+00:00,4832.929999999998,5013.839999999997,4695.929999999997,4946.919999999997,0
2001-09-19T00:00:00+00:00,4946.919999999997,4947.389999999998,4831.329999999997,4904.069999999998,0
2001-09-20T00:00:00+00:00,4904.069999999998,4993.4299999999985,4722.919999999998,4749.8899999999985,0
2001-09-21T00:00:00+00:00,4749.8899999999985,4815.3499999999985,4483.089999999998,4514.579999999998,0
2001-09-25T00:00:00+00:00,4514.579999999998,4777.759999999998,4514.579999999998,4760.409999999998,0
2001-09-26T00:00:00+00:00,4760.409999999998,4860.5999999999985,4673.739999999998,4734.2199999999975,0
2001-09-27T00:00:00+00:00,4734.2199999999975,4905.859999999997,4734.2199999999975,4815.139999999998,0
2001-09-28T00:00:00+00:00,4815.139999999998,4904.289999999997,4767.989999999998,4904.289999999997,0
2001-10-02T00:00:00+00:00,4904.289999999997,4905.619999999997,4772.889999999997,4829.199999999997,0
2001-10-03T00:00:00+00:00,4829.199999999997,4893.709999999997,4747.109999999998,4893.709999999997,0
2001-10-04T00:00:00+00:00,4893.709999999997,5031.249999999997,4770.789999999997,5026.359999999997,0
2001-10-05T00:00:00+00:00,5026.359999999997,5135.949999999997,5000.609999999997,5134.189999999997,0
2001-10-09T00:00:00+00:00,5134.189999999997,5170.359999999997,4995.619999999997,5160.229999999997,0
2001-10-10T00:00:00+00:00,5160.229999999997,5217.439999999997,5108.2999999999965,5144.179999999997,0
2001-10-11T00:00:00+00:00,5144.179999999997,5295.399999999997,5094.509999999997,5285.739999999996,0
2001-10-12T00:00:00+00:00,5285.739999999996,5400.199999999996,5274.699999999996,5376.479999999996,0
2001-10-16T00:00:00+00:00,5376.479999999996,5380.839999999996,5253.479999999996,5305.369999999995,0
2001-10-17T00:00:00+00:00,5305.369999999995,5400.019999999996,5273.839999999996,5389.569999999995,0
2001-10-18T00:00:00+00:00,5389.569999999995,5535.109999999995,5365.409999999994,5400.2899999999945,0
2001-10-19T00:00:00+00:00,5400.2899999999945,5400.2899999999945,5266.0399999999945,5346.569999999994,0
2001-10-23T00:00:00+00:00,5346.569999999994,5461.449999999994,5308.369999999994,5447.529999999994,0
2001-10-24T00:00:00+00:00,5447.529999999994,5553.979999999994,5447.529999999994,5522.259999999995,0
2001-10-25T00:00:00+00:00,5522.259999999995,5674.359999999995,5485.469999999995,5645.0399999999945,0
2001-10-26T00:00:00+00:00,5645.0399999999945,5714.319999999995,5491.359999999995,5555.609999999995,0
2001-10-30T00:00:00+00:00,5555.609999999995,5555.609999999995,5402.759999999995,5403.359999999995,0
2001-10-31T00:00:00+00:00,5403.359999999995,5403.359999999995,5221.449999999994,5288.819999999994,0
2001-11-01T00:00:00+00:00,5288.819999999994,5387.989999999994,5219.689999999994,5321.099999999994,0
2001-11-02T00:00:00+00:00,5321.099999999994,5401.569999999994,5245.939999999994,5400.519999999994,0
2001-11-06T00:00:00+00:00,5400.519999999994,5566.939999999994,5400.519999999994,5566.939999999994,0
2001-11-07T00:00:00+00:00,5566.939999999994,5619.229999999994,5506.979999999994,5506.979999999994,0
2001-11-08T00:00:00+00:00,5506.979999999994,5654.679999999995,5468.0799999999945,5652.489999999994,0
2001-11-09T00:00:00+00:00,5652.489999999994,5807.059999999994,5634.699999999994,5794.679999999994,0
2001-11-13T00:00:00+00:00,5794.679999999994,5797.189999999994,5535.7499999999945,5707.439999999994,0
2001-11-14T00:00:00+00:00,5707.439999999994,5851.919999999994,5703.709999999994,5828.859999999994,0
2001-11-15T00:00:00+00:00,5828.859999999994,5925.309999999994,5817.949999999994,5831.649999999994,0
2001-11-16T00:00:00+00:00,5831.649999999994,5944.309999999994,5831.649999999994,5877.389999999994,0
2001-11-20T00:00:00+00:00,5877.389999999994,5976.489999999993,5856.339999999994,5967.929999999994,0
2001-11-21T00:00:00+00:00,5967.929999999994,5992.769999999994,5797.659999999994,5876.919999999995,0
2001-11-22T00:00:00+00:00,5876.919999999995,5937.419999999995,5826.0399999999945,5872.459999999995,0
2001-11-23T00:00:00+00:00,5872.459999999995,5926.179999999995,5866.309999999995,5907.099999999995,0
2001-11-27T00:00:00+00:00,5907.099999999995,5964.759999999995,5853.349999999995,5861.409999999994,0
2001-11-28T00:00:00+00:00,5861.409999999994,5891.719999999994,5713.069999999994,5803.459999999994,0
2001-11-29T00:00:00+00:00,5803.459999999994,5803.459999999994,5687.459999999994,5688.259999999994,0
2001-11-30T00:00:00+00:00,5688.259999999994,5765.719999999994,5664.529999999993,5726.379999999994,0
2001-12-04T00:00:00+00:00,5726.379999999994,5736.229999999994,5612.049999999994,5728.239999999993,0
2001-12-05T00:00:00+00:00,5728.239999999993,5779.4099999999935,5717.269999999994,5753.199999999993,0
2001-12-06T00:00:00+00:00,5753.199999999993,6015.139999999994,5753.199999999993,5995.879999999994,0
2001-12-07T00:00:00+00:00,5995.879999999994,6079.269999999993,5978.649999999993,6008.699999999993,0
2001-12-11T00:00:00+00:00,6008.699999999993,6021.109999999993,5921.569999999993,5932.839999999994,0
2001-12-12T00:00:00+00:00,5932.839999999994,5980.309999999993,5886.589999999994,5957.609999999993,0
2001-12-13T00:00:00+00:00,5957.609999999993,6002.189999999993,5836.389999999993,5870.789999999994,0
2001-12-14T00:00:00+00:00,5870.789999999994,5913.739999999993,5764.739999999993,5782.969999999994,0
2001-12-18T00:00:00+00:00,5782.969999999994,5967.289999999994,5774.319999999993,5937.029999999993,0
2001-12-19T00:00:00+00:00,5937.029999999993,5990.979999999993,5913.059999999993,5914.829999999994,0
2001-12-20T00:00:00+00:00,5914.829999999994,5940.049999999994,5827.079999999994,5863.489999999993,0
2001-12-21T00:00:00+00:00,5863.489999999993,5899.389999999993,5797.199999999993,5806.709999999994,0
2001-12-28T00:00:00+00:00,5032.87,5117.13,5032.87,5117.13,0
2002-01-03T00:00:00+00:00,5155.26,5195.56,5107.36,5167.88,0
2002-01-04T00:00:00+00:00,5167.88,5280.929999999999,5167.88,5262.99,0
2002-01-08T00:00:00+00:00,5262.99,5282.71,5156.58,5167.81,0
2002-01-09T00:00:00+00:00,5167.81,5217.200000000001,5141.650000000001,5192.950000000001,0
2002-01-10T00:00:00+00:00,5192.950000000001,5268.580000000001,5145.09,5252.9800000000005,0
2002-01-11T00:00:00+00:00,5252.9800000000005,5252.9800000000005,5159.21,5215.28,0
2002-01-15T00:00:00+00:00,5215.28,5215.28,5064.67,5074.89,0
2002-01-16T00:00:00+00:00,5074.89,5122.610000000001,5044.53,5077.09,0
2002-01-17T00:00:00+00:00,5077.09,5079.55,5001.32,5010.94,0
2002-01-18T00:00:00+00:00,5010.94,5161.5599999999995,5010.94,5158.969999999999,0
2002-01-22T00:00:00+00:00,5158.969999999999,5158.969999999999,5057.78,5106.3099999999995,0
2002-01-23T00:00:00+00:00,5106.3099999999995,5172.889999999999,5065.36,5082.19,0
2002-01-24T00:00:00+00:00,5082.19,5202.909999999999,5039.639999999999,5196.409999999999,0
2002-01-25T00:00:00+00:00,5196.409999999999,5247.23,5173.98,5197.819999999999,0
2002-01-29T00:00:00+00:00,5197.819999999999,5245.069999999999,5170.539999999998,5200.319999999999,0
2002-01-30T00:00:00+00:00,5200.319999999999,5240.8899999999985,5108.329999999998,5119.779999999999,0
2002-01-31T00:00:00+00:00,5119.779999999999,5120.579999999999,5034.859999999999,5106.359999999999,0
2002-02-01T00:00:00+00:00,5106.359999999999,5156.979999999999,5091.8899999999985,5145.079999999998,0
2002-02-05T00:00:00+00:00,5145.079999999998,5149.739999999998,5040.729999999998,5040.729999999998,0
2002-02-06T00:00:00+00:00,5040.729999999998,5040.729999999998,4929.069999999998,4996.0099999999975,0
2002-02-07T00:00:00+00:00,4996.0099999999975,5004.899999999998,4837.179999999998,4863.229999999998,0
2002-02-08T00:00:00+00:00,4863.229999999998,4938.789999999998,4795.899999999998,4927.819999999998,0
2002-02-12T00:00:00+00:00,4927.819999999998,5027.949999999998,4927.819999999998,5022.579999999998,0
2002-02-13T00:00:00+00:00,5022.579999999998,5052.399999999998,4935.6399999999985,4961.609999999998,0
2002-02-14T00:00:00+00:00,4961.609999999998,5016.4699999999975,4904.749999999997,5005.949999999998,0
2002-02-15T00:00:00+00:00,5005.949999999998,5053.319999999999,4977.269999999999,5034.489999999999,0
2002-02-19T00:00:00+00:00,5034.489999999999,5063.149999999999,5009.539999999999,5040.419999999999,0
2002-02-20T00:00:00+00:00,5040.419999999999,5040.419999999999,4942.449999999999,4948.7699999999995,0
2002-02-21T00:00:00+00:00,4948.7699999999995,4986.17,4888.88,4963.11,0
2002-02-22T00:00:00+00:00,4963.11,5033.3099999999995,4953.579999999999,5015.909999999999,0
2002-02-26T00:00:00+00:00,5015.909999999999,5124.169999999999,4988.489999999999,5120.619999999999,0
2002-02-27T00:00:00+00:00,5120.619999999999,5194.299999999999,5117.549999999999,5155.029999999999,0
2002-02-28T00:00:00+00:00,5155.029999999999,5245.709999999999,5155.029999999999,5202.249999999999,0
2002-03-01T00:00:00+00:00,5202.249999999999,5329.539999999999,5183.729999999999,5296.189999999999,0
2002-03-05T00:00:00+00:00,5296.189999999999,5453.669999999999,5296.189999999999,5434.159999999999,0
2002-03-06T00:00:00+00:00,5434.159999999999,5472.839999999999,5397.309999999999,5417.119999999999,0
2002-03-07T00:00:00+00:00,5417.119999999999,5490.219999999998,5390.589999999998,5478.529999999999,0
2002-03-08T00:00:00+00:00,5478.529999999999,5555.499999999999,5452.839999999999,5474.48,0
2002-03-12T00:00:00+00:00,5474.48,5515.5,5412.919999999999,5455.11,0
2002-03-13T00:00:00+00:00,5455.11,5455.11,5361.55,5392.18,0
2002-03-14T00:00:00+00:00,5392.18,5450.670000000001,5354.200000000001,5361.39,0
2002-03-15T00:00:00+00:00,5361.39,5409.07,5349.25,5392.46,0
2002-03-19T00:00:00+00:00,5392.46,5458.6,5385.4400000000005,5419.35,0
2002-03-20T00:00:00+00:00,5419.35,5455.950000000001,5401.700000000001,5451.1900000000005,0
2002-03-21T00:00:00+00:00,5451.1900000000005,5451.1900000000005,5352.56,5361.9400000000005,0
2002-03-22T00:00:00+00:00,5361.9400000000005,5392.580000000001,5316.740000000001,5353.390000000001,0
2002-03-26T00:00:00+00:00,5353.390000000001,5392.620000000002,5298.630000000001,5309.5700000000015,0
2002-03-27T00:00:00+00:00,5309.5700000000015,5394.350000000001,5285.480000000001,5386.140000000001,0
2002-03-28T00:00:00+00:00,5386.140000000001,5390.140000000001,5334.300000000001,5349.460000000001,0
2002-03-29T00:00:00+00:00,5349.460000000001,5423.720000000001,5349.460000000001,5396.490000000001,0
2002-04-03T00:00:00+00:00,5379.64,5379.64,5289.8,5311.08,0
2002-04-04T00:00:00+00:00,5311.08,5340.26,5283.77,5299.55,0
2002-04-05T00:00:00+00:00,5299.55,5305.47,5227.09,5270.3,0
2002-04-09T00:00:00+00:00,5270.3,5270.3,5136.950000000001,5189.26,0
2002-04-10T00:00:00+00:00,5189.26,5223.39,5161.41,5165.42,0
2002-04-11T00:00:00+00:00,5165.42,5269.71,5134.4400000000005,5260.79,0
2002-04-12T00:00:00+00:00,5260.79,5281.3099999999995,5152.509999999999,5153.4,0
2002-04-16T00:00:00+00:00,5153.4,5202.66,5125.65,5202.66,0
2002-04-17T00:00:00+00:00,5202.66,5296.35,5199.45,5296.35,0
2002-04-18T00:00:00+00:00,5296.35,5316.710000000001,5249.67,5256.990000000001,0
2002-04-19T00:00:00+00:00,5256.990000000001,5312.920000000001,5134.640000000001,5203.340000000001,0
2002-04-23T00:00:00+00:00,5203.340000000001,5203.340000000001,5091.600000000001,5123.400000000001,0
2002-04-24T00:00:00+00:00,5123.400000000001,5157.850000000001,5059.540000000001,5103.770000000001,0
2002-04-25T00:00:00+00:00,5103.770000000001,5137.220000000001,5060.830000000001,5076.780000000002,0
2002-04-26T00:00:00+00:00,5076.780000000002,5085.100000000001,4930.980000000001,4972.530000000002,0
2002-04-30T00:00:00+00:00,4972.530000000002,4986.370000000002,4923.750000000002,4986.370000000002,0
2002-05-01T00:00:00+00:00,5007.24,5041.2,4929.35,5041.2,0
2002-05-03T00:00:00+00:00,5043.01,5066.97,4952.16,4964.56,0
2002-05-07T00:00:00+00:00,4964.56,5007.31,4957.110000000001,4961.200000000001,0
2002-05-08T00:00:00+00:00,4961.200000000001,4978.280000000001,4859.34,4958.26,0
2002-05-09T00:00:00+00:00,4958.26,5108.110000000001,4958.26,5108.110000000001,0
2002-05-10T00:00:00+00:00,5108.110000000001,5110.220000000001,5036.540000000001,5050.610000000001,0
2002-05-14T00:00:00+00:00,5050.610000000001,5177.860000000001,5022.320000000001,5164.9400000000005,0
2002-05-15T00:00:00+00:00,5164.9400000000005,5251.4800000000005,5139.070000000001,5232.14,0
2002-05-16T00:00:00+00:00,5232.14,5255.25,5171.46,5242.43,0
2002-05-17T00:00:00+00:00,5242.43,5276.72,5207.68,5223.05,0
2002-05-21T00:00:00+00:00,5223.05,5236.3,5161.42,5175.87,0
2002-05-22T00:00:00+00:00,5175.87,5240.259999999999,5130.49,5167.049999999999,0
2002-05-23T00:00:00+00:00,5167.049999999999,5192.309999999999,5085.069999999999,5115.239999999999,0
2002-05-24T00:00:00+00:00,5115.239999999999,5142.329999999999,5049.729999999999,5069.689999999999,0
2002-05-28T00:00:00+00:00,5069.689999999999,5145.059999999999,5069.689999999999,5134.3899999999985,0
2002-05-29T00:00:00+00:00,5134.3899999999985,5181.149999999998,5057.789999999998,5083.619999999998,0
2002-05-30T00:00:00+00:00,5083.619999999998,5083.619999999998,5024.329999999998,5050.879999999998,0
2002-05-31T00:00:00+00:00,5050.879999999998,5050.879999999998,4919.229999999998,4939.239999999998,0
2002-06-04T00:00:00+00:00,4939.239999999998,4971.549999999998,4847.049999999998,4869.119999999998,0
2002-06-05T00:00:00+00:00,4869.119999999998,4869.119999999998,4718.799999999998,4763.669999999998,0
2002-06-06T00:00:00+00:00,4763.669999999998,4816.249999999998,4733.329999999998,4755.489999999999,0
2002-06-07T00:00:00+00:00,4755.489999999999,4837.619999999999,4738.699999999999,4778.789999999999,0
2002-06-11T00:00:00+00:00,4778.789999999999,4820.82,4706.37,4750.86,0
2002-06-12T00:00:00+00:00,4750.86,4849.889999999999,4718.929999999999,4769.849999999999,0
2002-06-13T00:00:00+00:00,4769.849999999999,4769.849999999999,4651.779999999999,4680.979999999999,0
2002-06-14T00:00:00+00:00,4680.979999999999,4748.109999999999,4605.189999999999,4633.679999999999,0
2002-06-18T00:00:00+00:00,4633.679999999999,4799.129999999999,4633.679999999999,4790.94,0
2002-06-19T00:00:00+00:00,4790.94,4813.719999999999,4708.649999999999,4743.7699999999995,0
2002-06-20T00:00:00+00:00,4743.7699999999995,4743.7699999999995,4641.839999999999,4674.759999999999,0
2002-06-21T00:00:00+00:00,4674.759999999999,4693.449999999999,4522.299999999999,4568.129999999999,0
2002-06-25T00:00:00+00:00,4568.129999999999,4632.239999999999,4379.779999999999,4461.469999999999,0
2002-06-26T00:00:00+00:00,4461.469999999999,4592.099999999999,4461.469999999999,4534.98,0
2002-06-27T00:00:00+00:00,4534.98,4534.98,4294.5599999999995,4446.91,0
2002-06-28T00:00:00+00:00,4446.91,4602.72,4446.91,4602.72,0
2002-07-02T00:00:00+00:00,4602.72,4669.3099999999995,4543.849999999999,4592.43,0
2002-07-03T00:00:00+00:00,4592.43,4592.43,4397.06,4429.21,0
2002-07-04T00:00:00+00:00,4429.21,4479.41,4328.5,4365.07,0
2002-07-05T00:00:00+00:00,4365.07,4483.259999999999,4365.07,4483.259999999999,0
2002-07-09T00:00:00+00:00,4483.259999999999,4483.519999999999,4400.649999999999,4449.699999999999,0
2002-07-10T00:00:00+00:00,4449.699999999999,4484.259999999998,4345.619999999999,4373.529999999999,0
2002-07-11T00:00:00+00:00,4373.529999999999,4374.989999999998,4209.399999999999,4210.979999999999,0
2002-07-12T00:00:00+00:00,4210.979999999999,4210.979999999999,4070.4199999999987,4149.689999999999,0
2002-07-16T00:00:00+00:00,4149.689999999999,4167.809999999999,3937.669999999999,3937.669999999999,0
2002-07-17T00:00:00+00:00,3937.669999999999,4076.609999999999,3850.0899999999992,4002.2999999999993,0
2002-07-18T00:00:00+00:00,4002.2999999999993,4129.019999999999,3922.8399999999997,4116.15,0
2002-07-19T00:00:00+00:00,4116.15,4173.16,4052.6199999999994,4121.459999999999,0
2002-07-23T00:00:00+00:00,4121.459999999999,4121.459999999999,3871.859999999999,3924.779999999999,0
2002-07-24T00:00:00+00:00,3924.779999999999,4023.989999999999,3725.9399999999987,3729.3099999999986,0
2002-07-25T00:00:00+00:00,3729.3099999999986,3854.8099999999986,3479.6999999999985,3846.3999999999983,0
2002-07-26T00:00:00+00:00,3846.3999999999983,3940.079999999998,3686.3399999999983,3733.959999999998,0
2002-07-30T00:00:00+00:00,3733.959999999998,4009.229999999998,3733.959999999998,4009.229999999998,0
2002-07-31T00:00:00+00:00,4009.229999999998,4035.2399999999984,3898.0899999999983,4035.2399999999984,0
2002-08-01T00:00:00+00:00,4035.2399999999984,4103.819999999998,3858.579999999998,3858.579999999998,0
2002-08-02T00:00:00+00:00,3858.579999999998,3966.239999999998,3704.5499999999984,3765.719999999998,0
2002-08-06T00:00:00+00:00,3765.719999999998,3768.469999999998,3560.379999999998,3565.069999999998,0
2002-08-07T00:00:00+00:00,3565.069999999998,3846.869999999998,3480.679999999998,3813.939999999998,0
2002-08-08T00:00:00+00:00,3813.939999999998,3876.2999999999975,3684.399999999998,3709.3699999999976,0
2002-08-09T00:00:00+00:00,3709.3699999999976,3915.149999999998,3709.3699999999976,3915.149999999998,0
2002-08-13T00:00:00+00:00,3915.149999999998,3915.149999999998,3804.3499999999976,3812.0199999999977,0
2002-08-14T00:00:00+00:00,3812.0199999999977,3855.169999999998,3704.7399999999975,3834.8299999999977,0
2002-08-15T00:00:00+00:00,3834.8299999999977,3834.8299999999977,3699.3499999999976,3747.2099999999978,0
2002-08-16T00:00:00+00:00,3747.2099999999978,3878.6599999999976,3747.2099999999978,3821.4699999999975,0
2002-08-20T00:00:00+00:00,3821.4699999999975,3986.5199999999973,3768.2599999999975,3977.4699999999975,0
2002-08-21T00:00:00+00:00,3977.4699999999975,4003.919999999998,3900.1399999999976,3903.569999999998,0
2002-08-22T00:00:00+00:00,3903.569999999998,4036.569999999998,3903.569999999998,4000.989999999998,0
2002-08-23T00:00:00+00:00,4000.989999999998,4058.399999999998,3983.379999999998,4033.989999999998,0
2002-08-27T00:00:00+00:00,4033.989999999998,4103.509999999998,3953.839999999998,3987.749999999998,0
2002-08-28T00:00:00+00:00,3987.749999999998,4096.4299999999985,3966.979999999998,4047.6599999999985,0
2002-08-29T00:00:00+00:00,4047.6599999999985,4047.6599999999985,3893.8899999999985,3894.4199999999987,0
2002-08-30T00:00:00+00:00,3894.4199999999987,3910.6699999999987,3794.0399999999986,3874.0799999999986,0
2002-09-03T00:00:00+00:00,3874.0799999999986,3874.0799999999986,3777.7599999999984,3784.7999999999984,0
2002-09-04T00:00:00+00:00,3784.7999999999984,3784.7999999999984,3574.759999999998,3574.759999999998,0
2002-09-05T00:00:00+00:00,3574.759999999998,3641.009999999998,3526.589999999998,3603.859999999998,0
2002-09-06T00:00:00+00:00,3603.859999999998,3641.0599999999977,3476.189999999998,3529.089999999998,0
2002-09-10T00:00:00+00:00,3529.089999999998,3529.089999999998,3432.1999999999975,3477.7399999999975,0
2002-09-11T00:00:00+00:00,3477.7399999999975,3556.1499999999974,3477.7399999999975,3535.3199999999974,0
2002-09-12T00:00:00+00:00,3535.3199999999974,3643.4099999999976,3495.0399999999972,3612.5099999999975,0
2002-09-13T00:00:00+00:00,3612.5099999999975,3612.5099999999975,3461.1599999999976,3461.1599999999976,0
2002-09-17T00:00:00+00:00,3461.1599999999976,3479.939999999998,3390.0499999999975,3420.879999999998,0
2002-09-18T00:00:00+00:00,3420.879999999998,3544.7099999999978,3342.9299999999976,3388.2499999999977,0
2002-09-19T00:00:00+00:00,3388.2499999999977,3388.2499999999977,3221.849999999998,3235.759999999998,0
2002-09-20T00:00:00+00:00,3235.759999999998,3261.499999999998,3106.899999999998,3106.899999999998,0
2002-09-24T00:00:00+00:00,3106.899999999998,3149.549999999998,2933.759999999998,2957.7099999999978,0
2002-09-25T00:00:00+00:00,2957.7099999999978,3004.0399999999977,2818.909999999998,2917.759999999998,0
2002-09-26T00:00:00+00:00,2917.759999999998,3024.379999999998,2851.609999999998,3007.279999999998,0
2002-09-27T00:00:00+00:00,3007.279999999998,3103.029999999998,2977.009999999998,3064.759999999998,0
2002-10-01T00:00:00+00:00,3064.759999999998,3064.759999999998,2877.649999999998,2927.1899999999982,0
2002-10-02T00:00:00+00:00,2927.1899999999982,3049.159999999998,2883.7999999999984,3019.459999999998,0
2002-10-03T00:00:00+00:00,3019.459999999998,3127.539999999998,2970.559999999998,3079.939999999998,0
2002-10-04T00:00:00+00:00,3079.939999999998,3096.0799999999977,2966.2299999999977,2969.689999999998,0
2002-10-08T00:00:00+00:00,2969.689999999998,2969.689999999998,2881.219999999998,2926.7499999999977,0
2002-10-09T00:00:00+00:00,2926.7499999999977,2971.0999999999976,2790.379999999998,2869.819999999998,0
2002-10-10T00:00:00+00:00,2869.819999999998,2872.279999999998,2771.579999999998,2850.159999999998,0
2002-10-11T00:00:00+00:00,2850.159999999998,2990.089999999998,2805.299999999998,2990.089999999998,0
2002-10-15T00:00:00+00:00,2990.089999999998,2990.089999999998,2855.3899999999976,2911.569999999998,0
2002-10-16T00:00:00+00:00,2911.569999999998,3103.259999999998,2911.569999999998,3103.259999999998,0
2002-10-17T00:00:00+00:00,3103.259999999998,3171.369999999998,3031.519999999998,3074.009999999998,0
2002-10-18T00:00:00+00:00,3074.009999999998,3239.539999999998,3070.3599999999983,3224.729999999998,0
2002-10-22T00:00:00+00:00,3224.729999999998,3355.459999999998,3168.909999999998,3355.459999999998,0
2002-10-23T00:00:00+00:00,3355.459999999998,3384.6699999999983,3227.259999999998,3241.629999999998,0
2002-10-24T00:00:00+00:00,3241.629999999998,3310.029999999998,3060.689999999998,3092.469999999998,0
2002-10-25T00:00:00+00:00,3092.469999999998,3194.679999999998,3085.159999999998,3155.119999999998,0
2002-10-29T00:00:00+00:00,3155.119999999998,3285.489999999998,3155.119999999998,3248.789999999998,0
2002-10-30T00:00:00+00:00,3248.789999999998,3248.789999999998,3070.809999999998,3082.0799999999986,0
2002-10-31T00:00:00+00:00,3082.0799999999986,3197.5699999999983,3056.7799999999984,3170.7699999999986,0
2002-11-01T00:00:00+00:00,3170.7699999999986,3271.2799999999984,3141.6299999999983,3207.8599999999983,0
2002-11-05T00:00:00+00:00,3207.8599999999983,3371.3099999999986,3207.8599999999983,3368.3099999999986,0
2002-11-06T00:00:00+00:00,3368.3099999999986,3445.6699999999987,3318.2699999999986,3401.4599999999987,0
2002-11-07T00:00:00+00:00,3401.4599999999987,3488.8899999999985,3326.299999999999,3344.239999999999,0
2002-11-08T00:00:00+00:00,3344.239999999999,3380.239999999999,3176.1699999999987,3201.3899999999985,0
2002-11-12T00:00:00+00:00,3201.3899999999985,3201.3899999999985,3130.5699999999983,3167.1999999999985,0
2002-11-13T00:00:00+00:00,3167.1999999999985,3256.7199999999984,3152.0299999999984,3242.9399999999987,0
2002-11-14T00:00:00+00:00,3242.9399999999987,3267.559999999999,3134.089999999999,3212.659999999999,0
2002-11-15T00:00:00+00:00,3212.659999999999,3341.029999999999,3185.0799999999986,3337.7499999999986,0
2002-11-19T00:00:00+00:00,3337.7499999999986,3403.8599999999988,3326.839999999999,3360.139999999999,0
2002-11-20T00:00:00+00:00,3360.139999999999,3376.3599999999988,3299.159999999999,3361.3099999999986,0
2002-11-21T00:00:00+00:00,3361.3099999999986,3375.869999999999,3268.1099999999988,3364.0799999999986,0
2002-11-22T00:00:00+00:00,3364.0799999999986,3452.3699999999985,3364.0799999999986,3452.1699999999987,0
2002-11-26T00:00:00+00:00,3452.1699999999987,3494.9799999999987,3407.9799999999987,3428.6299999999983,0
2002-11-27T00:00:00+00:00,3428.6299999999983,3462.5499999999984,3312.3199999999983,3320.6499999999983,0
2002-11-28T00:00:00+00:00,3320.6499999999983,3482.3199999999983,3285.1199999999985,3482.3199999999983,0
2002-11-29T00:00:00+00:00,3482.3199999999983,3516.729999999998,3445.1799999999985,3500.4999999999986,0
2002-12-03T00:00:00+00:00,3500.4999999999986,3644.5999999999985,3500.4999999999986,3547.9699999999984,0
2002-12-04T00:00:00+00:00,3547.9699999999984,3569.789999999998,3437.4699999999984,3439.329999999998,0
2002-12-05T00:00:00+00:00,3439.329999999998,3494.669999999998,3399.109999999998,3484.279999999998,0
2002-12-06T00:00:00+00:00,3484.279999999998,3542.799999999998,3345.649999999998,3381.2699999999977,0
2002-12-10T00:00:00+00:00,3381.2699999999977,3398.3299999999977,3240.4799999999977,3240.4799999999977,0
2002-12-11T00:00:00+00:00,3240.4799999999977,3351.569999999998,3240.4799999999977,3345.5999999999976,0
2002-12-12T00:00:00+00:00,3345.5999999999976,3391.7599999999975,3313.5099999999975,3375.189999999998,0
2002-12-13T00:00:00+00:00,3375.189999999998,3390.189999999998,3279.859999999998,3293.4799999999977,0
2002-12-17T00:00:00+00:00,3293.4799999999977,3424.2599999999975,3248.7099999999973,3424.2599999999975,0
2002-12-18T00:00:00+00:00,3424.2599999999975,3437.0099999999975,3350.6999999999975,3354.579999999997,0
2002-12-19T00:00:00+00:00,3354.579999999997,3354.579999999997,3241.2299999999973,3241.2299999999973,0
2002-12-20T00:00:00+00:00,3241.2299999999973,3308.5699999999974,3135.119999999997,3170.659999999997,0
2002-12-24T00:00:00+00:00,3170.659999999997,3196.639999999997,3110.1299999999974,3149.1899999999973,0
2002-12-31T00:00:00+00:00,2838.87,2900.95,2836.01,2892.63,0
2003-01-03T00:00:00+00:00,2898.68,3105.04,2898.68,3105.04,0
2003-01-07T00:00:00+00:00,3105.04,3161.12,3037.64,3161.12,0
2003-01-08T00:00:00+00:00,3161.12,3161.12,3074.23,3117.33,0
2003-01-09T00:00:00+00:00,3117.33,3117.33,3002.31,3002.31,0
2003-01-10T00:00:00+00:00,3002.31,3045.71,2935,3039.75,0
2003-01-14T00:00:00+00:00,3039.75,3126.96,3039.75,3060.4900000000002,0
2003-01-15T00:00:00+00:00,3060.4900000000002,3138.3300000000004,3052.2900000000004,3095.7200000000003,0
2003-01-16T00:00:00+00:00,3095.7200000000003,3133.77,3025.05,3037.51,0
2003-01-17T00:00:00+00:00,3037.51,3070.5400000000004,3013.5900000000006,3044.3800000000006,0
2003-01-21T00:00:00+00:00,3044.3800000000006,3083.580000000001,3009.7300000000005,3010.350000000001,0
2003-01-22T00:00:00+00:00,3010.350000000001,3065.2200000000007,2969.810000000001,2980.040000000001,0
2003-01-23T00:00:00+00:00,2980.040000000001,3011.170000000001,2879.250000000001,2916.940000000001,0
2003-01-24T00:00:00+00:00,2916.940000000001,2975.400000000001,2889.5300000000007,2924.0300000000007,0
2003-01-28T00:00:00+00:00,2924.0300000000007,2935.890000000001,2823.2800000000007,2851.4100000000008,0
2003-01-29T00:00:00+00:00,2851.4100000000008,2906.6700000000005,2817.4900000000007,2872.810000000001,0
2003-01-30T00:00:00+00:00,2872.810000000001,2948.2200000000007,2769.040000000001,2911.690000000001,0
2003-01-31T00:00:00+00:00,2911.690000000001,2942.770000000001,2865.370000000001,2893.630000000001,0
2003-02-04T00:00:00+00:00,2893.630000000001,2946.1600000000008,2878.810000000001,2895.2200000000007,0
2003-02-05T00:00:00+00:00,2895.2200000000007,2895.2200000000007,2763.3200000000006,2778.1600000000008,0
2003-02-06T00:00:00+00:00,2778.1600000000008,2889.420000000001,2736.190000000001,2877.190000000001,0
2003-02-07T00:00:00+00:00,2877.190000000001,2883.250000000001,2780.730000000001,2812.070000000001,0
2003-02-11T00:00:00+00:00,2812.070000000001,2831.810000000001,2767.710000000001,2824.900000000001,0
2003-02-12T00:00:00+00:00,2824.900000000001,2895.9100000000008,2816.4300000000007,2858.750000000001,0
2003-02-13T00:00:00+00:00,2858.750000000001,2858.750000000001,2802.320000000001,2808.550000000001,0
2003-02-14T00:00:00+00:00,2808.550000000001,2841.0400000000013,2776.6400000000012,2796.8700000000013,0
2003-02-18T00:00:00+00:00,2796.8700000000013,2835.6900000000014,2793.340000000001,2822.360000000001,0
2003-02-19T00:00:00+00:00,2822.360000000001,2864.870000000001,2788.7000000000007,2854.9300000000007,0
2003-02-20T00:00:00+00:00,2854.9300000000007,2854.9300000000007,2737.0300000000007,2744.770000000001,0
2003-02-21T00:00:00+00:00,2744.770000000001,2782.7800000000007,2689.2400000000007,2704.550000000001,0
2003-02-25T00:00:00+00:00,2704.550000000001,2704.6100000000015,2627.410000000001,2627.410000000001,0
2003-02-26T00:00:00+00:00,2627.410000000001,2627.410000000001,2513.0200000000013,2549.5400000000013,0
2003-02-27T00:00:00+00:00,2549.5400000000013,2579.470000000001,2493.7700000000013,2510.820000000001,0
2003-02-28T00:00:00+00:00,2510.820000000001,2570.890000000001,2493.120000000001,2570.7000000000007,0
2003-03-04T00:00:00+00:00,2570.7000000000007,2617.720000000001,2552.260000000001,2566.610000000001,0
2003-03-05T00:00:00+00:00,2566.610000000001,2566.610000000001,2501.860000000001,2525.8300000000013,0
2003-03-06T00:00:00+00:00,2525.8300000000013,2570.430000000001,2486.7700000000013,2528.3900000000012,0
2003-03-07T00:00:00+00:00,2528.3900000000012,2559.3800000000015,2461.0700000000015,2465.2600000000016,0
2003-03-11T00:00:00+00:00,2465.2600000000016,2475.9200000000014,2356.7500000000014,2356.9800000000014,0
2003-03-12T00:00:00+00:00,2356.9800000000014,2381.050000000001,2291.5400000000013,2338.2700000000013,0
2003-03-13T00:00:00+00:00,2338.2700000000013,2357.8100000000013,2226.910000000001,2241.1200000000013,0
2003-03-14T00:00:00+00:00,2241.1200000000013,2391.4600000000014,2241.1200000000013,2391.4600000000014,0
2003-03-18T00:00:00+00:00,2391.4600000000014,2513.8900000000012,2321.220000000001,2480.470000000001,0
2003-03-19T00:00:00+00:00,2480.470000000001,2614.670000000001,2480.470000000001,2574.300000000001,0
2003-03-20T00:00:00+00:00,2574.300000000001,2672.360000000001,2521.860000000001,2612.560000000001,0
2003-03-21T00:00:00+00:00,2612.560000000001,2662.3000000000006,2556.7100000000005,2609.6500000000005,0
2003-03-25T00:00:00+00:00,2609.6500000000005,2609.6500000000005,2445.4000000000005,2445.4000000000005,0
2003-03-26T00:00:00+00:00,2445.4000000000005,2540.3300000000004,2385.3200000000006,2539.7100000000005,0
2003-03-27T00:00:00+00:00,2539.7100000000005,2585.350000000001,2484.1500000000005,2484.1500000000005,0
2003-03-28T00:00:00+00:00,2484.1500000000005,2490.5600000000004,2412.8400000000006,2484.9300000000007,0
2003-04-01T00:00:00+00:00,2484.9300000000007,2484.9300000000007,2369.540000000001,2396.810000000001,0
2003-04-02T00:00:00+00:00,2396.810000000001,2444.510000000001,2366.290000000001,2420.760000000001,0
2003-04-03T00:00:00+00:00,2420.760000000001,2547.900000000001,2420.760000000001,2547.900000000001,0
2003-04-04T00:00:00+00:00,2547.900000000001,2609.910000000001,2522.1400000000012,2534.760000000001,0
2003-04-08T00:00:00+00:00,2534.760000000001,2694.390000000001,2534.440000000001,2688.940000000001,0
2003-04-09T00:00:00+00:00,2688.940000000001,2699.3700000000013,2630.8100000000013,2657.990000000001,0
2003-04-10T00:00:00+00:00,2657.990000000001,2726.360000000001,2597.6900000000014,2635.470000000001,0
2003-04-11T00:00:00+00:00,2635.470000000001,2668.1500000000015,2590.3000000000015,2601.6000000000013,0
2003-04-15T00:00:00+00:00,2601.6000000000013,2647.3200000000015,2560.2700000000013,2636.7200000000016,0
2003-04-16T00:00:00+00:00,2636.7200000000016,2712.3000000000015,2636.7200000000016,2678.7800000000016,0
2003-04-17T00:00:00+00:00,2678.7800000000016,2751.1400000000017,2660.1300000000015,2660.1300000000015,0
2003-04-18T00:00:00+00:00,2660.1300000000015,2739.7600000000016,2640.9500000000016,2739.5600000000018,0
2003-04-22T00:00:00+00:00,2739.5600000000018,2810.4600000000014,2683.0600000000018,2798.3600000000015,11746
2003-04-23T00:00:00+00:00,2798.3600000000015,2865.2100000000014,2743.8000000000015,2860.9600000000014,0
2003-04-24T00:00:00+00:00,2860.9600000000014,2892.9200000000014,2824.8900000000012,2866.5600000000013,0
2003-04-25T00:00:00+00:00,2866.5600000000013,2868.8900000000012,2779.9800000000014,2790.5600000000013,0
2003-04-29T00:00:00+00:00,2790.5600000000013,2910.0200000000013,2777.450000000001,2910.0200000000013,0
2003-04-30T00:00:00+00:00,2910.0200000000013,2956.6900000000014,2860.8600000000015,2860.8600000000015,0
2003-05-01T00:00:00+00:00,2914.47,2967.08,2914.02,2942.04,0
2003-05-02T00:00:00+00:00,2942.04,3001.2400000000002,2904.7400000000002,2997.7400000000002,12237
2003-05-06T00:00:00+00:00,2997.7400000000002,3045.2600000000007,2984.7100000000005,3019.0400000000004,0
2003-05-07T00:00:00+00:00,3019.0400000000004,3083.59,2994.26,3083.59,0
2003-05-08T00:00:00+00:00,3083.59,3088.26,3012.9700000000003,3025.82,0
2003-05-09T00:00:00+00:00,3025.82,3037.2700000000004,2905.2100000000005,2906.78,0
2003-05-13T00:00:00+00:00,2906.78,2918.36,2817.2500000000005,2882.9000000000005,0
2003-05-14T00:00:00+00:00,2882.9000000000005,2893.32,2824.6400000000003,2851.28,0
2003-05-15T00:00:00+00:00,2851.28,2904.5600000000004,2832.53,2870.3600000000006,0
2003-05-16T00:00:00+00:00,2870.3600000000006,2932.9500000000007,2846.0900000000006,2932.9500000000007,0
2003-05-20T00:00:00+00:00,2932.9500000000007,2932.9500000000007,2797.5900000000006,2807.2500000000005,0
2003-05-21T00:00:00+00:00,2807.2500000000005,2834.4600000000005,2779.4700000000003,2797.9900000000002,0
2003-05-22T00:00:00+00:00,2797.9900000000002,2809.7000000000003,2730.4300000000003,2783.9100000000003,0
2003-05-23T00:00:00+00:00,2783.9100000000003,2822.6500000000005,2775.0700000000006,2822.6500000000005,0
2003-05-27T00:00:00+00:00,2822.6500000000005,2856.390000000001,2813.5100000000007,2829.390000000001,0
2003-05-28T00:00:00+00:00,2829.390000000001,2876.870000000001,2771.1800000000007,2875.330000000001,0
2003-05-29T00:00:00+00:00,2875.330000000001,2948.0100000000007,2875.330000000001,2909.3400000000006,0
2003-05-30T00:00:00+00:00,2909.3400000000006,2963.5900000000006,2892.2600000000007,2901.870000000001,0
2003-06-03T00:00:00+00:00,2901.870000000001,2976.980000000001,2901.870000000001,2975.500000000001,0
2003-06-04T00:00:00+00:00,2975.500000000001,2975.500000000001,2915.8000000000006,2939.460000000001,0
2003-06-05T00:00:00+00:00,2939.460000000001,3008.990000000001,2929.330000000001,2989.190000000001,0
2003-06-06T00:00:00+00:00,2989.190000000001,3008.810000000001,2923.000000000001,2942.300000000001,0
2003-06-10T00:00:00+00:00,2942.300000000001,2950.470000000001,2892.900000000001,2912.470000000001,0
2003-06-11T00:00:00+00:00,2912.470000000001,2973.300000000001,2900.630000000001,2964.200000000001,0
2003-06-12T00:00:00+00:00,2964.200000000001,3010.010000000001,2952.3300000000013,2996.8300000000013,0
2003-06-13T00:00:00+00:00,2996.8300000000013,3069.920000000001,2996.8300000000013,3035.690000000001,0
2003-06-17T00:00:00+00:00,3035.690000000001,3143.390000000001,3001.290000000001,3143.390000000001,0
2003-06-18T00:00:00+00:00,3143.390000000001,3188.730000000001,3131.330000000001,3153.710000000001,0
2003-06-19T00:00:00+00:00,3153.710000000001,3189.740000000001,3137.000000000001,3177.820000000001,0
2003-06-20T00:00:00+00:00,3177.820000000001,3198.0200000000013,3091.0400000000013,3120.6900000000014,0
2003-06-24T00:00:00+00:00,3120.6900000000014,3129.9800000000014,3056.910000000001,3070.1200000000013,0
2003-06-25T00:00:00+00:00,3070.1200000000013,3113.3100000000013,3050.1900000000014,3102.2800000000016,0
2003-06-26T00:00:00+00:00,3102.2800000000016,3122.5300000000016,3065.0800000000017,3083.8700000000017,0
2003-06-27T00:00:00+00:00,3083.8700000000017,3135.5600000000018,3046.5900000000015,3130.1100000000015,0
2003-07-01T00:00:00+00:00,3130.1100000000015,3172.6100000000015,3083.0600000000018,3121.8800000000015,0
2003-07-02T00:00:00+00:00,3121.8800000000015,3121.8800000000015,3024.0200000000013,3051.2200000000016,0
2003-07-03T00:00:00+00:00,3051.2200000000016,3146.1600000000017,3051.2200000000016,3144.1600000000017,0
2003-07-04T00:00:00+00:00,3144.1600000000017,3168.6900000000014,3103.8400000000015,3149.0300000000016,0
2003-07-08T00:00:00+00:00,3149.0300000000016,3263.1000000000017,3149.0300000000016,3236.9600000000014,0
2003-07-09T00:00:00+00:00,3236.9600000000014,3265.3900000000012,3210.7500000000014,3246.4200000000014,0
2003-07-10T00:00:00+00:00,3246.4200000000014,3261.3500000000013,3203.030000000001,3225.720000000001,0
2003-07-11T00:00:00+00:00,3225.720000000001,3225.720000000001,3159.570000000001,3173.5200000000013,0
2003-07-15T00:00:00+00:00,3173.5200000000013,3242.8700000000013,3172.3700000000013,3234.4700000000016,0
2003-07-16T00:00:00+00:00,3234.4700000000016,3272.5200000000013,3215.1300000000015,3227.3200000000015,0
2003-07-17T00:00:00+00:00,3227.3200000000015,3272.900000000002,3200.8200000000015,3229.7800000000016,0
2003-07-18T00:00:00+00:00,3229.7800000000016,3229.7800000000016,3157.8200000000015,3175.6000000000013,0
2003-07-22T00:00:00+00:00,3175.6000000000013,3196.1400000000012,3086.590000000001,3092.530000000001,0
2003-07-23T00:00:00+00:00,3092.530000000001,3119.070000000001,3051.380000000001,3115.340000000001,0
2003-07-24T00:00:00+00:00,3115.340000000001,3130.410000000001,3068.880000000001,3096.1200000000013,0
2003-07-25T00:00:00+00:00,3096.1200000000013,3167.9000000000015,3072.260000000001,3165.1300000000015,0
2003-07-29T00:00:00+00:00,3165.1300000000015,3229.910000000001,3165.1300000000015,3222.2300000000014,0
2003-07-30T00:00:00+00:00,3222.2300000000014,3256.900000000001,3178.3500000000013,3232.840000000001,0
2003-07-31T00:00:00+00:00,3232.840000000001,3263.5600000000013,3210.090000000001,3243.3800000000015,0
2003-08-01T00:00:00+00:00,3243.3800000000015,3298.4900000000016,3210.4900000000016,3298.4900000000016,0
2003-08-05T00:00:00+00:00,3298.4900000000016,3329.3700000000017,3228.7200000000016,3270.0800000000017,0
2003-08-06T00:00:00+00:00,3270.0800000000017,3310.740000000002,3255.1800000000017,3294.340000000002,0
2003-08-07T00:00:00+00:00,3294.340000000002,3294.340000000002,3185.010000000002,3242.510000000002,0
2003-08-08T00:00:00+00:00,3242.510000000002,3242.510000000002,3171.780000000002,3203.900000000002,0
2003-08-12T00:00:00+00:00,3203.900000000002,3232.500000000002,3180.6800000000017,3210.4100000000017,0
2003-08-13T00:00:00+00:00,3210.4100000000017,3267.5800000000017,3210.4100000000017,3249.5300000000016,0
2003-08-14T00:00:00+00:00,3249.5300000000016,3289.9600000000014,3237.2800000000016,3259.8700000000013,0
2003-08-15T00:00:00+00:00,3259.8700000000013,3314.440000000001,3241.240000000001,3314.440000000001,0
2003-08-19T00:00:00+00:00,3314.440000000001,3374.090000000001,3314.440000000001,3374.090000000001,0
2003-08-20T00:00:00+00:00,3374.090000000001,3408.120000000001,3349.480000000001,3367.570000000001,0
2003-08-21T00:00:00+00:00,3367.570000000001,3375.490000000001,3321.700000000001,3361.550000000001,0
2003-08-22T00:00:00+00:00,3361.550000000001,3425.610000000001,3361.550000000001,3425.610000000001,0
2003-08-26T00:00:00+00:00,3425.610000000001,3425.610000000001,3367.730000000001,3378.050000000001,0
2003-08-27T00:00:00+00:00,3378.050000000001,3411.400000000001,3318.0200000000013,3334.6400000000012,0
2003-08-28T00:00:00+00:00,3334.6400000000012,3365.9400000000014,3324.2900000000013,3355.5600000000013,0
2003-08-29T00:00:00+00:00,3355.5600000000013,3399.3300000000013,3334.8700000000013,3361.8600000000015,0
2003-09-02T00:00:00+00:00,3361.8600000000015,3446.3900000000012,3361.8600000000015,3439.740000000001,0
2003-09-03T00:00:00+00:00,3439.740000000001,3458.110000000001,3405.910000000001,3436.850000000001,0
2003-09-04T00:00:00+00:00,3436.850000000001,3523.270000000001,3436.850000000001,3514.110000000001,0
2003-09-05T00:00:00+00:00,3514.110000000001,3546.610000000001,3504.140000000001,3543.860000000001,0
2003-09-09T00:00:00+00:00,3543.860000000001,3587.630000000001,3543.400000000001,3572.5400000000013,0
2003-09-10T00:00:00+00:00,3572.5400000000013,3596.9600000000014,3510.030000000001,3521.0600000000013,0
2003-09-11T00:00:00+00:00,3521.0600000000013,3521.0600000000013,3458.430000000001,3471.130000000001,0
2003-09-12T00:00:00+00:00,3471.130000000001,3512.480000000001,3440.740000000001,3512.480000000001,0
2003-09-16T00:00:00+00:00,3512.480000000001,3547.5300000000007,3506.580000000001,3516.5100000000007,0
2003-09-17T00:00:00+00:00,3516.5100000000007,3562.3800000000006,3502.5700000000006,3558.4500000000007,0
2003-09-18T00:00:00+00:00,3558.4500000000007,3598.3800000000006,3536.9700000000007,3546.190000000001,0
2003-09-19T00:00:00+00:00,3546.190000000001,3606.920000000001,3537.320000000001,3595.330000000001,0
2003-09-23T00:00:00+00:00,3595.330000000001,3595.330000000001,3473.440000000001,3473.440000000001,0
2003-09-24T00:00:00+00:00,3473.440000000001,3497.810000000001,3410.360000000001,3425.060000000001,0
2003-09-25T00:00:00+00:00,3425.060000000001,3461.340000000001,3296.380000000001,3317.740000000001,0
2003-09-26T00:00:00+00:00,3317.740000000001,3374.030000000001,3313.590000000001,3338.470000000001,0
2003-09-30T00:00:00+00:00,3338.470000000001,3379.050000000001,3294.570000000001,3337.8500000000013,0
2003-10-01T00:00:00+00:00,3337.8500000000013,3350.480000000001,3223.130000000001,3277.0400000000013,0
2003-10-02T00:00:00+00:00,3277.0400000000013,3351.110000000001,3238.680000000001,3351.110000000001,0
2003-10-03T00:00:00+00:00,3351.110000000001,3374.810000000001,3288.1600000000008,3296.810000000001,0
2003-10-07T00:00:00+00:00,3296.810000000001,3299.500000000001,3262.280000000001,3287.6600000000008,0
2003-10-08T00:00:00+00:00,3287.6600000000008,3289.1600000000008,3212.760000000001,3235.720000000001,0
2003-10-09T00:00:00+00:00,3235.720000000001,3310.1100000000015,3220.930000000001,3273.3500000000013,0
2003-10-10T00:00:00+00:00,3273.3500000000013,3369.520000000001,3267.460000000001,3360.220000000001,0
2003-10-14T00:00:00+00:00,3360.220000000001,3434.6200000000013,3360.220000000001,3418.480000000001,0
2003-10-15T00:00:00+00:00,3418.480000000001,3442.4300000000007,3379.770000000001,3413.440000000001,0
2003-10-16T00:00:00+00:00,3413.440000000001,3477.190000000001,3412.030000000001,3441.770000000001,0
2003-10-17T00:00:00+00:00,3441.770000000001,3468.010000000001,3397.150000000001,3450.770000000001,0
2003-10-21T00:00:00+00:00,3450.770000000001,3496.870000000001,3426.800000000001,3489.560000000001,0
2003-10-22T00:00:00+00:00,3489.560000000001,3515.710000000001,3459.010000000001,3502.290000000001,0
2003-10-23T00:00:00+00:00,3502.290000000001,3512.660000000001,3430.110000000001,3431.960000000001,0
2003-10-24T00:00:00+00:00,3431.960000000001,3448.000000000001,3368.3900000000012,3442.190000000001,0
2003-10-28T00:00:00+00:00,3442.190000000001,3512.5500000000006,3442.190000000001,3500.2200000000007,0
2003-10-29T00:00:00+00:00,3500.2200000000007,3568.9900000000007,3500.2200000000007,3555.1700000000005,0
2003-10-30T00:00:00+00:00,3555.1700000000005,3584.8300000000004,3541.4400000000005,3573.0700000000006,0
2003-10-31T00:00:00+00:00,3573.0700000000006,3628.850000000001,3536.5400000000004,3592.7300000000005,0
2003-11-04T00:00:00+00:00,3592.7300000000005,3685.3700000000003,3586.8900000000003,3679.6200000000003,0
2003-11-05T00:00:00+00:00,3679.6200000000003,3705.63,3661.3,3678.8,0
2003-11-06T00:00:00+00:00,3678.8,3686.66,3632.35,3659.18,0
2003-11-07T00:00:00+00:00,3659.18,3699.2,3622.79,3673.2599999999998,0
2003-11-11T00:00:00+00:00,3673.2599999999998,3684.2799999999997,3632.24,3641.2299999999996,0
2003-11-12T00:00:00+00:00,3641.2299999999996,3641.2299999999996,3601.7499999999995,3631.6299999999997,0
2003-11-13T00:00:00+00:00,3631.6299999999997,3655.8399999999997,3598.4399999999996,3649.83,0
2003-11-14T00:00:00+00:00,3649.83,3706.7299999999996,3632.7799999999997,3659.12,0
2003-11-18T00:00:00+00:00,3659.12,3659.12,3531.18,3540.77,0
2003-11-19T00:00:00+00:00,3540.77,3563.57,3492.65,3513.9700000000003,0
2003-11-20T00:00:00+00:00,3513.9700000000003,3513.9700000000003,3448.6100000000006,3506.2900000000004,0
2003-11-21T00:00:00+00:00,3506.2900000000004,3514.0400000000004,3419.1800000000003,3480.7000000000003,0
2003-11-25T00:00:00+00:00,3480.7000000000003,3581.3700000000003,3480.7000000000003,3575.0900000000006,0
2003-11-26T00:00:00+00:00,3575.0900000000006,3598.540000000001,3558.420000000001,3563.7800000000007,0
2003-11-27T00:00:00+00:00,3563.7800000000007,3618.8600000000006,3545.4700000000007,3545.4700000000007,0
2003-11-28T00:00:00+00:00,3545.4700000000007,3559.9500000000007,3533.0200000000004,3548.8300000000004,0
2003-12-02T00:00:00+00:00,3548.8300000000004,3625.5700000000006,3548.8300000000004,3617.3100000000004,0
2003-12-03T00:00:00+00:00,3617.3100000000004,3633.7600000000007,3584.6000000000004,3604.9300000000007,0
2003-12-04T00:00:00+00:00,3604.9300000000007,3672.2900000000004,3598.390000000001,3672.2900000000004,0
2003-12-05T00:00:00+00:00,3672.2900000000004,3695.6100000000006,3648.8100000000004,3675.5700000000006,0
2003-12-09T00:00:00+00:00,3675.5700000000006,3675.5700000000006,3619.4100000000008,3647.2200000000007,0
2003-12-10T00:00:00+00:00,3647.2200000000007,3712.7500000000005,3647.2200000000007,3680.4800000000005,0
2003-12-11T00:00:00+00:00,3680.4800000000005,3686.5400000000004,3636.6100000000006,3659.5300000000007,0
2003-12-12T00:00:00+00:00,3659.5300000000007,3690.650000000001,3653.2400000000007,3685.1600000000008,0
2003-12-16T00:00:00+00:00,3685.1600000000008,3748.500000000001,3685.1600000000008,3693.7100000000005,0
2003-12-17T00:00:00+00:00,3693.7100000000005,3709.5200000000004,3666.8300000000004,3696.8700000000003,0
2003-12-18T00:00:00+00:00,3696.8700000000003,3706.7800000000007,3667.6700000000005,3674.2800000000007,0
2003-12-19T00:00:00+00:00,3674.2800000000007,3705.8500000000004,3650.6700000000005,3697.8400000000006,0
2003-12-23T00:00:00+00:00,3697.8400000000006,3715.5800000000004,3676.7300000000005,3683.1100000000006,0
2003-12-24T00:00:00+00:00,3683.1100000000006,3712.270000000001,3683.1100000000006,3702.350000000001,0
2003-12-30T00:00:00+00:00,3702.350000000001,3752.0100000000007,3702.350000000001,3747.5000000000005,0
2003-12-31T00:00:00+00:00,3957.93,3996.28,3957.93,3965.16,0
2004-01-02T00:00:00+00:00,3965.16,4018.66,3965.16,4013.7599999999998,5504
2004-01-06T00:00:00+00:00,4013.7599999999998,4034.7999999999997,3995.3099999999995,4029.72,0
2004-01-07T00:00:00+00:00,4029.72,4038.33,3994.7799999999997,4026.74,0
2004-01-08T00:00:00+00:00,4026.74,4038.0799999999995,3973.0399999999995,3991.49,0
2004-01-09T00:00:00+00:00,3991.49,4048.8099999999995,3991.49,4023.7699999999995,0
2004-01-13T00:00:00+00:00,4023.7699999999995,4023.7699999999995,3993.9099999999994,4009.629999999999,0
2004-01-14T00:00:00+00:00,4009.629999999999,4036.4499999999994,3993.3899999999994,3998.999999999999,0
2004-01-15T00:00:00+00:00,3998.999999999999,4061.899999999999,3985.999999999999,4060.879999999999,0
2004-01-16T00:00:00+00:00,4060.879999999999,4094.869999999999,4040.159999999999,4081.999999999999,0
2004-01-20T00:00:00+00:00,4081.999999999999,4121.829999999999,4081.999999999999,4110.029999999999,0
2004-01-21T00:00:00+00:00,4110.029999999999,4124.779999999999,4070.239999999999,4075.1099999999988,0
2004-01-22T00:00:00+00:00,4075.1099999999988,4103.509999999998,4064.9399999999987,4103.509999999998,0
2004-01-23T00:00:00+00:00,4103.509999999998,4130.959999999998,4088.699999999998,4099.329999999998,0
2004-01-27T00:00:00+00:00,4099.329999999998,4099.329999999998,4063.3099999999977,4075.9199999999983,0
2004-01-28T00:00:00+00:00,4075.9199999999983,4109.539999999998,4063.1799999999985,4068.4799999999987,0
2004-01-29T00:00:00+00:00,4068.4799999999987,4101.169999999999,4049.959999999999,4094.2299999999987,0
2004-01-30T00:00:00+00:00,4094.2299999999987,4103.289999999999,4068.699999999999,4072.3599999999988,0
2004-02-03T00:00:00+00:00,4072.3599999999988,4096.779999999999,4055.869999999999,4081.1699999999987,0
2004-02-04T00:00:00+00:00,4081.1699999999987,4082.549999999999,4025.7499999999986,4064.259999999999,0
2004-02-05T00:00:00+00:00,4064.259999999999,4064.259999999999,4022.979999999999,4042.549999999999,0
2004-02-06T00:00:00+00:00,4042.549999999999,4072.0799999999986,4026.7099999999987,4031.9399999999987,0
2004-02-10T00:00:00+00:00,4031.9399999999987,4083.0399999999986,4031.9399999999987,4079.549999999999,0
2004-02-11T00:00:00+00:00,4079.549999999999,4093.5799999999986,4062.1299999999987,4089.599999999999,0
2004-02-12T00:00:00+00:00,4089.599999999999,4103.299999999999,4078.849999999999,4099.869999999999,0
2004-02-13T00:00:00+00:00,4099.869999999999,4112.259999999999,4068.0099999999993,4083.3499999999985,0
2004-02-17T00:00:00+00:00,4083.3499999999985,4098.8499999999985,4068.8799999999983,4098.8499999999985,0
2004-02-18T00:00:00+00:00,4098.8499999999985,4124.879999999999,4095.7299999999987,4120.939999999999,0
2004-02-19T00:00:00+00:00,4120.939999999999,4135.709999999999,4109.499999999999,4119.549999999999,0
2004-02-20T00:00:00+00:00,4119.549999999999,4166.969999999999,4119.549999999999,4161.159999999999,0
2004-02-24T00:00:00+00:00,4161.159999999999,4193.129999999999,4152.299999999999,4155.759999999998,0
2004-02-25T00:00:00+00:00,4155.759999999998,4155.759999999998,4055.7199999999984,4079.2699999999986,0
2004-02-26T00:00:00+00:00,4079.2699999999986,4093.9999999999986,4046.3799999999983,4081.3099999999986,0
2004-02-27T00:00:00+00:00,4081.3099999999986,4092.2299999999987,4046.719999999999,4080.7299999999987,0
2004-03-02T00:00:00+00:00,4080.7299999999987,4115.6399999999985,4080.7299999999987,4108.969999999998,0
2004-03-03T00:00:00+00:00,4108.969999999998,4152.949999999999,4108.969999999998,4152.229999999999,0
2004-03-04T00:00:00+00:00,4152.229999999999,4159.749999999998,4121.449999999999,4135.039999999999,0
2004-03-05T00:00:00+00:00,4135.039999999999,4196.58,4135.039999999999,4191.509999999998,0
2004-03-09T00:00:00+00:00,4191.509999999998,4223.359999999998,4191.509999999998,4206.159999999998,0
2004-03-10T00:00:00+00:00,4206.159999999998,4206.159999999998,4139.209999999999,4149.729999999999,0
2004-03-11T00:00:00+00:00,4149.729999999999,4149.729999999999,4096.899999999999,4116.789999999999,0
2004-03-12T00:00:00+00:00,4116.789999999999,4116.789999999999,3951.869999999999,3981.2299999999987,0
2004-03-16T00:00:00+00:00,3981.2299999999987,3982.4899999999984,3880.5599999999986,3883.3799999999987,0
2004-03-17T00:00:00+00:00,3883.3799999999987,3923.509999999999,3847.6099999999988,3894.8699999999985,0
2004-03-18T00:00:00+00:00,3894.8699999999985,3969.459999999998,3894.8699999999985,3963.3999999999983,0
2004-03-19T00:00:00+00:00,3963.3999999999983,3967.759999999998,3886.8999999999983,3892.449999999998,0
2004-03-23T00:00:00+00:00,3892.449999999998,3892.449999999998,3786.0999999999976,3819.149999999998,0
2004-03-24T00:00:00+00:00,3819.149999999998,3869.039999999998,3811.609999999998,3825.019999999998,0
2004-03-25T00:00:00+00:00,3825.019999999998,3851.159999999998,3785.119999999998,3818.789999999998,0
2004-03-26T00:00:00+00:00,3818.789999999998,3900.949999999998,3818.789999999998,3900.949999999998,0
2004-03-30T00:00:00+00:00,3900.949999999998,3959.269999999998,3896.579999999998,3954.159999999998,0
2004-03-31T00:00:00+00:00,3954.159999999998,3957.419999999998,3919.329999999998,3947.799999999998,0
2004-04-01T00:00:00+00:00,3947.799999999998,3972.3799999999983,3911.4399999999982,3928.029999999998,0
2004-04-02T00:00:00+00:00,3928.029999999998,3998.319999999998,3926.7299999999977,3994.5399999999977,0
2004-04-06T00:00:00+00:00,3994.5399999999977,4038.3899999999976,3985.7799999999975,4027.9099999999976,0
2004-04-07T00:00:00+00:00,4027.9099999999976,4028.8699999999976,3973.8899999999976,3985.9699999999975,0
2004-04-08T00:00:00+00:00,3985.9699999999975,4010.8699999999976,3962.6999999999975,3963.4199999999973,0
2004-04-09T00:00:00+00:00,3963.4199999999973,3991.1499999999974,3937.4299999999976,3946.3899999999976,0
2004-04-13T00:00:00+00:00,3946.3899999999976,4016.2899999999972,3946.3899999999976,3969.9899999999975,7995
2004-04-14T00:00:00+00:00,3969.9899999999975,4048.1299999999974,3969.9899999999975,4025.3199999999974,0
2004-04-15T00:00:00+00:00,4025.3199999999974,4025.3199999999974,3936.4299999999976,3979.1799999999976,0
2004-04-16T00:00:00+00:00,3979.1799999999976,4002.2299999999977,3957.1199999999976,3972.5199999999977,0
2004-04-20T00:00:00+00:00,3972.5199999999977,3980.1999999999975,3935.109999999998,3964.589999999998,0
2004-04-21T00:00:00+00:00,3964.589999999998,4013.5799999999977,3964.589999999998,3991.439999999998,0
2004-04-22T00:00:00+00:00,3991.439999999998,3996.229999999998,3954.269999999998,3967.119999999998,0
2004-04-23T00:00:00+00:00,3967.119999999998,3986.579999999998,3926.199999999998,3982.8999999999983,0
2004-04-27T00:00:00+00:00,3982.8999999999983,4033.8199999999983,3982.8999999999983,4002.759999999998,0
2004-04-28T00:00:00+00:00,4002.759999999998,4029.1499999999983,3990.929999999998,4012.1699999999987,0
2004-04-29T00:00:00+00:00,4012.1699999999987,4015.5399999999986,3944.269999999999,3947.4199999999987,0
2004-04-30T00:00:00+00:00,3947.4199999999987,3958.1199999999985,3883.1699999999987,3905.0799999999986,0
2004-05-04T00:00:00+00:00,3905.0799999999986,3943.6399999999985,3877.7199999999984,3939.8499999999985,0
2004-05-05T00:00:00+00:00,3939.8499999999985,3956.2799999999984,3913.7799999999984,3928.3199999999983,0
2004-05-06T00:00:00+00:00,3928.3199999999983,3981.9799999999987,3916.9499999999985,3974.7599999999984,0
2004-05-07T00:00:00+00:00,3974.7599999999984,3975.8499999999985,3863.4399999999987,3872.3899999999985,0
2004-05-11T00:00:00+00:00,3872.3899999999985,3872.3899999999985,3753.7699999999986,3762.0199999999986,0
2004-05-12T00:00:00+00:00,3762.0199999999986,3821.8299999999986,3762.0199999999986,3821.1499999999987,0
2004-05-13T00:00:00+00:00,3821.1499999999987,3826.1999999999985,3744.339999999999,3750.6999999999985,0
2004-05-14T00:00:00+00:00,3750.6999999999985,3795.9799999999987,3748.6999999999985,3793.8799999999983,0
2004-05-18T00:00:00+00:00,3793.8799999999983,3793.8799999999983,3702.4299999999985,3746.7799999999984,0
2004-05-19T00:00:00+00:00,3746.7799999999984,3786.6499999999983,3743.979999999998,3779.159999999998,0
2004-05-20T00:00:00+00:00,3779.159999999998,3862.8799999999983,3779.159999999998,3851.9899999999984,0
2004-05-21T00:00:00+00:00,3851.9899999999984,3851.9899999999984,3808.3999999999983,3835.6799999999985,0
2004-05-25T00:00:00+00:00,3835.6799999999985,3894.7499999999986,3835.6799999999985,3861.1099999999988,0
2004-05-26T00:00:00+00:00,3861.1099999999988,3861.1099999999988,3811.449999999999,3829.539999999999,0
2004-05-27T00:00:00+00:00,3829.539999999999,3900.129999999999,3829.539999999999,3866.3399999999992,0
2004-05-28T00:00:00+00:00,3866.3399999999992,3920.929999999999,3866.3399999999992,3907.639999999999,0
2004-06-01T00:00:00+00:00,3907.639999999999,3931.199999999999,3901.649999999999,3924.659999999999,0
2004-06-02T00:00:00+00:00,3924.659999999999,3930.239999999999,3856.3999999999987,3864.5399999999986,0
2004-06-03T00:00:00+00:00,3864.5399999999986,3913.3299999999986,3864.5399999999986,3883.9099999999985,0
2004-06-04T00:00:00+00:00,3883.9099999999985,3911.2999999999984,3864.4799999999987,3910.7199999999984,0
2004-06-08T00:00:00+00:00,3910.7199999999984,3962.3499999999985,3910.7199999999984,3955.0799999999986,0
2004-06-09T00:00:00+00:00,3955.0799999999986,3974.0599999999986,3936.4099999999985,3952.2399999999984,0
2004-06-10T00:00:00+00:00,3952.2399999999984,3964.3099999999986,3918.4899999999984,3925.6099999999988,0
2004-06-11T00:00:00+00:00,3925.6099999999988,3955.799999999999,3920.929999999999,3950.0399999999986,0
2004-06-15T00:00:00+00:00,3950.0399999999986,3950.0399999999986,3880.5999999999985,3890.0799999999986,0
2004-06-16T00:00:00+00:00,3890.0799999999986,3939.3399999999983,3877.0299999999984,3931.2099999999987,0
2004-06-17T00:00:00+00:00,3931.2099999999987,3954.9399999999987,3931.2099999999987,3943.3699999999985,0
2004-06-18T00:00:00+00:00,3943.3699999999985,3964.9899999999984,3918.1599999999985,3931.8499999999985,0
2004-06-22T00:00:00+00:00,3931.8499999999985,3952.4599999999987,3901.1499999999987,3912.6599999999985,0
2004-06-23T00:00:00+00:00,3912.6599999999985,3912.6599999999985,3843.6599999999985,3855.6299999999983,0
2004-06-24T00:00:00+00:00,3855.6299999999983,3888.6699999999983,3855.6299999999983,3866.8799999999983,0
2004-06-25T00:00:00+00:00,3866.8799999999983,3925.3399999999983,3866.8799999999983,3919.7199999999984,0
2004-06-29T00:00:00+00:00,3919.7199999999984,3979.479999999998,3907.3999999999983,3972.249999999998,0
2004-06-30T00:00:00+00:00,3972.249999999998,3990.3999999999983,3954.549999999998,3974.059999999998,0
2004-07-01T00:00:00+00:00,3974.059999999998,3994.739999999998,3956.719999999998,3956.719999999998,0
2004-07-02T00:00:00+00:00,3956.719999999998,3979.8799999999983,3904.919999999998,3913.379999999998,0
2004-07-06T00:00:00+00:00,3913.379999999998,3926.7299999999977,3906.3499999999976,3910.919999999998,0
2004-07-07T00:00:00+00:00,3910.919999999998,3917.4799999999977,3845.299999999998,3854.259999999998,0
2004-07-08T00:00:00+00:00,3854.259999999998,3868.7899999999977,3832.359999999998,3840.4799999999977,0
2004-07-09T00:00:00+00:00,3840.4799999999977,3856.0499999999975,3813.7899999999977,3853.5399999999977,0
2004-07-13T00:00:00+00:00,3853.5399999999977,3870.069999999998,3826.419999999998,3835.2399999999975,0
2004-07-14T00:00:00+00:00,3835.2399999999975,3857.1699999999973,3830.0699999999974,3841.8099999999977,0
2004-07-15T00:00:00+00:00,3841.8099999999977,3846.0799999999977,3798.5899999999974,3846.0799999999977,0
2004-07-16T00:00:00+00:00,3846.0799999999977,3846.0799999999977,3795.069999999998,3795.069999999998,0
2004-07-20T00:00:00+00:00,3795.069999999998,3795.839999999998,3762.669999999998,3762.669999999998,0
2004-07-21T00:00:00+00:00,3762.669999999998,3793.0399999999977,3738.649999999998,3790.9099999999976,0
2004-07-22T00:00:00+00:00,3790.9099999999976,3840.689999999998,3790.9099999999976,3818.7499999999977,0
2004-07-23T00:00:00+00:00,3818.7499999999977,3818.7499999999977,3747.8299999999977,3752.589999999998,0
2004-07-27T00:00:00+00:00,3752.589999999998,3768.309999999998,3705.969999999998,3709.519999999998,0
2004-07-28T00:00:00+00:00,3709.519999999998,3769.209999999998,3709.519999999998,3768.1699999999983,0
2004-07-29T00:00:00+00:00,3768.1699999999983,3795.789999999998,3736.869999999998,3746.3399999999983,0
2004-07-30T00:00:00+00:00,3746.3399999999983,3826.329999999998,3746.3399999999983,3820.659999999998,0
2004-08-03T00:00:00+00:00,3820.659999999998,3820.659999999998,3771.209999999998,3792.1899999999982,0
2004-08-04T00:00:00+00:00,3792.1899999999982,3814.8299999999986,3787.8399999999983,3800.3699999999985,0
2004-08-05T00:00:00+00:00,3800.3699999999985,3800.3699999999985,3740.1499999999987,3756.6399999999985,0
2004-08-06T00:00:00+00:00,3756.6399999999985,3781.0299999999984,3751.0599999999986,3751.3999999999987,0
2004-08-10T00:00:00+00:00,3751.3999999999987,3761.4399999999987,3690.9399999999987,3715.2199999999984,0
2004-08-11T00:00:00+00:00,3715.2199999999984,3744.9199999999983,3709.5299999999984,3744.249999999998,0
2004-08-12T00:00:00+00:00,3744.249999999998,3753.089999999998,3658.599999999998,3700.549999999998,0
2004-08-13T00:00:00+00:00,3700.549999999998,3725.219999999998,3649.339999999998,3674.999999999998,0
2004-08-17T00:00:00+00:00,3674.999999999998,3735.329999999998,3650.499999999998,3731.0299999999984,0
2004-08-18T00:00:00+00:00,3731.0299999999984,3770.6599999999985,3714.039999999998,3740.5499999999984,0
2004-08-19T00:00:00+00:00,3740.5499999999984,3764.159999999998,3713.679999999998,3762.249999999998,0
2004-08-20T00:00:00+00:00,3762.249999999998,3790.8899999999985,3738.479999999998,3755.369999999998,0
2004-08-24T00:00:00+00:00,3755.369999999998,3815.509999999998,3755.369999999998,3805.279999999998,0
2004-08-25T00:00:00+00:00,3805.279999999998,3834.0799999999977,3800.5799999999977,3805.189999999998,0
2004-08-26T00:00:00+00:00,3805.189999999998,3816.819999999998,3785.839999999998,3803.939999999998,0
2004-08-27T00:00:00+00:00,3803.939999999998,3846.679999999998,3803.939999999998,3839.639999999998,0
2004-08-31T00:00:00+00:00,3839.639999999998,3843.779999999998,3809.589999999998,3829.689999999998,0
2004-09-01T00:00:00+00:00,3829.689999999998,3829.689999999998,3778.139999999998,3785.159999999998,0
2004-09-02T00:00:00+00:00,3785.159999999998,3818.859999999998,3783.239999999998,3808.609999999998,0
2004-09-03T00:00:00+00:00,3808.609999999998,3838.1499999999983,3791.599999999998,3827.069999999998,0
2004-09-07T00:00:00+00:00,3827.069999999998,3851.239999999998,3827.069999999998,3847.199999999998,0
2004-09-08T00:00:00+00:00,3847.199999999998,3863.769999999998,3832.1899999999982,3847.699999999998,0
2004-09-09T00:00:00+00:00,3847.699999999998,3855.739999999998,3832.409999999998,3841.169999999998,0
2004-09-10T00:00:00+00:00,3841.169999999998,3841.169999999998,3809.239999999998,3824.419999999998,0
2004-09-14T00:00:00+00:00,3824.419999999998,3887.439999999998,3824.419999999998,3887.439999999998,0
2004-09-15T00:00:00+00:00,3887.439999999998,3887.989999999998,3866.209999999998,3880.699999999998,0
2004-09-16T00:00:00+00:00,3880.699999999998,3902.1399999999976,3859.469999999998,3872.899999999998,0
2004-09-17T00:00:00+00:00,3872.899999999998,3899.4699999999975,3872.2899999999977,3894.9799999999977,0
2004-09-21T00:00:00+00:00,3894.9799999999977,3894.9799999999977,3862.8099999999977,3886.3299999999977,0
2004-09-22T00:00:00+00:00,3886.3299999999977,3907.7599999999975,3877.8899999999976,3900.2799999999975,0
2004-09-23T00:00:00+00:00,3900.2799999999975,3909.8999999999974,3846.189999999998,3852.7799999999975,0
2004-09-24T00:00:00+00:00,3852.7799999999975,3854.689999999998,3820.4999999999977,3831.0299999999975,0
2004-09-28T00:00:00+00:00,3831.0299999999975,3831.0299999999975,3784.6599999999976,3799.6599999999976,0
2004-09-29T00:00:00+00:00,3799.6599999999976,3821.0099999999975,3780.439999999998,3814.4299999999976,0
2004-09-30T00:00:00+00:00,3814.4299999999976,3874.9699999999975,3814.4299999999976,3851.1999999999975,0
2004-10-01T00:00:00+00:00,3851.1999999999975,3867.2699999999973,3804.4399999999973,3809.5099999999975,0
2004-10-05T00:00:00+00:00,3809.5099999999975,3863.1399999999976,3809.5099999999975,3837.149999999998,0
2004-10-06T00:00:00+00:00,3837.149999999998,3881.3499999999976,3826.5999999999976,3851.5599999999977,0
2004-10-07T00:00:00+00:00,3851.5599999999977,3867.4499999999975,3835.9999999999973,3854.9199999999973,0
2004-10-08T00:00:00+00:00,3854.9199999999973,3869.309999999997,3826.2399999999975,3835.3399999999974,0
2004-10-12T00:00:00+00:00,3835.3399999999974,3850.4999999999973,3828.4399999999973,3841.3299999999977,0
2004-10-13T00:00:00+00:00,3841.3299999999977,3841.3299999999977,3773.8499999999976,3796.589999999998,0
2004-10-14T00:00:00+00:00,3796.589999999998,3843.7899999999977,3796.589999999998,3804.119999999998,0
2004-10-15T00:00:00+00:00,3804.119999999998,3804.119999999998,3771.679999999998,3783.239999999998,0
2004-10-19T00:00:00+00:00,3783.239999999998,3794.129999999998,3754.339999999998,3771.899999999998,0
2004-10-20T00:00:00+00:00,3771.899999999998,3810.609999999998,3771.899999999998,3791.289999999998,0
2004-10-21T00:00:00+00:00,3791.289999999998,3791.289999999998,3762.649999999998,3785.329999999998,0
2004-10-22T00:00:00+00:00,3785.329999999998,3803.069999999998,3750.849999999998,3790.029999999998,0
2004-10-26T00:00:00+00:00,3790.029999999998,3790.029999999998,3748.529999999998,3763.9599999999978,0
2004-10-27T00:00:00+00:00,3763.9599999999978,3773.3499999999976,3746.0399999999977,3764.719999999998,0
2004-10-28T00:00:00+00:00,3764.719999999998,3811.729999999998,3748.869999999998,3811.729999999998,0
2004-10-29T00:00:00+00:00,3811.729999999998,3835.8499999999985,3807.959999999998,3819.6199999999985,0
2004-11-02T00:00:00+00:00,3819.6199999999985,3876.2899999999986,3817.6899999999987,3871.0799999999986,0
2004-11-03T00:00:00+00:00,3871.0799999999986,3895.6099999999988,3863.8499999999985,3890.819999999999,0
2004-11-04T00:00:00+00:00,3890.819999999999,3902.939999999999,3857.6499999999987,3868.449999999999,0
2004-11-05T00:00:00+00:00,3868.449999999999,3877.219999999999,3849.7099999999987,3877.219999999999,0
2004-11-09T00:00:00+00:00,3877.219999999999,3894.399999999999,3864.999999999999,3882.3599999999988,0
2004-11-10T00:00:00+00:00,3882.3599999999988,3892.7899999999986,3865.7199999999984,3872.0599999999986,0
2004-11-11T00:00:00+00:00,3872.0599999999986,3901.139999999999,3872.0599999999986,3886.759999999999,0
2004-11-12T00:00:00+00:00,3886.759999999999,3946.8499999999985,3883.789999999999,3936.5099999999993,0
2004-11-16T00:00:00+00:00,3936.5099999999993,3945.5599999999986,3903.6899999999987,3907.919999999999,0
2004-11-17T00:00:00+00:00,3907.919999999999,3912.45,3875.2999999999993,3885.6499999999996,0
2004-11-18T00:00:00+00:00,3885.6499999999996,3942.459999999999,3875.2599999999993,3942.459999999999,0
2004-11-19T00:00:00+00:00,3942.459999999999,3966.3499999999995,3935.5899999999992,3953.99,0
2004-11-23T00:00:00+00:00,3953.99,3962.0599999999995,3926.67,3962.0599999999995,0
2004-11-24T00:00:00+00:00,3962.0599999999995,3978.5599999999995,3925.739999999999,3931.709999999999,0
2004-11-25T00:00:00+00:00,3931.709999999999,3931.709999999999,3905.7299999999996,3916.7599999999993,0
2004-11-26T00:00:00+00:00,3916.7599999999993,3941.249999999999,3910.829999999999,3940.0499999999993,0
2004-11-30T00:00:00+00:00,3940.0499999999993,3998.209999999999,3926.1399999999985,3926.1399999999985,0
2004-12-01T00:00:00+00:00,3926.1399999999985,3930.039999999999,3877.999999999998,3890.5199999999986,0
2004-12-02T00:00:00+00:00,3890.5199999999986,3969.6799999999985,3889.5899999999983,3967.999999999998,0
2004-12-03T00:00:00+00:00,3967.999999999998,3993.109999999998,3951.609999999998,3981.6799999999976,0
2004-12-07T00:00:00+00:00,3981.6799999999976,3986.869999999997,3966.7899999999972,3976.3399999999974,0
2004-12-08T00:00:00+00:00,3976.3399999999974,4010.2999999999975,3971.119999999997,3991.4599999999973,0
2004-12-09T00:00:00+00:00,3991.4599999999973,4019.819999999998,3978.939999999998,4007.739999999998,0
2004-12-10T00:00:00+00:00,4007.739999999998,4016.399999999998,3941.029999999998,3960.199999999998,0
2004-12-14T00:00:00+00:00,3960.199999999998,3999.8499999999976,3959.069999999998,3990.0999999999976,0
2004-12-15T00:00:00+00:00,3990.0999999999976,4005.789999999998,3979.9199999999983,3987.039999999998,0
2004-12-16T00:00:00+00:00,3987.039999999998,3991.409999999998,3959.579999999998,3961.3399999999974,0
2004-12-17T00:00:00+00:00,3961.3399999999974,3980.7599999999975,3961.029999999998,3978.689999999998,0
2004-12-21T00:00:00+00:00,3978.689999999998,4028.2099999999973,3976.899999999998,4012.069999999998,0
2004-12-22T00:00:00+00:00,4012.069999999998,4032.2499999999973,4010.0599999999977,4025.029999999998,0
2004-12-23T00:00:00+00:00,4025.029999999998,4044.789999999998,4022.4199999999983,4033.869999999998,0
2004-12-24T00:00:00+00:00,4033.869999999998,4053.499999999998,4033.869999999998,4051.439999999998,0
2004-12-28T00:00:00+00:00,4051.439999999998,4059.2699999999977,4032.3899999999976,4032.3899999999976,0
2004-12-29T00:00:00+00:00,4032.3899999999976,4040.6299999999974,4021.1699999999973,4040.369999999997,0
2004-12-30T00:00:00+00:00,4040.369999999997,4041.989999999997,4009.829999999997,4017.5599999999968,0
2004-12-31T00:00:00+00:00,4254.38,4261.96,4251.06,4256.08,0
2005-01-04T00:00:00+00:00,4256.08,4305.46,4246.53,4286.69,0
2005-01-05T00:00:00+00:00,4286.69,4311.749999999999,4281.61,4295.5599999999995,0
2005-01-06T00:00:00+00:00,4295.5599999999995,4307.999999999999,4275.419999999999,4291.589999999999,0
2005-01-07T00:00:00+00:00,4291.589999999999,4332.209999999999,4291.589999999999,4332.159999999999,0
2005-01-11T00:00:00+00:00,4332.159999999999,4344.679999999999,4311.549999999999,4327.669999999999,0
2005-01-12T00:00:00+00:00,4327.669999999999,4336.19,4269.589999999999,4279.82,0
2005-01-13T00:00:00+00:00,4279.82,4280.5199999999995,4215.419999999999,4230.999999999999,0
2005-01-14T00:00:00+00:00,4230.999999999999,4246.879999999999,4213.409999999999,4224.929999999999,0
2005-01-18T00:00:00+00:00,4224.929999999999,4243.37,4224.929999999999,4234.5,0
2005-01-19T00:00:00+00:00,4234.5,4251.18,4202.7,4245.67,0
2005-01-20T00:00:00+00:00,4245.67,4255.73,4227.04,4231.55,0
2005-01-21T00:00:00+00:00,4231.55,4231.55,4199.75,4221.240000000001,0
2005-01-25T00:00:00+00:00,4221.240000000001,4227.760000000001,4186.700000000001,4227.760000000001,0
2005-01-26T00:00:00+00:00,4227.760000000001,4275.560000000001,4223.730000000001,4268.170000000001,0
2005-01-27T00:00:00+00:00,4268.170000000001,4277.450000000001,4243.9800000000005,4246.490000000001,0
2005-01-28T00:00:00+00:00,4246.490000000001,4260.860000000001,4222.1900000000005,4252.97,0
2005-02-01T00:00:00+00:00,4252.97,4299.52,4252.97,4295.960000000001,0
2005-02-02T00:00:00+00:00,4295.960000000001,4320.3600000000015,4289.000000000001,4319.280000000002,0
2005-02-03T00:00:00+00:00,4319.280000000002,4336.780000000002,4316.630000000001,4333.040000000002,0
2005-02-04T00:00:00+00:00,4333.040000000002,4338.280000000002,4309.300000000002,4317.520000000002,0
2005-02-08T00:00:00+00:00,4317.520000000002,4348.670000000002,4317.520000000002,4341.120000000003,0
2005-02-09T00:00:00+00:00,4341.120000000003,4348.650000000003,4328.500000000003,4343.440000000003,0
2005-02-10T00:00:00+00:00,4343.440000000003,4357.180000000004,4314.420000000004,4323.110000000003,0
2005-02-11T00:00:00+00:00,4323.110000000003,4328.480000000003,4299.530000000003,4302.580000000004,0
2005-02-15T00:00:00+00:00,4302.580000000004,4306.000000000004,4279.730000000004,4293.610000000003,0
2005-02-16T00:00:00+00:00,4293.610000000003,4316.3700000000035,4284.580000000004,4309.310000000003,0
2005-02-17T00:00:00+00:00,4309.310000000003,4309.310000000003,4265.180000000003,4285.290000000004,0
2005-02-18T00:00:00+00:00,4285.290000000004,4302.8700000000035,4274.600000000004,4284.650000000004,0
2005-02-22T00:00:00+00:00,4284.650000000004,4294.590000000004,4263.650000000004,4274.780000000004,0
2005-02-23T00:00:00+00:00,4274.780000000004,4277.5800000000045,4232.030000000004,4250.690000000004,0
2005-02-24T00:00:00+00:00,4250.690000000004,4267.700000000004,4233.050000000005,4267.700000000004,0
2005-02-25T00:00:00+00:00,4267.700000000004,4274.640000000005,4251.5800000000045,4267.250000000005,0
2005-03-01T00:00:00+00:00,4267.250000000005,4282.710000000005,4253.150000000004,4257.400000000004,0
2005-03-02T00:00:00+00:00,4257.400000000004,4300.5800000000045,4247.200000000004,4295.780000000004,0
2005-03-03T00:00:00+00:00,4295.780000000004,4317.500000000005,4284.690000000004,4314.260000000005,0
2005-03-04T00:00:00+00:00,4314.260000000005,4335.420000000005,4307.190000000004,4308.810000000005,0
2005-03-08T00:00:00+00:00,4308.810000000005,4319.350000000005,4301.600000000005,4312.130000000005,0
2005-03-09T00:00:00+00:00,4312.130000000005,4317.910000000005,4283.130000000005,4291.520000000005,0
2005-03-10T00:00:00+00:00,4291.520000000005,4324.820000000005,4261.510000000005,4271.880000000006,0
2005-03-11T00:00:00+00:00,4271.880000000006,4279.0000000000055,4243.800000000006,4251.270000000006,0
2005-03-15T00:00:00+00:00,4251.270000000006,4268.820000000006,4237.560000000007,4264.8400000000065,0
2005-03-16T00:00:00+00:00,4264.8400000000065,4286.6300000000065,4264.300000000007,4282.150000000006,0
2005-03-17T00:00:00+00:00,4282.150000000006,4287.960000000006,4204.570000000006,4212.300000000006,0
2005-03-18T00:00:00+00:00,4212.300000000006,4227.390000000006,4200.270000000006,4220.490000000006,0
2005-03-22T00:00:00+00:00,4220.490000000006,4234.830000000006,4193.410000000006,4194.380000000006,0
2005-03-23T00:00:00+00:00,4194.380000000006,4217.100000000006,4174.890000000006,4213.830000000005,0
2005-03-24T00:00:00+00:00,4213.830000000005,4247.650000000005,4198.0000000000055,4239.650000000005,0
2005-03-25T00:00:00+00:00,4239.650000000005,4262.130000000006,4230.140000000005,4258.010000000006,0
2005-03-29T00:00:00+00:00,4258.010000000006,4267.2100000000055,4215.910000000005,4253.810000000006,5509
2005-03-30T00:00:00+00:00,4253.810000000006,4274.0000000000055,4230.770000000006,4273.740000000006,0
2005-03-31T00:00:00+00:00,4273.740000000006,4295.290000000006,4267.780000000006,4295.290000000006,0
2005-04-01T00:00:00+00:00,4295.290000000006,4302.290000000006,4270.650000000006,4274.790000000006,0
2005-04-05T00:00:00+00:00,4274.790000000006,4276.920000000006,4242.190000000006,4260.3400000000065,0
2005-04-06T00:00:00+00:00,4260.3400000000065,4270.430000000007,4256.570000000007,4266.330000000006,0
2005-04-07T00:00:00+00:00,4266.330000000006,4272.350000000007,4253.980000000007,4272.350000000007,0
2005-04-08T00:00:00+00:00,4272.350000000007,4298.180000000007,4258.780000000006,4293.520000000007,0
2005-04-12T00:00:00+00:00,4293.520000000007,4310.820000000006,4285.190000000006,4300.800000000007,0
2005-04-13T00:00:00+00:00,4300.800000000007,4306.720000000007,4271.170000000006,4277.040000000006,0
2005-04-14T00:00:00+00:00,4277.040000000006,4292.650000000006,4274.760000000007,4287.390000000006,0
2005-04-15T00:00:00+00:00,4287.390000000006,4324.660000000006,4282.650000000006,4303.830000000006,0
2005-04-19T00:00:00+00:00,4303.830000000006,4303.830000000006,4220.4200000000055,4239.760000000006,0
2005-04-20T00:00:00+00:00,4239.760000000006,4254.060000000006,4220.830000000005,4233.110000000005,0
2005-04-21T00:00:00+00:00,4233.110000000005,4242.130000000006,4184.450000000005,4196.540000000005,0
2005-04-22T00:00:00+00:00,4196.540000000005,4247.100000000005,4196.230000000005,4229.980000000005,0
2005-04-26T00:00:00+00:00,4229.980000000005,4264.870000000004,4219.940000000005,4261.970000000005,0
2005-04-27T00:00:00+00:00,4261.970000000005,4262.390000000005,4224.870000000004,4248.680000000005,0
2005-04-28T00:00:00+00:00,4248.680000000005,4248.680000000005,4186.540000000005,4218.050000000006,0
2005-04-29T00:00:00+00:00,4218.050000000006,4228.680000000006,4173.200000000005,4191.430000000006,0
2005-05-03T00:00:00+00:00,4191.430000000006,4218.440000000006,4187.850000000006,4206.820000000006,0
2005-05-04T00:00:00+00:00,4206.820000000006,4222.500000000006,4194.890000000007,4222.370000000006,0
2005-05-05T00:00:00+00:00,4222.370000000006,4237.980000000007,4198.390000000007,4237.530000000007,0
2005-05-06T00:00:00+00:00,4237.530000000007,4272.650000000007,4237.530000000007,4266.0100000000075,0
2005-05-10T00:00:00+00:00,4266.0100000000075,4266.640000000008,4237.960000000008,4252.730000000008,0
2005-05-11T00:00:00+00:00,4252.730000000008,4259.270000000008,4198.350000000008,4204.2200000000075,0
2005-05-12T00:00:00+00:00,4204.2200000000075,4230.620000000007,4189.740000000007,4201.500000000007,0
2005-05-13T00:00:00+00:00,4201.500000000007,4216.970000000007,4191.660000000007,4203.330000000007,0
2005-05-17T00:00:00+00:00,4203.330000000007,4210.390000000008,4188.500000000007,4198.690000000008,0
2005-05-18T00:00:00+00:00,4198.690000000008,4201.330000000008,4157.070000000008,4176.170000000008,0
2005-05-19T00:00:00+00:00,4176.170000000008,4228.3900000000085,4170.810000000009,4226.780000000009,0
2005-05-20T00:00:00+00:00,4226.780000000009,4253.020000000009,4226.1400000000085,4249.030000000009,0
2005-05-24T00:00:00+00:00,4249.030000000009,4276.740000000008,4240.500000000008,4272.960000000008,0
2005-05-25T00:00:00+00:00,4272.960000000008,4274.130000000008,4243.450000000008,4257.1800000000085,0
2005-05-26T00:00:00+00:00,4257.1800000000085,4268.310000000009,4241.070000000008,4253.290000000008,0
2005-05-27T00:00:00+00:00,4253.290000000008,4304.650000000008,4251.000000000008,4298.310000000009,0
2005-05-31T00:00:00+00:00,4298.310000000009,4335.120000000009,4293.460000000008,4333.530000000009,0
2005-06-01T00:00:00+00:00,4333.530000000009,4334.210000000009,4312.730000000009,4314.160000000009,0
2005-06-02T00:00:00+00:00,4314.160000000009,4376.910000000009,4313.880000000009,4374.010000000009,0
2005-06-03T00:00:00+00:00,4374.010000000009,4395.130000000009,4367.340000000009,4384.470000000009,0
2005-06-07T00:00:00+00:00,4384.470000000009,4391.7700000000095,4360.000000000009,4367.140000000009,0
2005-06-08T00:00:00+00:00,4367.140000000009,4429.96000000001,4367.140000000009,4425.54000000001,0
2005-06-09T00:00:00+00:00,4425.54000000001,4440.58000000001,4417.20000000001,4430.74000000001,0
2005-06-10T00:00:00+00:00,4430.74000000001,4448.0200000000095,4415.33000000001,4442.57000000001,0
2005-06-14T00:00:00+00:00,4442.57000000001,4449.49000000001,4412.33000000001,4444.45000000001,0
2005-06-15T00:00:00+00:00,4444.45000000001,4449.45000000001,4429.960000000009,4442.330000000009,0
2005-06-16T00:00:00+00:00,4442.330000000009,4449.150000000009,4378.770000000009,4389.280000000009,0
2005-06-17T00:00:00+00:00,4389.280000000009,4411.320000000009,4379.950000000009,4405.400000000009,0
2005-06-21T00:00:00+00:00,4405.400000000009,4406.510000000009,4363.900000000009,4390.270000000009,0
2005-06-22T00:00:00+00:00,4390.270000000009,4405.990000000009,4385.100000000009,4398.230000000009,0
2005-06-23T00:00:00+00:00,4398.230000000009,4423.530000000009,4386.990000000009,4407.420000000009,0
2005-06-24T00:00:00+00:00,4407.420000000009,4419.970000000009,4386.820000000009,4410.110000000009,0
2005-06-28T00:00:00+00:00,4410.110000000009,4410.110000000009,4380.280000000008,4386.660000000008,0
2005-06-29T00:00:00+00:00,4386.660000000008,4413.330000000008,4384.290000000008,4413.330000000008,0
2005-06-30T00:00:00+00:00,4413.330000000008,4441.200000000008,4404.120000000008,4427.670000000008,0
2005-07-01T00:00:00+00:00,4427.670000000008,4457.320000000008,4426.140000000008,4436.390000000008,0
2005-07-05T00:00:00+00:00,4436.390000000008,4442.880000000008,4425.840000000008,4438.940000000008,0
2005-07-06T00:00:00+00:00,4438.940000000008,4441.600000000008,4395.600000000008,4421.170000000007,0
2005-07-07T00:00:00+00:00,4421.170000000007,4450.560000000008,4421.170000000007,4429.090000000007,0
2005-07-08T00:00:00+00:00,4429.090000000007,4429.090000000007,4278.8000000000075,4364.040000000008,0
2005-07-12T00:00:00+00:00,4364.040000000008,4411.060000000009,4364.040000000008,4411.060000000009,0
2005-07-13T00:00:00+00:00,4411.060000000009,4415.370000000008,4386.910000000008,4402.320000000008,0
2005-07-14T00:00:00+00:00,4402.320000000008,4428.230000000008,4401.330000000008,4425.300000000008,0
2005-07-15T00:00:00+00:00,4425.300000000008,4453.970000000008,4425.300000000008,4437.770000000009,0
2005-07-19T00:00:00+00:00,4437.770000000009,4452.880000000008,4425.470000000008,4439.750000000008,0
2005-07-20T00:00:00+00:00,4439.750000000008,4484.570000000008,4433.320000000008,4484.570000000008,0
2005-07-21T00:00:00+00:00,4484.570000000008,4510.980000000008,4482.620000000008,4509.560000000008,0
2005-07-22T00:00:00+00:00,4509.560000000008,4571.5100000000075,4509.080000000007,4535.660000000007,0
2005-07-26T00:00:00+00:00,4535.660000000007,4545.000000000007,4511.390000000008,4534.670000000007,0
2005-07-27T00:00:00+00:00,4534.670000000007,4557.160000000007,4526.770000000008,4542.370000000007,0
2005-07-28T00:00:00+00:00,4542.370000000007,4556.950000000007,4538.080000000007,4553.660000000007,0
2005-07-29T00:00:00+00:00,4553.660000000007,4583.880000000007,4543.530000000007,4576.090000000007,0
2005-08-02T00:00:00+00:00,4576.090000000007,4606.090000000007,4571.870000000007,4584.5500000000075,0
2005-08-03T00:00:00+00:00,4584.5500000000075,4623.490000000007,4584.310000000008,4622.960000000007,0
2005-08-04T00:00:00+00:00,4622.960000000007,4627.490000000007,4594.060000000008,4615.670000000007,0
2005-08-05T00:00:00+00:00,4615.670000000007,4623.480000000007,4563.5100000000075,4567.140000000008,0
2005-08-09T00:00:00+00:00,4567.140000000008,4592.360000000008,4557.390000000008,4567.950000000007,0
2005-08-10T00:00:00+00:00,4567.950000000007,4641.600000000007,4567.4700000000075,4641.600000000007,0
2005-08-11T00:00:00+00:00,4641.600000000007,4711.400000000006,4641.600000000007,4711.400000000006,0
2005-08-12T00:00:00+00:00,4711.400000000006,4725.870000000005,4682.910000000005,4698.690000000006,0
2005-08-16T00:00:00+00:00,4698.690000000006,4714.800000000006,4679.560000000006,4685.810000000006,0
2005-08-17T00:00:00+00:00,4685.810000000006,4699.540000000006,4622.000000000006,4629.890000000007,0
2005-08-18T00:00:00+00:00,4629.890000000007,4638.860000000007,4598.900000000007,4629.020000000007,0
2005-08-19T00:00:00+00:00,4629.020000000007,4636.560000000007,4586.580000000006,4603.690000000007,0
2005-08-23T00:00:00+00:00,4603.690000000007,4624.360000000007,4599.140000000007,4611.640000000007,0
2005-08-24T00:00:00+00:00,4611.640000000007,4618.020000000007,4583.420000000007,4604.020000000007,0
2005-08-25T00:00:00+00:00,4604.020000000007,4617.710000000007,4571.380000000007,4612.810000000007,0
2005-08-26T00:00:00+00:00,4612.810000000007,4612.810000000007,4574.360000000006,4582.470000000007,0
2005-08-30T00:00:00+00:00,4582.470000000007,4641.770000000006,4552.120000000006,4638.030000000006,0
2005-08-31T00:00:00+00:00,4638.030000000006,4647.190000000006,4594.530000000006,4601.680000000007,0
2005-09-01T00:00:00+00:00,4601.680000000007,4641.280000000006,4597.850000000007,4636.070000000006,0
2005-09-02T00:00:00+00:00,4636.070000000006,4664.300000000007,4606.080000000006,4632.350000000006,0
2005-09-06T00:00:00+00:00,4632.350000000006,4688.640000000006,4629.280000000005,4688.640000000006,0
2005-09-07T00:00:00+00:00,4688.640000000006,4754.6700000000055,4687.150000000005,4753.530000000005,0
2005-09-08T00:00:00+00:00,4753.530000000005,4779.840000000005,4743.290000000005,4763.7500000000055,0
2005-09-09T00:00:00+00:00,4763.7500000000055,4773.110000000005,4741.650000000005,4766.440000000005,0
2005-09-13T00:00:00+00:00,4766.440000000005,4773.340000000006,4717.800000000006,4727.930000000005,0
2005-09-14T00:00:00+00:00,4727.930000000005,4731.510000000005,4637.530000000004,4640.090000000005,0
2005-09-15T00:00:00+00:00,4640.090000000005,4667.7900000000045,4621.210000000005,4644.350000000005,0
2005-09-16T00:00:00+00:00,4644.350000000005,4665.710000000005,4629.2900000000045,4646.480000000004,0
2005-09-20T00:00:00+00:00,4646.480000000004,4667.240000000003,4590.980000000004,4644.470000000004,0
2005-09-21T00:00:00+00:00,4644.470000000004,4677.750000000005,4638.420000000004,4673.300000000004,0
2005-09-22T00:00:00+00:00,4673.300000000004,4673.300000000004,4610.440000000003,4614.960000000004,0
2005-09-23T00:00:00+00:00,4614.960000000004,4629.980000000003,4585.310000000003,4606.460000000004,0
2005-09-27T00:00:00+00:00,4606.460000000004,4668.4500000000035,4606.460000000004,4666.440000000003,0
2005-09-28T00:00:00+00:00,4666.440000000003,4679.230000000003,4643.890000000003,4652.480000000003,0
2005-09-29T00:00:00+00:00,4652.480000000003,4721.190000000003,4652.480000000003,4717.580000000003,0
2005-09-30T00:00:00+00:00,4717.580000000003,4726.570000000002,4670.690000000002,4687.880000000003,0
2005-10-04T00:00:00+00:00,4687.880000000003,4710.4500000000035,4677.110000000003,4708.960000000003,0
2005-10-05T00:00:00+00:00,4708.960000000003,4762.280000000003,4689.060000000003,4762.280000000003,0
2005-10-06T00:00:00+00:00,4762.280000000003,4762.280000000003,4717.830000000004,4720.040000000004,0
2005-10-07T00:00:00+00:00,4720.040000000004,4720.040000000004,4663.1600000000035,4699.810000000004,0
2005-10-11T00:00:00+00:00,4699.810000000004,4729.660000000004,4679.100000000004,4695.320000000004,0
2005-10-12T00:00:00+00:00,4695.320000000004,4740.190000000004,4695.320000000004,4707.480000000004,0
2005-10-13T00:00:00+00:00,4707.480000000004,4720.100000000004,4658.050000000004,4684.000000000005,0
2005-10-14T00:00:00+00:00,4684.000000000005,4699.840000000005,4635.370000000004,4656.3300000000045,0
2005-10-18T00:00:00+00:00,4656.3300000000045,4667.670000000005,4634.300000000005,4647.500000000005,0
2005-10-19T00:00:00+00:00,4647.500000000005,4658.390000000004,4608.390000000004,4612.380000000005,0
2005-10-20T00:00:00+00:00,4612.380000000005,4612.380000000005,4536.120000000004,4556.140000000004,0
2005-10-21T00:00:00+00:00,4556.140000000004,4584.110000000004,4504.720000000005,4516.410000000004,0
2005-10-25T00:00:00+00:00,4516.410000000004,4583.620000000004,4514.570000000004,4579.950000000004,0
2005-10-26T00:00:00+00:00,4579.950000000004,4592.800000000005,4533.800000000005,4534.880000000005,0
2005-10-27T00:00:00+00:00,4534.880000000005,4572.7900000000045,4524.420000000005,4558.640000000005,0
2005-10-28T00:00:00+00:00,4558.640000000005,4558.640000000005,4473.390000000005,4486.340000000005,0
2005-11-01T00:00:00+00:00,4486.340000000005,4562.670000000005,4486.340000000005,4560.820000000004,0
2005-11-02T00:00:00+00:00,4560.820000000004,4576.300000000005,4545.600000000004,4560.460000000005,0
2005-11-03T00:00:00+00:00,4560.460000000005,4594.180000000005,4530.970000000005,4594.180000000005,0
2005-11-04T00:00:00+00:00,4594.180000000005,4634.890000000005,4587.470000000005,4632.140000000005,0
2005-11-08T00:00:00+00:00,4632.140000000005,4671.590000000005,4621.350000000005,4661.800000000005,0
2005-11-09T00:00:00+00:00,4661.800000000005,4675.880000000005,4622.0400000000045,4637.200000000004,0
2005-11-10T00:00:00+00:00,4637.200000000004,4650.820000000004,4618.070000000004,4630.3300000000045,0
2005-11-11T00:00:00+00:00,4630.3300000000045,4654.110000000004,4609.380000000004,4621.820000000004,0
2005-11-15T00:00:00+00:00,4621.820000000004,4645.530000000003,4614.180000000004,4630.980000000004,0
2005-11-16T00:00:00+00:00,4630.980000000004,4664.250000000004,4623.080000000004,4659.210000000004,0
2005-11-17T00:00:00+00:00,4659.210000000004,4665.810000000003,4615.010000000003,4632.610000000003,0
2005-11-18T00:00:00+00:00,4632.610000000003,4665.150000000003,4624.610000000003,4634.6600000000035,0
2005-11-22T00:00:00+00:00,4634.6600000000035,4673.860000000003,4621.380000000003,4664.920000000003,0
2005-11-23T00:00:00+00:00,4664.920000000003,4668.690000000002,4647.310000000003,4660.680000000003,0
2005-11-24T00:00:00+00:00,4660.680000000003,4669.510000000003,4638.920000000003,4662.210000000003,0
2005-11-25T00:00:00+00:00,4662.210000000003,4673.2000000000035,4640.6200000000035,4657.040000000003,0
2005-11-29T00:00:00+00:00,4657.040000000003,4679.760000000003,4606.670000000003,4615.350000000003,0
2005-11-30T00:00:00+00:00,4615.350000000003,4666.4100000000035,4603.320000000003,4647.460000000003,0
2005-12-01T00:00:00+00:00,4647.460000000003,4673.240000000003,4630.070000000003,4657.080000000003,0
2005-12-02T00:00:00+00:00,4657.080000000003,4713.160000000003,4655.0300000000025,4713.090000000003,0
2005-12-06T00:00:00+00:00,4713.090000000003,4715.260000000003,4661.0300000000025,4676.0300000000025,0
2005-12-07T00:00:00+00:00,4676.0300000000025,4714.610000000002,4672.390000000002,4705.5300000000025,0
2005-12-08T00:00:00+00:00,4705.5300000000025,4721.820000000002,4661.760000000002,4679.7800000000025,0
2005-12-09T00:00:00+00:00,4679.7800000000025,4735.700000000003,4671.190000000002,4735.700000000003,0
2005-12-13T00:00:00+00:00,4735.700000000003,4750.300000000003,4710.150000000002,4720.450000000003,0
2005-12-14T00:00:00+00:00,4720.450000000003,4727.9900000000025,4700.460000000003,4725.070000000002,0
2005-12-15T00:00:00+00:00,4725.070000000002,4731.020000000002,4684.880000000003,4696.670000000003,0
2005-12-16T00:00:00+00:00,4696.670000000003,4706.380000000003,4681.140000000003,4697.630000000003,0
2005-12-20T00:00:00+00:00,4697.630000000003,4712.370000000003,4690.970000000003,4704.880000000003,0
2005-12-21T00:00:00+00:00,4704.880000000003,4738.6600000000035,4695.890000000003,4729.6600000000035,0
2005-12-22T00:00:00+00:00,4729.6600000000035,4762.180000000003,4729.530000000003,4759.080000000003,0
2005-12-23T00:00:00+00:00,4759.080000000003,4772.200000000003,4756.5300000000025,4767.350000000002,0
2005-12-27T00:00:00+00:00,4767.350000000002,4804.450000000003,4767.350000000002,4777.750000000002,3935
2005-12-28T00:00:00+00:00,4777.750000000002,4810.190000000002,4775.230000000002,4800.520000000002,0
2005-12-29T00:00:00+00:00,4800.520000000002,4823.630000000003,4795.540000000003,4810.390000000002,0
2005-12-30T00:00:00+00:00,4810.390000000002,4816.350000000002,4793.520000000002,4804.970000000002,0
2006-01-03T00:00:00+00:00,4804.970000000002,4846.300000000002,4804.010000000002,4844.710000000002,0
2006-01-04T00:00:00+00:00,4844.710000000002,4889.830000000002,4834.1100000000015,4854.050000000002,0
2006-01-05T00:00:00+00:00,4854.050000000002,4883.260000000002,4837.190000000002,4883.210000000002,0
2006-01-06T00:00:00+00:00,4883.210000000002,4887.760000000002,4863.600000000002,4877.880000000002,0
2006-01-10T00:00:00+00:00,4877.880000000002,4888.090000000002,4867.380000000002,4871.6500000000015,0
2006-01-11T00:00:00+00:00,4871.6500000000015,4871.870000000001,4825.770000000001,4838.300000000001,0
2006-01-12T00:00:00+00:00,4838.300000000001,4851.580000000001,4829.770000000001,4846.990000000002,0
2006-01-13T00:00:00+00:00,4846.990000000002,4867.220000000001,4829.980000000001,4855.870000000002,0
2006-01-17T00:00:00+00:00,4855.870000000002,4906.150000000002,4853.430000000002,4905.5300000000025,0
2006-01-18T00:00:00+00:00,4905.5300000000025,4905.5300000000025,4872.540000000003,4883.830000000003,0
2006-01-19T00:00:00+00:00,4883.830000000003,4891.470000000002,4828.290000000003,4860.260000000002,0
2006-01-20T00:00:00+00:00,4860.260000000002,4887.830000000002,4859.210000000002,4879.760000000002,0
2006-01-24T00:00:00+00:00,4879.760000000002,4918.100000000002,4858.350000000002,4916.580000000003,0
2006-01-25T00:00:00+00:00,4916.580000000003,4935.390000000002,4887.080000000003,4900.110000000002,0
2006-01-26T00:00:00+00:00,4900.110000000002,4983.840000000003,4892.760000000003,4980.840000000003,0
2006-01-27T00:00:00+00:00,4980.840000000003,5096.870000000003,4970.050000000003,5096.700000000003,0
2006-01-31T00:00:00+00:00,5096.700000000003,5130.850000000003,5079.5300000000025,5120.4900000000025,0
2006-02-01T00:00:00+00:00,5120.4900000000025,5149.800000000003,5088.600000000003,5126.940000000002,0
2006-02-02T00:00:00+00:00,5126.940000000002,5198.450000000003,5108.290000000002,5191.420000000002,0
2006-02-03T00:00:00+00:00,5191.420000000002,5213.550000000002,5097.030000000002,5102.520000000002,0
2006-02-07T00:00:00+00:00,5102.520000000002,5138.100000000002,5084.620000000002,5102.120000000002,0
2006-02-08T00:00:00+00:00,5102.120000000002,5121.460000000002,5052.220000000001,5095.030000000002,0
2006-02-09T00:00:00+00:00,5095.030000000002,5142.840000000002,5065.330000000002,5133.690000000001,0
2006-02-10T00:00:00+00:00,5133.690000000001,5182.910000000002,5133.690000000001,5182.910000000002,0
2006-02-14T00:00:00+00:00,5182.910000000002,5239.800000000002,5167.350000000002,5239.800000000002,0
2006-02-15T00:00:00+00:00,5239.800000000002,5266.830000000002,5197.580000000002,5243.540000000002,0
2006-02-16T00:00:00+00:00,5243.540000000002,5267.210000000002,5221.9000000000015,5241.310000000001,0
2006-02-17T00:00:00+00:00,5241.310000000001,5251.940000000001,5212.4000000000015,5244.4000000000015,0
2006-02-21T00:00:00+00:00,5244.4000000000015,5251.440000000001,5215.710000000001,5242.670000000001,0
2006-02-22T00:00:00+00:00,5242.670000000001,5294.250000000001,5224.77,5244.820000000001,0
2006-02-23T00:00:00+00:00,5244.820000000001,5313.420000000001,5234.710000000001,5313.420000000001,0
2006-02-24T00:00:00+00:00,5313.420000000001,5329.520000000001,5265.6500000000015,5303.180000000001,0
2006-02-28T00:00:00+00:00,5303.180000000001,5330.300000000001,5286.120000000001,5329.52,0
2006-03-01T00:00:00+00:00,5329.52,5337.740000000001,5212.84,5216.9800000000005,0
2006-03-02T00:00:00+00:00,5216.9800000000005,5277.610000000001,5206.43,5276.63,0
2006-03-03T00:00:00+00:00,5276.63,5300,5163.330000000001,5197.76,0
2006-03-07T00:00:00+00:00,5197.76,5224.67,5182.280000000001,5209.750000000001,0
2006-03-08T00:00:00+00:00,5209.750000000001,5228.060000000001,5175.270000000001,5216.490000000001,0
2006-03-09T00:00:00+00:00,5216.490000000001,5234.380000000001,5135.3,5144.47,0
2006-03-10T00:00:00+00:00,5144.47,5175.28,5126.75,5165.67,0
2006-03-14T00:00:00+00:00,5165.67,5204.85,5152.54,5200.09,0
2006-03-15T00:00:00+00:00,5200.09,5229.54,5182.29,5229.54,0
2006-03-16T00:00:00+00:00,5229.54,5249.87,5213.55,5242.5199999999995,0
2006-03-17T00:00:00+00:00,5242.5199999999995,5245.719999999999,5203.589999999999,5234.009999999999,0
2006-03-21T00:00:00+00:00,5234.009999999999,5270.69,5222.5599999999995,5241.0199999999995,0
2006-03-22T00:00:00+00:00,5241.0199999999995,5252.039999999999,5188.079999999999,5252.039999999999,0
2006-03-23T00:00:00+00:00,5252.039999999999,5318.0999999999985,5228.469999999999,5301.259999999999,0
2006-03-24T00:00:00+00:00,5301.259999999999,5319.5,5281.509999999999,5306.589999999999,0
2006-03-28T00:00:00+00:00,5306.589999999999,5311.07,5245.33,5246.7,0
2006-03-29T00:00:00+00:00,5246.7,5272.64,5195.12,5222.68,0
2006-03-30T00:00:00+00:00,5222.68,5250.53,5197.62,5244.19,0
2006-03-31T00:00:00+00:00,5244.19,5294.169999999999,5237.03,5284.909999999999,0
2006-04-04T00:00:00+00:00,5284.909999999999,5323.969999999999,5274.289999999999,5319.879999999999,0
2006-04-05T00:00:00+00:00,5319.879999999999,5329.169999999999,5297.4,5318.36,0
2006-04-06T00:00:00+00:00,5318.36,5340.139999999999,5300.24,5333.669999999999,0
2006-04-07T00:00:00+00:00,5333.669999999999,5347.959999999999,5308.54,5331.37,0
2006-04-11T00:00:00+00:00,5331.37,5385,5323.41,5383.69,0
2006-04-12T00:00:00+00:00,5383.69,5384.34,5278.62,5292.05,0
2006-04-13T00:00:00+00:00,5292.05,5301.42,5244.64,5285.39,0
2006-04-14T00:00:00+00:00,5285.39,5300.97,5249.150000000001,5294.14,0
2006-04-18T00:00:00+00:00,5294.14,5331.740000000001,5243.9400000000005,5331.740000000001,10796
2006-04-19T00:00:00+00:00,5331.740000000001,5334.470000000001,5283.480000000001,5319.210000000001,0
2006-04-20T00:00:00+00:00,5319.210000000001,5380.4000000000015,5319.210000000001,5377.560000000001,0
2006-04-21T00:00:00+00:00,5377.560000000001,5466.540000000002,5373.740000000002,5440.520000000001,0
2006-04-25T00:00:00+00:00,5440.520000000001,5476.600000000001,5416.630000000001,5460.8600000000015,0
2006-04-26T00:00:00+00:00,5460.8600000000015,5487.3600000000015,5427.670000000001,5454.8600000000015,0
2006-04-27T00:00:00+00:00,5454.8600000000015,5486.990000000002,5446.990000000002,5472.160000000002,0
2006-04-28T00:00:00+00:00,5472.160000000002,5480.960000000002,5389.150000000002,5435.620000000002,0
2006-05-02T00:00:00+00:00,5435.620000000002,5498.720000000001,5435.620000000002,5496.220000000001,8104
2006-05-03T00:00:00+00:00,5496.220000000001,5538.1100000000015,5488.710000000001,5533.130000000001,0
2006-05-04T00:00:00+00:00,5533.130000000001,5558.290000000001,5441.35,5447.450000000001,0
2006-05-05T00:00:00+00:00,5447.450000000001,5507.660000000001,5435.640000000001,5506.280000000001,0
2006-05-09T00:00:00+00:00,5506.280000000001,5532.790000000001,5498.3,5507.3,0
2006-05-10T00:00:00+00:00,5507.3,5521.31,5479.33,5520.01,0
2006-05-11T00:00:00+00:00,5520.01,5558.860000000001,5511.35,5519.280000000001,0
2006-05-12T00:00:00+00:00,5519.280000000001,5559.64,5444.700000000001,5451.990000000001,0
2006-05-16T00:00:00+00:00,5451.990000000001,5461.43,5344.130000000001,5416.02,0
2006-05-17T00:00:00+00:00,5416.02,5453.75,5363.26,5407.34,0
2006-05-18T00:00:00+00:00,5407.34,5431.39,5186.34,5186.34,0
2006-05-19T00:00:00+00:00,5186.34,5228.610000000001,5101.900000000001,5180.05,0
2006-05-23T00:00:00+00:00,5180.05,5180.05,5039.63,5072.44,0
2006-05-24T00:00:00+00:00,5072.44,5218.96,5072.44,5194.11,0
2006-05-25T00:00:00+00:00,5194.11,5210.759999999999,5108.79,5143.999999999999,0
2006-05-26T00:00:00+00:00,5143.999999999999,5248.74,5111.509999999999,5248.74,0
2006-05-30T00:00:00+00:00,5248.74,5250.54,5214.45,5221.27,0
2006-05-31T00:00:00+00:00,5221.27,5230.93,5066.000000000001,5094.540000000001,0
2006-06-01T00:00:00+00:00,5094.540000000001,5216.02,5045.030000000001,5204.77,0
2006-06-02T00:00:00+00:00,5204.77,5240.77,5130.340000000001,5234.830000000001,0
2006-06-06T00:00:00+00:00,5234.830000000001,5240.96,5139.490000000001,5170.46,0
2006-06-07T00:00:00+00:00,5170.46,5198.16,5085.08,5110.14,0
2006-06-08T00:00:00+00:00,5110.14,5171.9400000000005,5071.610000000001,5143.780000000001,0
2006-06-09T00:00:00+00:00,5143.780000000001,5143.780000000001,5048.35,5048.35,0
2006-06-13T00:00:00+00:00,5048.35,5060.2,4965.96,4985.52,0
2006-06-14T00:00:00+00:00,4985.52,4985.52,4910.05,4939.9800000000005,0
2006-06-15T00:00:00+00:00,4939.9800000000005,4973.4400000000005,4885.070000000001,4947.35,0
2006-06-16T00:00:00+00:00,4947.35,5055.200000000001,4947.35,5039.090000000001,0
2006-06-20T00:00:00+00:00,5039.090000000001,5134.140000000001,5039.090000000001,5089.490000000001,0
2006-06-21T00:00:00+00:00,5089.490000000001,5174.85,5063.820000000001,5174.85,0
2006-06-22T00:00:00+00:00,5174.85,5185.95,5090.42,5179.21,0
2006-06-23T00:00:00+00:00,5179.21,5211.65,5130.19,5164.25,0
2006-06-27T00:00:00+00:00,5164.25,5186.150000000001,5122.45,5136.14,0
2006-06-28T00:00:00+00:00,5136.14,5151.32,5045.39,5057.5199999999995,0
2006-06-29T00:00:00+00:00,5057.5199999999995,5105.539999999999,5035.429999999999,5072.219999999999,0
2006-06-30T00:00:00+00:00,5072.219999999999,5184.379999999999,5071.8099999999995,5173.5199999999995,0
2006-07-04T00:00:00+00:00,5173.5199999999995,5198.209999999999,5161.0199999999995,5198.209999999999,0
2006-07-05T00:00:00+00:00,5198.209999999999,5213.199999999999,5172.619999999999,5212.619999999999,0
2006-07-06T00:00:00+00:00,5212.619999999999,5217.909999999999,5121.279999999999,5137.959999999999,0
2006-07-07T00:00:00+00:00,5137.959999999999,5205.339999999998,5137.959999999999,5198.159999999999,0
2006-07-11T00:00:00+00:00,5198.159999999999,5231.089999999999,5153.5199999999995,5226.369999999999,0
2006-07-12T00:00:00+00:00,5226.369999999999,5232.219999999998,5141.619999999999,5163.859999999999,0
2006-07-13T00:00:00+00:00,5163.859999999999,5222.859999999999,5143.339999999998,5160.669999999998,0
2006-07-14T00:00:00+00:00,5160.669999999998,5160.669999999998,5056.899999999998,5078.829999999998,0
2006-07-18T00:00:00+00:00,5078.829999999998,5092.999999999998,5006.809999999999,5058.709999999998,0
2006-07-19T00:00:00+00:00,5058.709999999998,5101.099999999998,5029.4699999999975,5052.879999999998,0
2006-07-20T00:00:00+00:00,5052.879999999998,5181.209999999998,5039.239999999998,5177.119999999998,0
2006-07-21T00:00:00+00:00,5177.119999999998,5204.729999999998,5152.509999999998,5163.269999999998,0
2006-07-25T00:00:00+00:00,5163.269999999998,5285.209999999998,5163.269999999998,5281.199999999998,0
2006-07-26T00:00:00+00:00,5281.199999999998,5295.779999999998,5236.539999999998,5259.919999999998,0
2006-07-27T00:00:00+00:00,5259.919999999998,5282.489999999998,5241.749999999998,5269.399999999999,0
2006-07-28T00:00:00+00:00,5269.399999999999,5321.869999999999,5251.669999999999,5313.3899999999985,0
2006-08-01T00:00:00+00:00,5313.3899999999985,5317.199999999998,5281.5999999999985,5290.799999999998,0
2006-08-02T00:00:00+00:00,5290.799999999998,5306.279999999998,5196.749999999998,5209.529999999998,0
2006-08-03T00:00:00+00:00,5209.529999999998,5271.279999999998,5207.579999999998,5267.609999999998,0
2006-08-04T00:00:00+00:00,5267.609999999998,5276.019999999998,5170.5099999999975,5219.349999999998,0
2006-08-08T00:00:00+00:00,5219.349999999998,5221.689999999998,5148.189999999998,5160.559999999998,0
2006-08-09T00:00:00+00:00,5160.559999999998,5180.929999999998,5132.259999999998,5154.119999999998,0
2006-08-10T00:00:00+00:00,5154.119999999998,5199.529999999999,5103.379999999998,5193.239999999999,0
2006-08-11T00:00:00+00:00,5193.239999999999,5193.239999999999,5088.099999999999,5161.469999999999,0
2006-08-15T00:00:00+00:00,5161.469999999999,5201.99,5160.11,5192.4,0
2006-08-16T00:00:00+00:00,5192.4,5308.08,5179.92,5291.83,0
2006-08-17T00:00:00+00:00,5291.83,5339.53,5277.92,5326.0599999999995,0
2006-08-18T00:00:00+00:00,5326.0599999999995,5341.9,5309.889999999999,5340.0599999999995,0
2006-08-22T00:00:00+00:00,5340.0599999999995,5352.49,5307.33,5330.23,0
2006-08-23T00:00:00+00:00,5330.23,5345.879999999999,5269.91,5332.429999999999,0
2006-08-24T00:00:00+00:00,5332.429999999999,5332.429999999999,5272.69,5288.679999999999,0
2006-08-25T00:00:00+00:00,5288.679999999999,5362.329999999999,5259.329999999999,5329.299999999999,0
2006-08-29T00:00:00+00:00,5329.299999999999,5383.259999999999,5288.759999999999,5375.919999999999,0
2006-08-30T00:00:00+00:00,5375.919999999999,5401.899999999999,5358.799999999999,5368.44,0
2006-08-31T00:00:00+00:00,5368.44,5389.639999999999,5357.319999999999,5372.659999999999,0
2006-09-01T00:00:00+00:00,5372.659999999999,5378.859999999999,5333.079999999999,5351.649999999999,0
2006-09-05T00:00:00+00:00,5351.649999999999,5378.879999999998,5351.649999999999,5371.359999999999,0
2006-09-06T00:00:00+00:00,5371.359999999999,5374.4299999999985,5324.319999999999,5351.009999999998,0
2006-09-07T00:00:00+00:00,5351.009999999998,5351.459999999999,5267.259999999998,5280.629999999999,0
2006-09-08T00:00:00+00:00,5280.629999999999,5280.629999999999,5241.659999999999,5261.709999999999,0
2006-09-12T00:00:00+00:00,5261.709999999999,5288.109999999999,5224.5999999999985,5285.859999999999,0
2006-09-13T00:00:00+00:00,5285.859999999999,5360.8899999999985,5257.089999999998,5355.909999999999,0
2006-09-14T00:00:00+00:00,5355.909999999999,5374.419999999998,5341.8899999999985,5373.559999999999,0
2006-09-15T00:00:00+00:00,5373.559999999999,5395.129999999998,5348.829999999998,5367.459999999998,0
2006-09-19T00:00:00+00:00,5367.459999999998,5385.309999999998,5331.599999999998,5361.279999999998,0
2006-09-20T00:00:00+00:00,5361.279999999998,5372.449999999998,5311.879999999997,5315.769999999998,0
2006-09-21T00:00:00+00:00,5315.769999999998,5400.829999999998,5310.999999999998,5393.069999999998,0
2006-09-22T00:00:00+00:00,5393.069999999998,5423.879999999997,5380.0099999999975,5406.039999999997,0
2006-09-26T00:00:00+00:00,5406.039999999997,5442.159999999998,5372.129999999997,5408.799999999997,0
2006-09-27T00:00:00+00:00,5408.799999999997,5450.269999999998,5398.899999999998,5432.979999999998,0
2006-09-28T00:00:00+00:00,5432.979999999998,5455.299999999998,5407.819999999998,5441.499999999998,0
2006-09-29T00:00:00+00:00,5441.499999999998,5459.819999999998,5430.379999999998,5446.039999999998,0
2006-10-03T00:00:00+00:00,5446.039999999998,5458.559999999998,5391.439999999998,5426.159999999998,0
2006-10-04T00:00:00+00:00,5426.159999999998,5431.6399999999985,5383.989999999998,5431.6399999999985,0
2006-10-05T00:00:00+00:00,5431.6399999999985,5485.6799999999985,5430.809999999999,5481.769999999999,0
2006-10-06T00:00:00+00:00,5481.769999999999,5514.1799999999985,5481.769999999999,5491.589999999998,0
2006-10-10T00:00:00+00:00,5491.589999999998,5513.009999999998,5481.379999999998,5511.109999999998,0
2006-10-11T00:00:00+00:00,5511.109999999998,5544.189999999998,5504.959999999998,5534.619999999998,0
2006-10-12T00:00:00+00:00,5534.619999999998,5551.799999999997,5503.739999999998,5543.049999999997,0
2006-10-13T00:00:00+00:00,5543.049999999997,5594.949999999997,5543.049999999997,5590.819999999997,0
2006-10-17T00:00:00+00:00,5590.819999999997,5602.279999999997,5575.229999999998,5598.999999999997,0
2006-10-18T00:00:00+00:00,5598.999999999997,5598.999999999997,5535.169999999996,5544.079999999997,0
2006-10-19T00:00:00+00:00,5544.079999999997,5620.649999999998,5544.079999999997,5593.079999999997,0
2006-10-20T00:00:00+00:00,5593.079999999997,5628.979999999997,5573.389999999998,5602.499999999997,0
2006-10-24T00:00:00+00:00,5602.499999999997,5634.839999999997,5571.549999999997,5628.949999999997,0
2006-10-25T00:00:00+00:00,5628.949999999997,5643.949999999997,5618.929999999998,5639.519999999998,0
2006-10-26T00:00:00+00:00,5639.519999999998,5672.789999999997,5630.109999999998,5660.9699999999975,0
2006-10-27T00:00:00+00:00,5660.9699999999975,5686.379999999997,5651.819999999998,5665.789999999997,0
2006-10-31T00:00:00+00:00,5665.789999999997,5698.279999999998,5640.679999999998,5693.119999999997,0
2006-11-01T00:00:00+00:00,5693.119999999997,5736.189999999997,5687.039999999997,5718.409999999997,0
2006-11-02T00:00:00+00:00,5718.409999999997,5767.629999999997,5718.289999999997,5747.599999999997,0
2006-11-03T00:00:00+00:00,5747.599999999997,5770.2999999999965,5675.6299999999965,5697.959999999996,0
2006-11-07T00:00:00+00:00,5697.959999999996,5779.229999999996,5697.959999999996,5778.689999999996,0
2006-11-08T00:00:00+00:00,5778.689999999996,5807.649999999996,5770.739999999996,5806.459999999996,0
2006-11-09T00:00:00+00:00,5806.459999999996,5821.959999999996,5783.419999999996,5814.809999999997,0
2006-11-10T00:00:00+00:00,5814.809999999997,5820.529999999996,5787.3799999999965,5812.559999999997,0
2006-11-14T00:00:00+00:00,5812.559999999997,5865.629999999997,5806.0099999999975,5855.639999999997,0
2006-11-15T00:00:00+00:00,5855.639999999997,5872.609999999996,5826.7999999999965,5848.749999999996,0
2006-11-16T00:00:00+00:00,5848.749999999996,5878.5899999999965,5848.749999999996,5875.479999999997,0
2006-11-17T00:00:00+00:00,5875.479999999997,5898.109999999997,5861.409999999997,5888.999999999997,0
2006-11-21T00:00:00+00:00,5888.999999999997,5954.449999999997,5862.989999999997,5947.249999999997,0
2006-11-22T00:00:00+00:00,5947.249999999997,5974.019999999997,5944.219999999997,5957.079999999997,0
2006-11-23T00:00:00+00:00,5957.079999999997,5978.839999999997,5935.269999999997,5957.909999999997,0
2006-11-24T00:00:00+00:00,5957.909999999997,5969.029999999997,5935.909999999997,5949.579999999997,0
2006-11-28T00:00:00+00:00,5949.579999999997,5969.059999999998,5846.699999999997,5847.2599999999975,0
2006-11-29T00:00:00+00:00,5847.2599999999975,5863.199999999997,5805.539999999997,5839.229999999998,0
2006-11-30T00:00:00+00:00,5839.229999999998,5904.649999999998,5822.749999999998,5902.619999999998,0
2006-12-01T00:00:00+00:00,5902.619999999998,5939.5999999999985,5841.509999999998,5846.079999999998,0
2006-12-05T00:00:00+00:00,5846.079999999998,5888.5999999999985,5817.469999999998,5882.399999999998,0
2006-12-06T00:00:00+00:00,5882.399999999998,5963.309999999998,5868.859999999998,5954.739999999998,0
2006-12-07T00:00:00+00:00,5954.739999999998,5971.879999999997,5928.159999999998,5955.949999999998,0
2006-12-08T00:00:00+00:00,5955.949999999998,6038.689999999999,5954.509999999998,6011.159999999998,0
2006-12-12T00:00:00+00:00,6011.159999999998,6037.739999999998,6009.339999999997,6030.819999999998,0
2006-12-13T00:00:00+00:00,6030.819999999998,6048.339999999998,6021.609999999998,6040.409999999998,0
2006-12-14T00:00:00+00:00,6040.409999999998,6082.3899999999985,6032.229999999998,6082.1399999999985,0
2006-12-15T00:00:00+00:00,6082.1399999999985,6110.709999999998,6074.799999999998,6103.909999999998,0
2006-12-19T00:00:00+00:00,6103.909999999998,6131.339999999998,6101.449999999998,6112.909999999998,0
2006-12-20T00:00:00+00:00,6112.909999999998,6117.289999999998,6064.4699999999975,6093.449999999998,0
2006-12-21T00:00:00+00:00,6093.449999999998,6120.949999999998,6093.449999999998,6101.389999999998,0
2006-12-22T00:00:00+00:00,6101.389999999998,6123.449999999998,6091.519999999998,6101.979999999998,0
2006-12-27T00:00:00+00:00,6101.979999999998,6229.679999999998,6101.979999999998,6228.679999999998,6062
2006-12-28T00:00:00+00:00,6228.679999999998,6314.389999999998,6228.449999999998,6311.549999999997,0
2006-12-29T00:00:00+00:00,6311.549999999997,6325.069999999997,6296.629999999997,6307.549999999997,0
2007-01-02T00:00:00+00:00,6307.549999999997,6386.749999999998,6307.549999999997,6383.749999999998,5002
2007-01-03T00:00:00+00:00,6383.749999999998,6451.829999999999,6383.749999999998,6450.149999999999,0
2007-01-04T00:00:00+00:00,6450.149999999999,6472.959999999999,6436.499999999999,6460.239999999999,0
2007-01-05T00:00:00+00:00,6460.239999999999,6482.109999999999,6432.739999999999,6472.399999999999,0
2007-01-09T00:00:00+00:00,6472.399999999999,6497.209999999998,6448.749999999998,6476.439999999999,0
2007-01-10T00:00:00+00:00,6476.439999999999,6517.069999999999,6458.029999999999,6465.529999999999,0
2007-01-11T00:00:00+00:00,6465.529999999999,6479.739999999999,6418.019999999999,6453.329999999999,0
2007-01-12T00:00:00+00:00,6453.329999999999,6558.329999999999,6434.179999999999,6549.889999999999,0
2007-01-16T00:00:00+00:00,6549.889999999999,6576.66,6549.889999999999,6562.099999999999,0
2007-01-17T00:00:00+00:00,6562.099999999999,6572.9,6531.48,6543.089999999999,0
2007-01-18T00:00:00+00:00,6543.089999999999,6558.73,6499.179999999999,6528.119999999999,0
2007-01-19T00:00:00+00:00,6528.119999999999,6545.009999999998,6468.079999999999,6496.649999999999,0
2007-01-23T00:00:00+00:00,6496.649999999999,6509.489999999999,6425.409999999999,6430.23,0
2007-01-24T00:00:00+00:00,6430.23,6441.759999999999,6365.36,6416.33,0
2007-01-25T00:00:00+00:00,6416.33,6483.63,6405.34,6472.05,0
2007-01-26T00:00:00+00:00,6472.05,6500.04,6432.5199999999995,6448.2,0
2007-01-30T00:00:00+00:00,6448.2,6485.25,6429.13,6471.76,0
2007-01-31T00:00:00+00:00,6471.76,6553.06,6462.84,6540.0199999999995,0
2007-02-01T00:00:00+00:00,6540.0199999999995,6572.28,6526.04,6556.299999999999,0
2007-02-02T00:00:00+00:00,6556.299999999999,6609.759999999999,6555.569999999999,6586.269999999999,0
2007-02-06T00:00:00+00:00,6586.269999999999,6598.729999999999,6571.789999999998,6581.659999999999,0
2007-02-07T00:00:00+00:00,6581.659999999999,6606.44,6561.949999999999,6575.459999999999,0
2007-02-08T00:00:00+00:00,6575.459999999999,6613.909999999999,6574.529999999999,6605.009999999999,0
2007-02-09T00:00:00+00:00,6605.009999999999,6611.8099999999995,6543.62,6570.499999999999,0
2007-02-13T00:00:00+00:00,6570.499999999999,6570.499999999999,6522.86,6537.919999999999,0
2007-02-14T00:00:00+00:00,6537.919999999999,6564.759999999999,6535.309999999999,6564.579999999999,0
2007-02-15T00:00:00+00:00,6564.579999999999,6617.409999999999,6559.9299999999985,6613.199999999999,0
2007-02-16T00:00:00+00:00,6613.199999999999,6627.499999999998,6597.309999999999,6613.6799999999985,0
2007-02-20T00:00:00+00:00,6613.6799999999985,6642.159999999999,6612.059999999999,6633.229999999999,0
2007-02-21T00:00:00+00:00,6633.229999999999,6642.379999999998,6590.789999999998,6637.619999999998,0
2007-02-22T00:00:00+00:00,6637.619999999998,6643.779999999998,6560.799999999997,6580.099999999998,0
2007-02-23T00:00:00+00:00,6580.099999999998,6633.069999999998,6576.299999999997,6594.459999999997,0
2007-02-27T00:00:00+00:00,6594.459999999997,6642.539999999997,6582.589999999997,6629.929999999998,0
2007-02-28T00:00:00+00:00,6629.929999999998,6629.929999999998,6456.159999999997,6461.239999999997,0
2007-03-01T00:00:00+00:00,6461.239999999997,6508.359999999998,6373.829999999997,6448.279999999997,0
2007-03-02T00:00:00+00:00,6448.279999999997,6490.279999999997,6278.309999999997,6374.269999999997,0
2007-03-06T00:00:00+00:00,6374.269999999997,6426.769999999997,6300.569999999997,6397.889999999997,0
2007-03-07T00:00:00+00:00,6397.889999999997,6446.989999999996,6384.6299999999965,6433.999999999996,0
2007-03-08T00:00:00+00:00,6433.999999999996,6461.969999999997,6412.569999999997,6445.849999999997,0
2007-03-09T00:00:00+00:00,6445.849999999997,6515.569999999997,6441.919999999997,6515.259999999997,0
2007-03-13T00:00:00+00:00,6515.259999999997,6539.869999999997,6462.679999999997,6503.179999999997,0
2007-03-14T00:00:00+00:00,6503.179999999997,6509.659999999996,6410.819999999996,6410.819999999996,0
2007-03-15T00:00:00+00:00,6410.819999999996,6410.819999999996,6288.279999999996,6291.279999999996,0
2007-03-16T00:00:00+00:00,6291.279999999996,6389.759999999996,6291.269999999996,6380.899999999996,0
2007-03-20T00:00:00+00:00,6380.899999999996,6435.479999999996,6372.279999999996,6429.549999999996,0
2007-03-21T00:00:00+00:00,6429.549999999996,6459.269999999995,6389.679999999996,6456.159999999995,0
2007-03-22T00:00:00+00:00,6456.159999999995,6489.559999999995,6448.249999999995,6471.969999999996,0
2007-03-23T00:00:00+00:00,6471.969999999996,6601.819999999996,6471.969999999996,6586.149999999996,0
2007-03-27T00:00:00+00:00,6586.149999999996,6590.639999999996,6486.189999999996,6515.639999999996,0
2007-03-28T00:00:00+00:00,6515.639999999996,6562.659999999996,6515.639999999996,6535.659999999996,0
2007-03-29T00:00:00+00:00,6535.659999999996,6548.2999999999965,6493.259999999997,6521.819999999997,0
2007-03-30T00:00:00+00:00,6521.819999999997,6591.209999999996,6521.819999999997,6584.809999999997,0
2007-04-03T00:00:00+00:00,6584.809999999997,6619.039999999996,6565.479999999997,6610.849999999997,0
2007-04-04T00:00:00+00:00,6610.849999999997,6718.609999999997,6610.7599999999975,6711.049999999997,0
2007-04-05T00:00:00+00:00,6711.049999999997,6714.749999999997,6677.029999999997,6712.449999999997,0
2007-04-06T00:00:00+00:00,6712.449999999997,6741.5899999999965,6705.949999999997,6737.769999999997,0
2007-04-10T00:00:00+00:00,6737.769999999997,6794.969999999997,6723.469999999997,6792.969999999997,8637
2007-04-11T00:00:00+00:00,6792.969999999997,6862.579999999996,6781.189999999996,6857.169999999996,0
2007-04-12T00:00:00+00:00,6857.169999999996,6890.999999999996,6828.409999999996,6841.899999999996,0
2007-04-13T00:00:00+00:00,6841.899999999996,6843.449999999996,6778.359999999996,6834.019999999996,0
2007-04-17T00:00:00+00:00,6834.019999999996,6945.2099999999955,6834.019999999996,6943.019999999996,0
2007-04-18T00:00:00+00:00,6943.019999999996,6981.029999999996,6907.819999999996,6964.349999999996,0
2007-04-19T00:00:00+00:00,6964.349999999996,6964.349999999996,6866.519999999996,6905.439999999996,0
2007-04-20T00:00:00+00:00,6905.439999999996,6948.0899999999965,6854.959999999996,6942.639999999996,0
2007-04-24T00:00:00+00:00,6942.639999999996,6952.899999999996,6897.059999999996,6930.249999999995,0
2007-04-25T00:00:00+00:00,6930.249999999995,6930.249999999995,6806.889999999996,6858.489999999995,0
2007-04-26T00:00:00+00:00,6858.489999999995,6930.089999999995,6854.519999999995,6909.799999999995,0
2007-04-27T00:00:00+00:00,6909.799999999995,6953.7899999999945,6898.099999999995,6928.279999999995,0
2007-05-01T00:00:00+00:00,7369.24,7436.3,7361.36,7408.87,0
2007-05-02T00:00:00+00:00,7408.87,7500.87,7408.87,7497.87,9451
2007-05-03T00:00:00+00:00,7497.87,7530.66,7490.75,7523.87,0
2007-05-04T00:00:00+00:00,7523.87,7534.95,7472.08,7528.419999999999,0
2007-05-08T00:00:00+00:00,7528.419999999999,7543.0599999999995,7512.57,7530.159999999999,0
2007-05-09T00:00:00+00:00,7530.159999999999,7530.619999999999,7428.159999999999,7457.3499999999985,0
2007-05-10T00:00:00+00:00,7457.3499999999985,7475.259999999998,7412.649999999999,7461.3899999999985,0
2007-05-11T00:00:00+00:00,7461.3899999999985,7478.129999999999,7384.369999999999,7399.279999999999,0
2007-05-15T00:00:00+00:00,7399.279999999999,7422.239999999999,7340.3899999999985,7353.8899999999985,0
2007-05-16T00:00:00+00:00,7353.8899999999985,7441.759999999998,7339.489999999999,7426.579999999999,0
2007-05-17T00:00:00+00:00,7426.579999999999,7466.149999999999,7403.439999999999,7424.399999999999,0
2007-05-18T00:00:00+00:00,7424.399999999999,7450.899999999999,7405.939999999999,7421.779999999999,0
2007-05-22T00:00:00+00:00,7421.779999999999,7452.1799999999985,7407.229999999999,7427.049999999999,0
2007-05-23T00:00:00+00:00,7427.049999999999,7480.279999999999,7412.169999999999,7462.799999999999,0
2007-05-24T00:00:00+00:00,7462.799999999999,7536.8099999999995,7457.549999999999,7533.629999999999,0
2007-05-25T00:00:00+00:00,7533.629999999999,7591.809999999999,7486.499999999999,7514.829999999999,0
2007-05-29T00:00:00+00:00,7514.829999999999,7542.629999999999,7491.529999999999,7525.829999999999,11192
2007-05-30T00:00:00+00:00,7525.829999999999,7554.5199999999995,7502.7699999999995,7548.009999999999,0
2007-05-31T00:00:00+00:00,7548.009999999999,7574.8099999999995,7481.95,7571.03,0
2007-06-01T00:00:00+00:00,7571.03,7675.8099999999995,7571.03,7663.139999999999,0
2007-06-05T00:00:00+00:00,7663.139999999999,7699.849999999999,7625.639999999999,7666.249999999999,0
2007-06-06T00:00:00+00:00,7666.249999999999,7675.749999999999,7559.49,7598.969999999999,0
2007-06-07T00:00:00+00:00,7598.969999999999,7608.099999999999,7405.8099999999995,7412.3099999999995,0
2007-06-08T00:00:00+00:00,7412.3099999999995,7448.869999999999,7252.099999999999,7280.539999999999,0
2007-06-12T00:00:00+00:00,7280.539999999999,7363.3099999999995,7280.539999999999,7363.3099999999995,0
2007-06-13T00:00:00+00:00,7363.3099999999995,7409.73,7299.169999999999,7347.969999999999,0
2007-06-14T00:00:00+00:00,7347.969999999999,7396.389999999999,7291.069999999999,7376.139999999999,0
2007-06-15T00:00:00+00:00,7376.139999999999,7473.689999999999,7374.999999999999,7472.119999999999,0
2007-06-19T00:00:00+00:00,7472.119999999999,7523.15,7440.969999999999,7463.509999999999,0
2007-06-20T00:00:00+00:00,7463.509999999999,7493.029999999999,7430.209999999999,7452.44,0
2007-06-21T00:00:00+00:00,7452.44,7517.989999999999,7432.9,7476.749999999999,0
2007-06-22T00:00:00+00:00,7476.749999999999,7486.74,7331.28,7390.8099999999995,0
2007-06-26T00:00:00+00:00,7390.8099999999995,7436.839999999999,7323.679999999999,7424.509999999999,0
2007-06-27T00:00:00+00:00,7424.509999999999,7446.649999999999,7359.509999999999,7402.639999999999,0
2007-06-28T00:00:00+00:00,7402.639999999999,7404.639999999999,7332.909999999999,7383.519999999999,0
2007-06-29T00:00:00+00:00,7383.519999999999,7459.669999999999,7383.519999999999,7457.439999999999,0
2007-07-03T00:00:00+00:00,7457.439999999999,7469.529999999998,7404.6399999999985,7446.409999999998,0
2007-07-04T00:00:00+00:00,7446.409999999998,7527.979999999998,7446.409999999998,7511.829999999998,0
2007-07-05T00:00:00+00:00,7511.829999999998,7544.369999999998,7509.399999999998,7529.409999999998,0
2007-07-06T00:00:00+00:00,7529.409999999998,7542.579999999998,7396.309999999998,7414.649999999998,0
2007-07-10T00:00:00+00:00,7414.649999999998,7457.269999999998,7396.239999999998,7414.859999999998,0
2007-07-11T00:00:00+00:00,7414.859999999998,7442.839999999998,7267.979999999999,7297.8899999999985,0
2007-07-12T00:00:00+00:00,7297.8899999999985,7297.8899999999985,7175.589999999999,7274.199999999999,0
2007-07-13T00:00:00+00:00,7274.199999999999,7406.059999999999,7233.359999999999,7405.869999999999,0
2007-07-17T00:00:00+00:00,7405.869999999999,7435.0599999999995,7379.3099999999995,7410.029999999999,0
2007-07-18T00:00:00+00:00,7410.029999999999,7410.029999999999,7315.459999999998,7358.229999999999,0
2007-07-19T00:00:00+00:00,7358.229999999999,7361.069999999998,7249.8499999999985,7264.319999999998,0
2007-07-20T00:00:00+00:00,7264.319999999998,7341.049999999997,7263.489999999997,7321.5099999999975,0
2007-07-24T00:00:00+00:00,7321.5099999999975,7385.429999999998,7277.639999999998,7385.429999999998,0
2007-07-25T00:00:00+00:00,7385.429999999998,7402.649999999998,7275.299999999997,7275.859999999998,0
2007-07-26T00:00:00+00:00,7275.859999999998,7318.129999999997,7187.539999999997,7220.479999999998,0
2007-07-27T00:00:00+00:00,7220.479999999998,7243.329999999998,7018.199999999998,7021.119999999998,0
2007-07-31T00:00:00+00:00,7021.119999999998,7063.579999999998,6947.009999999998,7016.719999999998,0
2007-08-01T00:00:00+00:00,7016.719999999998,7141.589999999998,7010.289999999998,7092.899999999999,0
2007-08-02T00:00:00+00:00,7092.899999999999,7165.239999999999,7016.899999999999,7094.469999999999,0
2007-08-03T00:00:00+00:00,7094.469999999999,7143.759999999999,7078.28,7109.69,0
2007-08-07T00:00:00+00:00,7109.69,7190.5599999999995,7101.7699999999995,7163.259999999999,0
2007-08-08T00:00:00+00:00,7163.259999999999,7216.839999999999,7140.999999999999,7195.569999999999,0
2007-08-09T00:00:00+00:00,7195.569999999999,7270.839999999998,7188.309999999999,7262.539999999998,0
2007-08-10T00:00:00+00:00,7262.539999999998,7266.209999999998,7110.469999999998,7138.009999999998,0
2007-08-14T00:00:00+00:00,7138.009999999998,7234.529999999998,7138.009999999998,7232.159999999998,0
2007-08-15T00:00:00+00:00,7232.159999999998,7283.419999999998,7173.979999999998,7215.729999999998,0
2007-08-16T00:00:00+00:00,7215.729999999998,7295.189999999998,7167.499999999998,7270.149999999998,0
2007-08-17T00:00:00+00:00,7270.149999999998,7270.149999999998,7150.649999999998,7179.939999999998,0
2007-08-21T00:00:00+00:00,7179.939999999998,7229.879999999998,7166.039999999998,7187.019999999998,0
2007-08-22T00:00:00+00:00,7187.019999999998,7229.359999999997,7104.629999999997,7184.249999999997,0
2007-08-23T00:00:00+00:00,7184.249999999997,7280.949999999997,7179.359999999997,7255.719999999997,0
2007-08-24T00:00:00+00:00,7255.719999999997,7286.329999999997,7206.719999999997,7206.769999999997,0
2007-08-28T00:00:00+00:00,7206.769999999997,7223.0499999999965,7157.1299999999965,7167.169999999996,0
2007-08-29T00:00:00+00:00,7167.169999999996,7167.449999999997,7109.859999999997,7120.419999999996,0
2007-08-30T00:00:00+00:00,7120.419999999996,7189.2999999999965,7091.149999999996,7176.509999999997,0
2007-08-31T00:00:00+00:00,7176.509999999997,7236.809999999997,7123.719999999997,7226.999999999996,0
2007-09-04T00:00:00+00:00,7226.999999999996,7261.029999999996,7214.209999999996,7231.939999999996,0
2007-09-05T00:00:00+00:00,7231.939999999996,7321.869999999996,7191.979999999996,7318.2999999999965,0
2007-09-06T00:00:00+00:00,7318.2999999999965,7334.699999999996,7205.569999999996,7205.569999999996,0
2007-09-07T00:00:00+00:00,7205.569999999996,7231.659999999996,7097.999999999996,7208.949999999996,0
2007-09-11T00:00:00+00:00,7208.949999999996,7238.709999999996,7140.959999999996,7146.699999999996,0
2007-09-12T00:00:00+00:00,7146.699999999996,7219.429999999996,7146.699999999996,7195.349999999996,0
2007-09-13T00:00:00+00:00,7195.349999999996,7214.659999999995,7157.329999999995,7209.659999999995,0
2007-09-14T00:00:00+00:00,7209.659999999995,7295.459999999995,7180.869999999995,7286.199999999995,0
2007-09-18T00:00:00+00:00,7286.199999999995,7319.9199999999955,7222.339999999995,7268.9599999999955,0
2007-09-19T00:00:00+00:00,7268.9599999999955,7397.339999999996,7260.9199999999955,7384.129999999996,0
2007-09-20T00:00:00+00:00,7384.129999999996,7526.039999999996,7382.769999999996,7505.859999999996,0
2007-09-21T00:00:00+00:00,7505.859999999996,7522.329999999996,7474.019999999996,7512.169999999996,0
2007-09-25T00:00:00+00:00,7512.169999999996,7532.5899999999965,7497.019999999997,7522.889999999997,0
2007-09-26T00:00:00+00:00,7522.889999999997,7554.649999999997,7485.159999999996,7537.159999999996,0
2007-09-27T00:00:00+00:00,7537.159999999996,7555.309999999996,7528.259999999996,7543.969999999996,0
2007-09-28T00:00:00+00:00,7543.969999999996,7581.729999999996,7536.889999999996,7553.339999999996,0
2007-10-02T00:00:00+00:00,7553.339999999996,7624.469999999996,7533.449999999995,7624.469999999996,0
2007-10-03T00:00:00+00:00,7624.469999999996,7658.379999999996,7611.389999999996,7634.039999999995,0
2007-10-04T00:00:00+00:00,7634.039999999995,7646.059999999995,7610.219999999996,7636.9599999999955,0
2007-10-05T00:00:00+00:00,7636.9599999999955,7663.119999999996,7608.1699999999955,7641.299999999996,0
2007-10-09T00:00:00+00:00,7641.299999999996,7650.309999999996,7600.789999999995,7606.909999999995,0
2007-10-10T00:00:00+00:00,7606.909999999995,7644.909999999995,7587.079999999995,7612.479999999995,0
2007-10-11T00:00:00+00:00,7612.479999999995,7635.839999999996,7582.429999999996,7613.069999999995,0
2007-10-12T00:00:00+00:00,7613.069999999995,7691.219999999995,7608.919999999995,7661.0799999999945,0
2007-10-16T00:00:00+00:00,7661.0799999999945,7661.0799999999945,7572.5399999999945,7590.7499999999945,0
2007-10-17T00:00:00+00:00,7590.7499999999945,7609.229999999995,7572.409999999994,7607.269999999995,0
2007-10-18T00:00:00+00:00,7607.269999999995,7679.779999999995,7604.249999999995,7648.149999999995,0
2007-10-19T00:00:00+00:00,7648.149999999995,7664.979999999996,7557.2099999999955,7571.819999999995,0
2007-10-23T00:00:00+00:00,7571.819999999995,7600.969999999995,7557.599999999995,7582.489999999994,0
2007-10-24T00:00:00+00:00,7582.489999999994,7636.219999999994,7582.489999999994,7602.389999999994,0
2007-10-25T00:00:00+00:00,7602.389999999994,7621.529999999994,7568.249999999994,7589.219999999994,0
2007-10-26T00:00:00+00:00,7589.219999999994,7697.179999999994,7587.9999999999945,7659.049999999994,0
2007-10-30T00:00:00+00:00,7659.049999999994,7686.119999999994,7656.359999999994,7679.319999999994,0
2007-10-31T00:00:00+00:00,7679.319999999994,7679.319999999994,7640.969999999994,7652.669999999994,0
2007-11-01T00:00:00+00:00,7652.669999999994,7705.139999999993,7638.129999999993,7696.8699999999935,0
2007-11-02T00:00:00+00:00,7696.8699999999935,7710.8699999999935,7526.219999999994,7553.309999999994,0
2007-11-06T00:00:00+00:00,7553.309999999994,7593.339999999994,7542.389999999994,7569.969999999994,0
2007-11-07T00:00:00+00:00,7569.969999999994,7606.699999999993,7568.529999999993,7573.939999999993,0
2007-11-08T00:00:00+00:00,7573.939999999993,7589.039999999993,7474.799999999993,7534.499999999993,0
2007-11-09T00:00:00+00:00,7534.499999999993,7607.339999999992,7464.809999999992,7582.409999999993,0
2007-11-13T00:00:00+00:00,7582.409999999993,7612.519999999993,7567.9899999999925,7608.759999999993,0
2007-11-14T00:00:00+00:00,7608.759999999993,7618.839999999993,7579.579999999993,7604.899999999993,0
2007-11-15T00:00:00+00:00,7604.899999999993,7649.489999999993,7548.989999999993,7566.589999999993,0
2007-11-16T00:00:00+00:00,7566.589999999993,7588.649999999992,7420.469999999992,7451.809999999992,0
2007-11-20T00:00:00+00:00,7451.809999999992,7466.709999999993,7342.509999999992,7355.579999999993,0
2007-11-21T00:00:00+00:00,7355.579999999993,7439.689999999992,7328.899999999992,7435.539999999993,0
2007-11-22T00:00:00+00:00,7435.539999999993,7435.539999999993,7340.189999999993,7384.099999999993,0
2007-11-23T00:00:00+00:00,7384.099999999993,7426.429999999993,7333.389999999993,7407.399999999993,0
2007-11-27T00:00:00+00:00,7407.399999999993,7439.959999999993,7324.999999999993,7332.659999999993,0
2007-11-28T00:00:00+00:00,7332.659999999993,7341.519999999992,7239.729999999992,7326.459999999993,0
2007-11-29T00:00:00+00:00,7326.459999999993,7503.1999999999925,7310.7399999999925,7497.859999999992,0
2007-11-30T00:00:00+00:00,7497.859999999992,7523.039999999992,7471.999999999992,7507.749999999992,0
2007-12-04T00:00:00+00:00,7507.749999999992,7537.949999999992,7474.019999999991,7485.619999999992,0
2007-12-05T00:00:00+00:00,7485.619999999992,7493.689999999991,7428.869999999992,7452.689999999991,0
2007-12-06T00:00:00+00:00,7452.689999999991,7555.689999999991,7444.369999999992,7546.519999999992,0
2007-12-07T00:00:00+00:00,7546.519999999992,7586.379999999992,7499.8199999999915,7528.919999999992,0
2007-12-11T00:00:00+00:00,7528.919999999992,7613.909999999992,7511.409999999992,7589.579999999992,0
2007-12-12T00:00:00+00:00,7589.579999999992,7606.249999999992,7522.619999999992,7548.629999999992,0
2007-12-13T00:00:00+00:00,7548.629999999992,7697.489999999992,7507.8199999999915,7655.8199999999915,0
2007-12-14T00:00:00+00:00,7655.8199999999915,7675.669999999991,7564.329999999991,7569.659999999992,0
2007-12-18T00:00:00+00:00,7569.659999999992,7569.679999999991,7497.509999999992,7510.929999999991,0
2007-12-19T00:00:00+00:00,7510.929999999991,7642.6099999999915,7495.949999999992,7550.589999999991,0
2007-12-20T00:00:00+00:00,7550.589999999991,7561.849999999991,7462.659999999991,7522.579999999991,0
2007-12-21T00:00:00+00:00,7522.579999999991,7599.369999999991,7522.489999999991,7549.50999999999,0
2007-12-27T00:00:00+00:00,7549.50999999999,7687.20999999999,7500.50999999999,7510.60999999999,9073
2007-12-28T00:00:00+00:00,7510.60999999999,7545.86999999999,7496.6499999999905,7510.4799999999905,0
2008-01-02T00:00:00+00:00,7510.4799999999905,7549.779999999991,7344.4799999999905,7373.87999999999,13155
2008-01-03T00:00:00+00:00,7373.87999999999,7428.54999999999,7253.0199999999895,7277.0199999999895,0
2008-01-04T00:00:00+00:00,7277.0199999999895,7305.399999999989,7193.889999999989,7243.909999999989,0
2008-01-08T00:00:00+00:00,7243.909999999989,7291.72999999999,7214.7699999999895,7250.259999999989,0
2008-01-09T00:00:00+00:00,7250.259999999989,7329.199999999989,7237.2699999999895,7255.749999999989,0
2008-01-10T00:00:00+00:00,7255.749999999989,7258.139999999989,7186.93999999999,7199.22999999999,0
2008-01-11T00:00:00+00:00,7199.22999999999,7231.06999999999,7100.96999999999,7113.20999999999,0
2008-01-15T00:00:00+00:00,7113.20999999999,7179.83999999999,7104.20999999999,7152.6899999999905,0
2008-01-16T00:00:00+00:00,7152.6899999999905,7162.34999999999,7001.98999999999,7004.46999999999,0
2008-01-17T00:00:00+00:00,7004.46999999999,7023.549999999991,6918.369999999991,6939.55999999999,0
2008-01-18T00:00:00+00:00,6939.55999999999,6982.17999999999,6834.78999999999,6848.23999999999,0
2008-01-22T00:00:00+00:00,6848.23999999999,6848.23999999999,6318.32999999999,6345.749999999989,0
2008-01-23T00:00:00+00:00,6345.749999999989,6631.979999999989,6175.069999999989,6523.829999999989,0
2008-01-24T00:00:00+00:00,6523.829999999989,6596.8899999999885,6096.419999999988,6151.229999999989,0
2008-01-25T00:00:00+00:00,6151.229999999989,6456.0999999999885,6151.229999999989,6422.189999999989,0
2008-01-29T00:00:00+00:00,6422.189999999989,6500.269999999989,6353.199999999989,6491.749999999989,0
2008-01-30T00:00:00+00:00,6491.749999999989,6587.029999999989,6480.829999999989,6550.109999999989,0
2008-01-31T00:00:00+00:00,6550.109999999989,6583.959999999989,6485.629999999988,6538.539999999989,0
2008-02-01T00:00:00+00:00,6538.539999999989,6569.409999999989,6372.909999999989,6533.409999999989,0
2008-02-05T00:00:00+00:00,6533.409999999989,6573.959999999988,6490.699999999989,6515.259999999988,0
2008-02-06T00:00:00+00:00,6515.259999999988,6516.569999999989,6260.689999999989,6281.769999999989,0
2008-02-07T00:00:00+00:00,6281.769999999989,6417.169999999988,6252.169999999988,6402.739999999989,0
2008-02-08T00:00:00+00:00,6402.739999999989,6412.829999999989,6229.319999999989,6307.389999999989,0
2008-02-12T00:00:00+00:00,6307.389999999989,6395.629999999989,6274.18999999999,6326.959999999989,0
2008-02-13T00:00:00+00:00,6326.959999999989,6512.719999999988,6279.689999999989,6501.329999999989,0
2008-02-14T00:00:00+00:00,6501.329999999989,6594.169999999989,6457.059999999989,6560.789999999989,0
2008-02-15T00:00:00+00:00,6560.789999999989,6598.299999999989,6471.52999999999,6498.499999999989,0
2008-02-19T00:00:00+00:00,6498.499999999989,6630.69999999999,6498.499999999989,6600.47999999999,0
2008-02-20T00:00:00+00:00,6600.47999999999,6732.539999999989,6543.72999999999,6655.089999999989,0
2008-02-21T00:00:00+00:00,6655.089999999989,6686.999999999989,6574.649999999989,6621.749999999989,0
2008-02-22T00:00:00+00:00,6621.749999999989,6711.269999999989,6574.699999999989,6598.259999999989,0
2008-02-26T00:00:00+00:00,6598.259999999989,6669.949999999989,6572.459999999989,6629.89999999999,0
2008-02-27T00:00:00+00:00,6629.89999999999,6730.909999999989,6629.89999999999,6709.43999999999,0
2008-02-28T00:00:00+00:00,6709.43999999999,6719.44999999999,6582.97999999999,6699.59999999999,0
2008-02-29T00:00:00+00:00,6699.59999999999,6709.569999999991,6563.76999999999,6576.699999999991,0
2008-03-04T00:00:00+00:00,6576.699999999991,6585.249999999991,6492.329999999991,6573.669999999991,0
2008-03-05T00:00:00+00:00,6573.669999999991,6601.099999999991,6397.769999999991,6425.979999999991,0
2008-03-06T00:00:00+00:00,6425.979999999991,6541.979999999991,6421.499999999991,6526.389999999991,0
2008-03-07T00:00:00+00:00,6526.389999999991,6534.809999999991,6421.249999999992,6442.959999999992,0
2008-03-11T00:00:00+00:00,6442.959999999992,6493.2399999999925,6370.369999999993,6403.929999999992,0
2008-03-12T00:00:00+00:00,6403.929999999992,6545.399999999992,6373.139999999992,6465.969999999992,0
2008-03-13T00:00:00+00:00,6465.969999999992,6558.029999999992,6460.809999999991,6490.8199999999915,0
2008-03-14T00:00:00+00:00,6490.8199999999915,6490.8199999999915,6360.239999999992,6461.759999999992,0
2008-03-18T00:00:00+00:00,6461.759999999992,6462.859999999992,6268.659999999992,6283.139999999992,0
2008-03-19T00:00:00+00:00,6283.139999999992,6463.459999999992,6283.139999999992,6438.899999999992,0
2008-03-20T00:00:00+00:00,6438.899999999992,6479.649999999992,6320.259999999993,6370.879999999993,0
2008-03-21T00:00:00+00:00,6370.879999999993,6416.059999999992,6310.799999999992,6359.809999999992,0
2008-03-25T00:00:00+00:00,6359.809999999992,6546.109999999992,6359.809999999992,6516.509999999992,16023
2008-03-26T00:00:00+00:00,6516.509999999992,6613.539999999992,6516.419999999992,6597.769999999992,0
2008-03-27T00:00:00+00:00,6597.769999999992,6627.619999999992,6558.339999999992,6578.599999999992,0
2008-03-28T00:00:00+00:00,6578.599999999992,6702.739999999992,6571.389999999992,6670.639999999992,0
2008-04-01T00:00:00+00:00,6670.639999999992,6681.649999999992,6570.149999999992,6675.499999999993,0
2008-04-02T00:00:00+00:00,6675.499999999993,6890.979999999992,6653.419999999992,6876.809999999992,0
2008-04-03T00:00:00+00:00,6876.809999999992,6934.229999999992,6853.999999999993,6905.009999999992,0
2008-04-04T00:00:00+00:00,6905.009999999992,6919.229999999992,6812.439999999992,6858.329999999993,0
2008-04-08T00:00:00+00:00,6858.329999999993,6899.0299999999925,6850.839999999993,6876.809999999992,0
2008-04-09T00:00:00+00:00,6876.809999999992,6877.099999999992,6805.599999999992,6853.739999999992,0
2008-04-10T00:00:00+00:00,6853.739999999992,6887.319999999992,6807.319999999992,6823.619999999992,0
2008-04-11T00:00:00+00:00,6823.619999999992,6825.999999999992,6715.709999999992,6811.249999999992,0
2008-04-15T00:00:00+00:00,6811.249999999992,6822.599999999992,6765.859999999992,6803.839999999992,0
2008-04-16T00:00:00+00:00,6803.839999999992,6849.599999999992,6747.619999999992,6807.769999999992,0
2008-04-17T00:00:00+00:00,6807.769999999992,6894.019999999992,6783.839999999993,6885.999999999993,0
2008-04-18T00:00:00+00:00,6885.999999999993,6911.859999999993,6833.729999999993,6850.529999999993,0
2008-04-22T00:00:00+00:00,6850.529999999993,6858.499999999993,6759.569999999993,6796.399999999993,0
2008-04-23T00:00:00+00:00,6796.399999999993,6852.579999999994,6736.939999999993,6762.259999999994,0
2008-04-24T00:00:00+00:00,6762.259999999994,6836.279999999994,6679.469999999994,6817.639999999994,0
2008-04-25T00:00:00+00:00,6817.639999999994,6868.609999999993,6761.6199999999935,6862.029999999993,0
2008-04-29T00:00:00+00:00,6862.029999999993,6914.099999999994,6854.559999999994,6872.959999999994,0
2008-04-30T00:00:00+00:00,6872.959999999994,6877.529999999993,6822.649999999993,6852.879999999994,0
2008-05-01T00:00:00+00:00,6888.21,6962.6,6851.52,6948.82,0
2008-05-02T00:00:00+00:00,6948.82,7131.62,6948.82,7075.22,14505
2008-05-06T00:00:00+00:00,7075.22,7098.150000000001,7059.96,7090.31,0
2008-05-07T00:00:00+00:00,7090.31,7109.030000000001,7015.820000000001,7063.760000000001,0
2008-05-08T00:00:00+00:00,7063.760000000001,7130.450000000001,7059.930000000001,7099.170000000001,0
2008-05-09T00:00:00+00:00,7099.170000000001,7134.990000000001,7074.600000000001,7133.4400000000005,0
2008-05-13T00:00:00+00:00,7133.4400000000005,7176.750000000001,7118.570000000001,7148.1,0
2008-05-14T00:00:00+00:00,7148.1,7166.36,7087.87,7145.69,0
2008-05-15T00:00:00+00:00,7145.69,7165.459999999999,7065.299999999999,7147.209999999999,0
2008-05-16T00:00:00+00:00,7147.209999999999,7163.759999999999,7112.179999999999,7156.139999999999,0
2008-05-20T00:00:00+00:00,7156.139999999999,7210.979999999999,7144.559999999999,7205.059999999999,0
2008-05-21T00:00:00+00:00,7205.059999999999,7205.969999999998,7125.239999999999,7135.489999999999,0
2008-05-22T00:00:00+00:00,7135.489999999999,7157.799999999999,7019.549999999999,7047.249999999999,0
2008-05-23T00:00:00+00:00,7047.249999999999,7121.269999999999,7011.579999999999,7101.369999999999,0
2008-05-27T00:00:00+00:00,7101.369999999999,7142.619999999999,7095.039999999999,7131.2699999999995,0
2008-05-28T00:00:00+00:00,7131.2699999999995,7171.499999999999,7071.079999999999,7123.879999999999,0
2008-05-29T00:00:00+00:00,7123.879999999999,7225.45,7098.33,7177.03,0
2008-05-30T00:00:00+00:00,7177.03,7206.44,7126.009999999999,7176.339999999999,0
2008-06-03T00:00:00+00:00,7176.339999999999,7179.69,7073.049999999999,7086.41,0
2008-06-04T00:00:00+00:00,7086.41,7122.67,7061.87,7118.62,0
2008-06-05T00:00:00+00:00,7118.62,7119.13,7022.9400000000005,7090.360000000001,0
2008-06-06T00:00:00+00:00,7090.360000000001,7134.580000000001,7030.660000000001,7067.4800000000005,0
2008-06-10T00:00:00+00:00,7067.4800000000005,7116.62,7040.03,7092.93,0
2008-06-11T00:00:00+00:00,7092.93,7102.2300000000005,7019.63,7074.750000000001,0
2008-06-12T00:00:00+00:00,7074.750000000001,7105.750000000001,6930.620000000001,6943.130000000001,0
2008-06-13T00:00:00+00:00,6943.130000000001,7028.650000000001,6943.130000000001,7010.050000000001,0
2008-06-17T00:00:00+00:00,7010.050000000001,7049.280000000001,6908.420000000001,6966.500000000001,0
2008-06-18T00:00:00+00:00,6966.500000000001,7078.840000000001,6966.4800000000005,7019.160000000001,0
2008-06-19T00:00:00+00:00,7019.160000000001,7020.750000000001,6929.7300000000005,6952.89,0
2008-06-20T00:00:00+00:00,6952.89,7013.77,6911.13,6969.84,0
2008-06-24T00:00:00+00:00,6969.84,7011.7300000000005,6955.52,6972.47,0
2008-06-25T00:00:00+00:00,6972.47,7001.57,6828.71,6920.47,0
2008-06-26T00:00:00+00:00,6920.47,6997.43,6916.52,6986.650000000001,0
2008-06-27T00:00:00+00:00,6986.650000000001,6993.55,6863.22,6874.700000000001,0
2008-07-01T00:00:00+00:00,6874.700000000001,6897.870000000001,6759.570000000001,6869.650000000001,0
2008-07-02T00:00:00+00:00,6869.650000000001,6881.000000000001,6735.900000000001,6791.51,0
2008-07-03T00:00:00+00:00,6791.51,6867.88,6767.36,6777.33,0
2008-07-04T00:00:00+00:00,6777.33,6906.43,6714.910000000001,6868.09,0
2008-07-08T00:00:00+00:00,6868.09,6972.01,6842.4400000000005,6951.52,0
2008-07-09T00:00:00+00:00,6951.52,6969.360000000001,6864.09,6941.76,0
2008-07-10T00:00:00+00:00,6941.76,7008.89,6941.76,6997.530000000001,0
2008-07-11T00:00:00+00:00,6997.530000000001,7043.540000000001,6913.210000000001,6963.900000000001,0
2008-07-15T00:00:00+00:00,6963.900000000001,7033.400000000001,6963.790000000001,6979.500000000001,0
2008-07-16T00:00:00+00:00,6979.500000000001,6989.34,6831.1900000000005,6906.31,0
2008-07-17T00:00:00+00:00,6906.31,6982.72,6805.01,6961.06,0
2008-07-18T00:00:00+00:00,6961.06,7102.330000000001,6961.06,7055.260000000001,0
2008-07-22T00:00:00+00:00,7055.260000000001,7158.1100000000015,7016.640000000001,7098.660000000002,0
2008-07-23T00:00:00+00:00,7098.660000000002,7153.480000000001,7025.630000000001,7146.390000000001,0
2008-07-24T00:00:00+00:00,7146.390000000001,7222.600000000001,7145.390000000001,7196.430000000001,0
2008-07-25T00:00:00+00:00,7196.430000000001,7227.3600000000015,7065.5700000000015,7090.960000000001,0
2008-07-29T00:00:00+00:00,7090.960000000001,7090.960000000001,7004.920000000001,7013.750000000001,0
2008-07-30T00:00:00+00:00,7013.750000000001,7136.320000000001,6975.610000000001,7109.670000000001,0
2008-07-31T00:00:00+00:00,7109.670000000001,7208.690000000001,7099.780000000002,7163.760000000001,0
2008-08-01T00:00:00+00:00,7163.760000000001,7236.350000000001,7124.390000000001,7175.460000000002,0
2008-08-05T00:00:00+00:00,7175.460000000002,7175.690000000001,7094.170000000002,7121.970000000002,0
2008-08-06T00:00:00+00:00,7121.970000000002,7297.660000000003,7108.500000000003,7284.270000000002,0
2008-08-07T00:00:00+00:00,7284.270000000002,7321.510000000002,7248.890000000002,7314.110000000002,0
2008-08-08T00:00:00+00:00,7314.110000000002,7391.920000000003,7291.940000000002,7314.640000000002,0
2008-08-12T00:00:00+00:00,7314.640000000002,7356.980000000001,7299.4000000000015,7353.750000000002,0
2008-08-13T00:00:00+00:00,7353.750000000002,7378.750000000002,7297.290000000002,7337.920000000002,0
2008-08-14T00:00:00+00:00,7337.920000000002,7341.5700000000015,7192.280000000002,7197.140000000001,0
2008-08-15T00:00:00+00:00,7197.140000000001,7227.690000000001,7115.990000000002,7188.620000000002,0
2008-08-19T00:00:00+00:00,7188.620000000002,7238.390000000001,7127.430000000001,7185.3600000000015,0
2008-08-20T00:00:00+00:00,7185.3600000000015,7187.740000000002,7055.260000000001,7068.960000000002,0
2008-08-21T00:00:00+00:00,7068.960000000002,7107.920000000002,7033.620000000002,7088.930000000002,0
2008-08-22T00:00:00+00:00,7088.930000000002,7092.090000000002,7017.710000000003,7035.570000000002,0
2008-08-26T00:00:00+00:00,7035.570000000002,7064.180000000003,6991.7400000000025,6999.580000000003,0
2008-08-27T00:00:00+00:00,6999.580000000003,7082.300000000002,6949.840000000002,7052.290000000003,0
2008-08-28T00:00:00+00:00,7052.290000000003,7062.470000000002,6968.070000000002,7036.970000000002,0
2008-08-29T00:00:00+00:00,7036.970000000002,7179.2400000000025,6988.4900000000025,7143.600000000002,0
2008-09-02T00:00:00+00:00,7143.600000000002,7191.730000000001,7083.850000000002,7164.550000000002,0
2008-09-03T00:00:00+00:00,7164.550000000002,7301.600000000001,7126.730000000001,7266.170000000002,0
2008-09-04T00:00:00+00:00,7266.170000000002,7297.260000000002,7217.960000000002,7245.540000000002,0
2008-09-05T00:00:00+00:00,7245.540000000002,7250.500000000002,7031.420000000002,7047.910000000002,0
2008-09-09T00:00:00+00:00,7047.910000000002,7142.370000000002,7026.830000000002,7049.310000000001,0
2008-09-10T00:00:00+00:00,7049.310000000001,7118.230000000001,6990.160000000001,7024.460000000001,0
2008-09-11T00:00:00+00:00,7024.460000000001,7053.56,6959.710000000001,7009.4800000000005,0
2008-09-12T00:00:00+00:00,7009.4800000000005,7019.040000000001,6903.170000000001,6995.77,0
2008-09-16T00:00:00+00:00,6995.77,6995.77,6799.490000000001,6921.51,0
2008-09-17T00:00:00+00:00,6921.51,6928.09,6762.61,6869.21,0
2008-09-18T00:00:00+00:00,6869.21,6927.04,6716.7699999999995,6752.509999999999,0
2008-09-19T00:00:00+00:00,6752.509999999999,6844.749999999999,6690.23,6740.879999999999,0
2008-09-23T00:00:00+00:00,6740.879999999999,6787.429999999999,6658.409999999999,6660.049999999999,0
2008-09-24T00:00:00+00:00,6660.049999999999,6691.6799999999985,6601.949999999999,6636.729999999999,0
2008-09-25T00:00:00+00:00,6636.729999999999,6674.509999999999,6579.119999999999,6618.279999999999,0
2008-09-26T00:00:00+00:00,6618.279999999999,6749.099999999999,6610.5199999999995,6733.699999999999,0
2008-09-30T00:00:00+00:00,6733.699999999999,6739.189999999999,6526.109999999999,6530.6799999999985,0
2008-10-01T00:00:00+00:00,6530.6799999999985,6639.149999999999,6460.579999999998,6633.399999999999,0
2008-10-02T00:00:00+00:00,6633.399999999999,6634.719999999998,6515.1399999999985,6574.649999999999,0
2008-10-03T00:00:00+00:00,6574.649999999999,6657.479999999999,6411.009999999998,6441.1799999999985,0
2008-10-07T00:00:00+00:00,6441.1799999999985,6441.1799999999985,6127.949999999999,6222.119999999999,0
2008-10-08T00:00:00+00:00,6222.119999999999,6274.069999999999,6072.039999999999,6098.369999999999,0
2008-10-09T00:00:00+00:00,6098.369999999999,6180.409999999999,5731.459999999999,5874.879999999999,0
2008-10-10T00:00:00+00:00,5874.879999999999,5973.509999999999,5623.599999999999,5706.98,0
2008-10-14T00:00:00+00:00,5706.98,6127.409999999999,5706.339999999999,6127.409999999999,0
2008-10-15T00:00:00+00:00,6127.409999999999,6376.059999999999,6087.3899999999985,6191.459999999998,0
2008-10-16T00:00:00+00:00,6191.459999999998,6196.199999999998,5794.749999999998,5865.699999999998,0
2008-10-17T00:00:00+00:00,5865.699999999998,6080.579999999998,5711.709999999998,5812.609999999999,0
2008-10-21T00:00:00+00:00,5812.609999999999,5862.039999999998,5675.119999999999,5755.859999999999,0
2008-10-22T00:00:00+00:00,5755.859999999999,5782.699999999999,5609.279999999999,5657.469999999998,0
2008-10-23T00:00:00+00:00,5657.469999999998,5658.039999999999,5453.369999999999,5488.799999999998,0
2008-10-24T00:00:00+00:00,5488.799999999998,5505.959999999998,5293.289999999998,5448.789999999998,0
2008-10-28T00:00:00+00:00,5448.789999999998,5791.469999999998,5368.109999999999,5639.979999999999,0
2008-10-29T00:00:00+00:00,5639.979999999999,6148.519999999999,5639.979999999999,6148.519999999999,0
2008-10-30T00:00:00+00:00,6148.519999999999,6574.109999999999,6148.519999999999,6496.949999999998,0
2008-10-31T00:00:00+00:00,6496.949999999998,6645.299999999997,6430.079999999998,6472.109999999998,0
2008-11-04T00:00:00+00:00,6472.109999999998,6507.709999999998,6386.109999999998,6445.009999999998,0
2008-11-05T00:00:00+00:00,6445.009999999998,6728.749999999998,6419.279999999999,6704.219999999998,0
2008-11-06T00:00:00+00:00,6704.219999999998,6707.329999999998,6578.269999999999,6602.289999999998,0
2008-11-07T00:00:00+00:00,6602.289999999998,6602.289999999998,6281.819999999999,6313.879999999998,0
2008-11-11T00:00:00+00:00,6313.879999999998,6424.599999999998,6287.489999999998,6314.979999999998,0
2008-11-12T00:00:00+00:00,6314.979999999998,6314.979999999998,6073.139999999998,6092.239999999998,0
2008-11-13T00:00:00+00:00,6092.239999999998,6165.999999999998,5845.779999999998,5911.1399999999985,0
2008-11-14T00:00:00+00:00,5911.1399999999985,6025.279999999998,5836.3899999999985,5961.019999999999,0
2008-11-18T00:00:00+00:00,5961.019999999999,5994.309999999999,5772.729999999999,5817.789999999999,0
2008-11-19T00:00:00+00:00,5817.789999999999,5868.849999999999,5707.19,5840.78,0
2008-11-20T00:00:00+00:00,5840.78,5841.139999999999,5592.37,5608.54,0
2008-11-21T00:00:00+00:00,5608.54,5646.72,5447.05,5553.76,0
2008-11-25T00:00:00+00:00,5553.76,5965.12,5540.6,5940.38,0
2008-11-26T00:00:00+00:00,5940.38,6111.63,5873.83,5978.95,0
2008-11-27T00:00:00+00:00,5978.95,6062.62,5874.07,6010.9,0
2008-11-28T00:00:00+00:00,6010.9,6097.41,6003.66,6079.77,0
2008-12-02T00:00:00+00:00,6079.77,6094.56,5794.570000000001,5821.4400000000005,0
2008-12-03T00:00:00+00:00,5821.4400000000005,6044.490000000001,5776.34,6004.1,0
2008-12-04T00:00:00+00:00,6004.1,6098.1,5872.85,6062.46,0
2008-12-05T00:00:00+00:00,6062.46,6235.410000000001,5994.34,6066.71,0
2008-12-09T00:00:00+00:00,6066.71,6293.55,6066.71,6233.72,0
2008-12-10T00:00:00+00:00,6233.72,6410.59,6182.44,6339.3099999999995,0
2008-12-11T00:00:00+00:00,6339.3099999999995,6367.97,6271.73,6333.71,0
2008-12-12T00:00:00+00:00,6333.71,6364.36,6252.19,6309.349999999999,0
2008-12-16T00:00:00+00:00,6309.349999999999,6364.279999999999,6218.419999999999,6245.779999999999,0
2008-12-17T00:00:00+00:00,6245.779999999999,6340.69,6238.289999999999,6312.329999999999,0
2008-12-18T00:00:00+00:00,6312.329999999999,6328.029999999999,6182.789999999999,6251.999999999999,0
2008-12-19T00:00:00+00:00,6251.999999999999,6306.619999999999,6237.719999999998,6278.299999999998,0
2008-12-23T00:00:00+00:00,6278.299999999998,6285.749999999998,6160.159999999999,6223.659999999999,0
2008-12-24T00:00:00+00:00,6223.659999999999,6308.789999999999,6213.159999999999,6219.569999999999,0
2008-12-30T00:00:00+00:00,6219.569999999999,6292.249999999999,6215.309999999999,6264.259999999998,0
2008-12-31T00:00:00+00:00,4754.22,4810.41,4754.22,4810.2,0
2009-01-06T00:00:00+00:00,4810.2,4834.87,4749.379999999999,4784.009999999999,0
2009-01-07T00:00:00+00:00,4784.009999999999,4902.36,4751.549999999999,4817.65,0
2009-01-08T00:00:00+00:00,4817.65,4820,4723.25,4746.5,0
2009-01-09T00:00:00+00:00,4746.5,4766.96,4669.42,4729.25,0
2009-01-13T00:00:00+00:00,4729.25,4755.83,4672.37,4683.49,0
2009-01-14T00:00:00+00:00,4683.49,4683.49,4575.469999999999,4615.919999999999,0
2009-01-15T00:00:00+00:00,4615.919999999999,4624.919999999999,4333.959999999999,4376.429999999999,0
2009-01-16T00:00:00+00:00,4376.429999999999,4393.529999999999,4237.969999999999,4278.939999999999,0
2009-01-20T00:00:00+00:00,4278.939999999999,4321.629999999998,4118.969999999998,4185.199999999999,0
2009-01-21T00:00:00+00:00,4185.199999999999,4269.8899999999985,4110.539999999999,4127.629999999999,0
2009-01-22T00:00:00+00:00,4127.629999999999,4233.129999999999,4059.7,4180.589999999999,0
2009-01-23T00:00:00+00:00,4180.589999999999,4235.7,4064.25,4086.6499999999996,0
2009-01-27T00:00:00+00:00,4086.6499999999996,4292.46,4066.0599999999995,4247.8099999999995,0
2009-01-28T00:00:00+00:00,4247.8099999999995,4285.61,4189.79,4248.24,0
2009-01-29T00:00:00+00:00,4248.24,4434.16,4248.24,4419.18,0
2009-01-30T00:00:00+00:00,4419.18,4424.88,4317.42,4351.55,0
2009-02-03T00:00:00+00:00,4351.55,4351.57,4240.53,4313.42,0
2009-02-04T00:00:00+00:00,4313.42,4396.339999999999,4235.429999999999,4385.86,0
2009-02-05T00:00:00+00:00,4385.86,4543.12,4369.61,4490.389999999999,0
2009-02-06T00:00:00+00:00,4490.389999999999,4565.879999999999,4434.219999999999,4556.929999999999,0
2009-02-10T00:00:00+00:00,4556.929999999999,4617.69,4525.839999999999,4595.919999999999,0
2009-02-11T00:00:00+00:00,4595.919999999999,4608.509999999998,4464.819999999999,4464.819999999999,0
2009-02-12T00:00:00+00:00,4464.819999999999,4512.319999999999,4439.159999999999,4503.189999999999,0
2009-02-13T00:00:00+00:00,4503.189999999999,4503.189999999999,4355.979999999999,4392.069999999999,0
2009-02-17T00:00:00+00:00,4392.069999999999,4427.3899999999985,4364.899999999999,4372.249999999999,0
2009-02-18T00:00:00+00:00,4372.249999999999,4372.5999999999985,4238.119999999999,4259.499999999999,0
2009-02-19T00:00:00+00:00,4259.499999999999,4285.36,4154.079999999999,4234.929999999999,0
2009-02-20T00:00:00+00:00,4234.929999999999,4297.3099999999995,4211.379999999999,4237.429999999999,0
2009-02-24T00:00:00+00:00,4237.429999999999,4291.7,4092.8899999999994,4116.629999999999,0
2009-02-25T00:00:00+00:00,4116.629999999999,4127.199999999999,4011.4899999999993,4090.359999999999,0
2009-02-26T00:00:00+00:00,4090.359999999999,4130.199999999999,3943.2199999999993,3998.6399999999994,0
2009-02-27T00:00:00+00:00,3998.6399999999994,4105.389999999999,3965.5199999999995,4058.379999999999,0
2009-03-03T00:00:00+00:00,4058.379999999999,4062.839999999999,3933.649999999999,3950.939999999999,0
2009-03-04T00:00:00+00:00,3950.939999999999,3982.289999999999,3894.269999999999,3917.1299999999987,0
2009-03-05T00:00:00+00:00,3917.1299999999987,4084.099999999999,3914.299999999999,4083.329999999999,0
2009-03-06T00:00:00+00:00,4083.329999999999,4083.329999999999,3914.639999999999,3914.639999999999,0
2009-03-10T00:00:00+00:00,3914.639999999999,3943.889999999999,3826.4599999999987,3929.599999999999,0
2009-03-11T00:00:00+00:00,3929.599999999999,4121.449999999999,3894.639999999999,4100.289999999999,0
2009-03-12T00:00:00+00:00,4100.289999999999,4209.289999999999,4001.289999999999,4193.289999999999,15962
2009-03-13T00:00:00+00:00,4193.289999999999,4253.289999999999,4135.289999999999,4193.289999999999,13863
2009-03-16T00:00:00+00:00,4193.289999999999,4272.289999999999,4184.289999999999,4212.289999999999,13103
2009-03-17T00:00:00+00:00,4212.289999999999,4258.289999999999,4149.289999999999,4255.289999999999,13298
2009-03-18T00:00:00+00:00,4255.289999999999,4311.289999999999,4100.289999999999,4235.289999999999,14738
2009-03-19T00:00:00+00:00,4235.289999999999,4332.289999999999,4197.289999999999,4226.289999999999,15049
2009-03-20T00:00:00+00:00,4226.289999999999,4283.289999999999,4192.289999999999,4204.289999999999,12952
2009-03-23T00:00:00+00:00,4204.289999999999,4439.289999999999,4204.289999999999,4436.289999999999,13475
2009-03-24T00:00:00+00:00,4436.289999999999,4451.289999999999,4354.289999999999,4369.289999999999,13340
2009-03-25T00:00:00+00:00,4369.289999999999,4464.289999999999,4332.289999999999,4399.289999999999,15008
2009-03-26T00:00:00+00:00,4399.289999999999,4496.289999999999,4399.289999999999,4476.289999999999,14490
2009-03-27T00:00:00+00:00,4476.289999999999,4476.289999999999,4355.289999999999,4389.289999999999,11956
2009-03-30T00:00:00+00:00,4389.289999999999,4389.289999999999,4163.289999999999,4193.289999999999,12971
2009-03-31T00:00:00+00:00,4193.289999999999,4331.289999999999,4188.289999999999,4292.289999999999,11686
2009-04-01T00:00:00+00:00,4292.289999999999,4378.289999999999,4197.289999999999,4365.289999999999,13502
2009-04-02T00:00:00+00:00,4365.289999999999,4604.289999999999,4365.289999999999,4545.289999999999,16454
2009-04-03T00:00:00+00:00,4545.289999999999,4656.289999999999,4533.289999999999,4634.289999999999,13473
2009-04-06T00:00:00+00:00,4634.289999999999,4660.289999999999,4505.289999999999,4565.289999999999,12794
2009-04-07T00:00:00+00:00,4565.289999999999,4581.289999999999,4477.289999999999,4496.289999999999,12665
2009-04-08T00:00:00+00:00,4496.289999999999,4590.289999999999,4428.289999999999,4571.289999999999,12047
2009-04-09T00:00:00+00:00,4571.289999999999,4712.289999999999,4571.289999999999,4709.289999999999,11683
2009-04-14T00:00:00+00:00,4709.289999999999,4784.289999999999,4664.289999999999,4715.289999999999,12838
2009-04-15T00:00:00+00:00,4715.289999999999,4800.289999999999,4688.289999999999,4798.289999999999,12478
2009-04-16T00:00:00+00:00,4798.289999999999,4859.289999999999,4731.289999999999,4838.289999999999,12715
2009-04-17T00:00:00+00:00,4838.289999999999,4890.289999999999,4790.289999999999,4875.289999999999,12386
2009-04-20T00:00:00+00:00,4875.289999999999,4877.289999999999,4662.289999999999,4677.289999999999,11698
2009-04-21T00:00:00+00:00,4677.289999999999,4751.289999999999,4594.289999999999,4746.289999999999,14020
2009-04-22T00:00:00+00:00,4746.289999999999,4815.289999999999,4657.289999999999,4741.289999999999,15466
2009-04-23T00:00:00+00:00,4741.289999999999,4808.289999999999,4721.289999999999,4785.289999999999,14930
2009-04-24T00:00:00+00:00,4785.289999999999,4883.289999999999,4748.289999999999,4862.289999999999,13797
2009-04-27T00:00:00+00:00,4862.289999999999,4921.289999999999,4775.289999999999,4874.289999999999,12887
2009-04-28T00:00:00+00:00,4874.289999999999,4877.289999999999,4754.289999999999,4807.289999999999,12952
2009-04-29T00:00:00+00:00,4807.289999999999,4936.289999999999,4807.289999999999,4894.289999999999,12120
2009-04-30T00:00:00+00:00,4894.289999999999,5040.289999999999,4893.289999999999,4949.289999999999,13881
2009-05-04T00:00:00+00:00,4949.289999999999,5115.289999999999,4949.289999999999,5114.289999999999,8894
2009-05-05T00:00:00+00:00,5114.289999999999,5131.289999999999,5045.289999999999,5068.289999999999,10549
2009-05-06T00:00:00+00:00,5068.289999999999,5147.289999999999,5027.289999999999,5126.289999999999,13067
2009-05-07T00:00:00+00:00,5126.289999999999,5177.289999999999,4986.289999999999,5015.289999999999,13657
2009-05-08T00:00:00+00:00,5015.289999999999,5168.289999999999,5015.289999999999,5157.289999999999,13614
2009-05-11T00:00:00+00:00,5157.289999999999,5157.289999999999,5032.289999999999,5056.289999999999,10981
2009-05-12T00:00:00+00:00,5056.289999999999,5131.289999999999,5019.289999999999,5081.289999999999,10953
2009-05-13T00:00:00+00:00,5081.289999999999,5111.289999999999,4904.289999999999,4921.289999999999,13666
2009-05-14T00:00:00+00:00,4921.289999999999,4969.289999999999,4855.289999999999,4940.289999999999,13904
2009-05-15T00:00:00+00:00,4940.289999999999,4975.289999999999,4884.289999999999,4902.289999999999,12675
2009-05-18T00:00:00+00:00,4902.289999999999,5088.289999999999,4857.289999999999,5086.289999999999,10282
2009-05-19T00:00:00+00:00,5086.289999999999,5178.289999999999,5084.289999999999,5149.289999999999,9329
2009-05-20T00:00:00+00:00,5149.289999999999,5262.289999999999,5137.289999999999,5184.289999999999,12068
2009-05-21T00:00:00+00:00,5184.289999999999,5189.289999999999,5061.289999999999,5100.289999999999,11273
2009-05-22T00:00:00+00:00,5100.289999999999,5165.289999999999,5068.289999999999,5101.289999999999,9880
2009-05-25T00:00:00+00:00,5101.289999999999,5141.289999999999,5028.289999999999,5100.289999999999,5391
2009-05-26T00:00:00+00:00,5100.289999999999,5213.289999999999,5002.289999999999,5200.289999999999,10854
2009-05-27T00:00:00+00:00,5200.289999999999,5237.289999999999,5128.289999999999,5138.289999999999,11307
2009-05-28T00:00:00+00:00,5138.289999999999,5191.289999999999,5085.289999999999,5172.289999999999,12303
2009-05-29T00:00:00+00:00,5172.289999999999,5212.289999999999,5119.289999999999,5178.289999999999,9845
2009-06-01T00:00:00+00:00,5178.289999999999,5358.289999999999,5178.289999999999,5327.289999999999,9034
2009-06-02T00:00:00+00:00,5327.289999999999,5379.289999999999,5301.289999999999,5348.289999999999,9820
2009-06-03T00:00:00+00:00,5348.289999999999,5371.289999999999,5217.289999999999,5260.289999999999,9743
2009-06-04T00:00:00+00:00,5260.289999999999,5323.289999999999,5245.289999999999,5286.289999999999,9523
2009-06-05T00:00:00+00:00,5286.289999999999,5365.289999999999,5247.289999999999,5274.289999999999,11599
2009-06-08T00:00:00+00:00,5274.289999999999,5274.289999999999,5168.289999999999,5241.289999999999,10422
2009-06-09T00:00:00+00:00,5241.289999999999,5266.289999999999,5179.289999999999,5208.289999999999,9827
2009-06-10T00:00:00+00:00,5208.289999999999,5336.289999999999,5208.289999999999,5242.289999999999,10078
2009-06-11T00:00:00+00:00,5242.289999999999,5328.289999999999,5239.289999999999,5281.289999999999,8456
2009-06-12T00:00:00+00:00,5281.289999999999,5307.289999999999,5243.289999999999,5287.289999999999,6923
2009-06-15T00:00:00+00:00,5287.289999999999,5290.289999999999,5082.289999999999,5112.289999999999,9239
2009-06-16T00:00:00+00:00,5112.289999999999,5135.289999999999,5045.289999999999,5049.289999999999,8790
2009-06-17T00:00:00+00:00,5049.289999999999,5088.289999999999,4962.289999999999,5006.289999999999,11439
2009-06-18T00:00:00+00:00,5006.289999999999,5059.289999999999,4970.289999999999,5028.289999999999,9104
2009-06-19T00:00:00+00:00,5028.289999999999,5080.289999999999,5016.289999999999,5029.289999999999,8971
2009-06-22T00:00:00+00:00,5029.289999999999,5063.289999999999,4879.289999999999,4889.289999999999,9234
2009-06-23T00:00:00+00:00,4889.289999999999,4952.289999999999,4870.289999999999,4914.289999999999,9263
2009-06-24T00:00:00+00:00,4914.289999999999,5042.289999999999,4899.289999999999,4989.289999999999,9408
2009-06-25T00:00:00+00:00,4989.289999999999,5043.289999999999,4920.289999999999,5032.289999999999,9876
2009-06-26T00:00:00+00:00,5032.289999999999,5067.289999999999,4954.289999999999,4988.289999999999,6162
2009-06-29T00:00:00+00:00,4988.289999999999,5105.289999999999,4941.289999999999,5078.289999999999,8156
2009-06-30T00:00:00+00:00,5078.289999999999,5108.289999999999,4991.289999999999,5019.289999999999,8680
2009-07-01T00:00:00+00:00,5019.289999999999,5131.289999999999,5008.289999999999,5080.289999999999,8482
2009-07-02T00:00:00+00:00,5080.289999999999,5081.289999999999,4906.289999999999,4925.289999999999,9133
2009-07-03T00:00:00+00:00,4925.289999999999,4951.289999999999,4886.289999999999,4908.289999999999,4929
2009-07-06T00:00:00+00:00,4908.289999999999,4908.289999999999,4810.289999999999,4885.289999999999,8501
2009-07-07T00:00:00+00:00,4885.289999999999,4905.289999999999,4773.289999999999,4783.289999999999,9046
2009-07-08T00:00:00+00:00,4783.289999999999,4833.289999999999,4754.289999999999,4789.289999999999,9948
2009-07-09T00:00:00+00:00,4789.289999999999,4872.289999999999,4789.289999999999,4826.289999999999,8936
2009-07-10T00:00:00+00:00,4826.289999999999,4847.289999999999,4769.289999999999,4791.289999999999,8445
2009-07-13T00:00:00+00:00,4791.289999999999,4952.289999999999,4722.289999999999,4940.289999999999,9410
2009-07-14T00:00:00+00:00,4940.289999999999,5004.289999999999,4906.289999999999,4987.289999999999,9979
2009-07-15T00:00:00+00:00,4987.289999999999,5148.289999999999,4987.289999999999,5142.289999999999,8582
2009-07-16T00:00:00+00:00,5142.289999999999,5223.289999999999,5105.289999999999,5208.289999999999,9588
2009-07-17T00:00:00+00:00,5208.289999999999,5221.289999999999,5162.289999999999,5205.289999999999,8647
2009-07-20T00:00:00+00:00,5205.289999999999,5264.289999999999,5205.289999999999,5253.289999999999,7062
2009-07-21T00:00:00+00:00,5253.289999999999,5344.289999999999,5230.289999999999,5307.289999999999,8042
2009-07-22T00:00:00+00:00,5307.289999999999,5341.289999999999,5252.289999999999,5314.289999999999,7827
2009-07-23T00:00:00+00:00,5314.289999999999,5471.289999999999,5303.289999999999,5452.289999999999,8696
2009-07-24T00:00:00+00:00,5452.289999999999,5505.289999999999,5402.289999999999,5464.289999999999,8416
2009-07-27T00:00:00+00:00,5464.289999999999,5519.289999999999,5418.289999999999,5474.289999999999,7689
2009-07-28T00:00:00+00:00,5474.289999999999,5506.289999999999,5366.289999999999,5425.289999999999,9023
2009-07-29T00:00:00+00:00,5425.289999999999,5510.289999999999,5347.289999999999,5488.289999999999,10143
2009-07-30T00:00:00+00:00,5488.289999999999,5600.289999999999,5456.289999999999,5538.289999999999,9861
2009-07-31T00:00:00+00:00,5538.289999999999,5587.289999999999,5506.289999999999,5535.289999999999,9279
2009-08-03T00:00:00+00:00,5535.289999999999,5668.289999999999,5509.289999999999,5634.289999999999,8920
2009-08-04T00:00:00+00:00,5634.289999999999,5641.289999999999,5565.289999999999,5630.289999999999,8123
2009-08-05T00:00:00+00:00,5630.289999999999,5655.289999999999,5535.289999999999,5589.289999999999,9542
2009-08-06T00:00:00+00:00,5589.289999999999,5626.289999999999,5538.289999999999,5565.289999999999,7117
2009-08-07T00:00:00+00:00,5565.289999999999,5684.289999999999,5517.289999999999,5643.289999999999,8196
2009-08-10T00:00:00+00:00,5643.289999999999,5647.289999999999,5593.289999999999,5612.289999999999,6391
2009-08-11T00:00:00+00:00,5612.289999999999,5658.289999999999,5475.289999999999,5508.289999999999,8551
2009-08-12T00:00:00+00:00,5508.289999999999,5586.289999999999,5456.289999999999,5555.289999999999,9046
2009-08-13T00:00:00+00:00,5555.289999999999,5658.289999999999,5555.289999999999,5607.289999999999,9368
2009-08-14T00:00:00+00:00,5607.289999999999,5648.289999999999,5493.289999999999,5552.289999999999,8940
2009-08-17T00:00:00+00:00,5552.289999999999,5552.289999999999,5378.289999999999,5414.289999999999,11383
2009-08-18T00:00:00+00:00,5414.289999999999,5462.289999999999,5402.289999999999,5445.289999999999,7937
2009-08-19T00:00:00+00:00,5445.289999999999,5481.289999999999,5361.289999999999,5460.289999999999,9145
2009-08-20T00:00:00+00:00,5460.289999999999,5536.289999999999,5460.289999999999,5518.289999999999,8003
2009-08-21T00:00:00+00:00,5518.289999999999,5682.289999999999,5483.289999999999,5653.289999999999,8814
2009-08-24T00:00:00+00:00,5653.289999999999,5735.289999999999,5653.289999999999,5679.289999999999,8162
2009-08-25T00:00:00+00:00,5679.289999999999,5779.289999999999,5661.289999999999,5737.289999999999,9782
2009-08-26T00:00:00+00:00,5737.289999999999,5775.289999999999,5703.289999999999,5735.289999999999,8899
2009-08-27T00:00:00+00:00,5735.289999999999,5744.289999999999,5633.289999999999,5720.289999999999,9140
2009-08-28T00:00:00+00:00,5720.289999999999,5777.289999999999,5693.289999999999,5720.289999999999,8855
2009-08-31T00:00:00+00:00,5720.289999999999,5720.289999999999,5639.289999999999,5676.289999999999,6731
2009-09-01T00:00:00+00:00,5676.289999999999,5723.289999999999,5504.289999999999,5514.289999999999,11617
2009-09-02T00:00:00+00:00,5514.289999999999,5541.289999999999,5465.289999999999,5496.289999999999,12226
2009-09-03T00:00:00+00:00,5496.289999999999,5564.289999999999,5477.289999999999,5529.289999999999,8250
2009-09-04T00:00:00+00:00,5529.289999999999,5631.289999999999,5509.289999999999,5622.289999999999,8484
2009-09-07T00:00:00+00:00,5622.289999999999,5678.289999999999,5616.289999999999,5661.289999999999,3672
2009-09-08T00:00:00+00:00,5661.289999999999,5706.289999999999,5658.289999999999,5686.289999999999,7689
2009-09-09T00:00:00+00:00,5686.289999999999,5788.289999999999,5653.289999999999,5757.289999999999,9509
2009-09-10T00:00:00+00:00,5757.289999999999,5829.289999999999,5749.289999999999,5823.289999999999,9668
2009-09-11T00:00:00+00:00,5823.289999999999,5855.289999999999,5800.289999999999,5821.289999999999,8682
2009-09-14T00:00:00+00:00,5821.289999999999,5844.289999999999,5735.289999999999,5840.289999999999,7974
2009-09-15T00:00:00+00:00,5840.289999999999,5852.289999999999,5786.289999999999,5838.289999999999,8315
2009-09-16T00:00:00+00:00,5838.289999999999,5930.289999999999,5838.289999999999,5917.289999999999,7586
2009-09-17T00:00:00+00:00,5917.289999999999,5951.289999999999,5897.289999999999,5923.289999999999,9194
2009-09-18T00:00:00+00:00,5923.289999999999,5963.289999999999,5903.289999999999,5922.289999999999,8527
2009-09-21T00:00:00+00:00,5922.289999999999,5922.289999999999,5817.289999999999,5868.289999999999,7615
2009-09-22T00:00:00+00:00,5868.289999999999,5954.289999999999,5864.289999999999,5915.289999999999,6982
2009-09-23T00:00:00+00:00,5915.289999999999,5956.289999999999,5872.289999999999,5920.289999999999,6900
2009-09-24T00:00:00+00:00,5920.289999999999,5946.289999999999,5786.289999999999,5797.289999999999,12232
2009-09-25T00:00:00+00:00,5797.289999999999,5830.289999999999,5760.289999999999,5778.289999999999,10060
2009-09-28T00:00:00+00:00,5778.289999999999,5944.289999999999,5755.289999999999,5934.289999999999,8803
2009-09-29T00:00:00+00:00,5934.289999999999,5960.289999999999,5892.289999999999,5918.289999999999,9291
2009-09-30T00:00:00+00:00,5918.289999999999,5947.289999999999,5820.289999999999,5905.289999999999,11147
2009-10-01T00:00:00+00:00,5905.289999999999,5930.289999999999,5753.289999999999,5767.289999999999,12970
2009-10-02T00:00:00+00:00,5767.289999999999,5769.289999999999,5645.289999999999,5651.289999999999,13929
2009-10-05T00:00:00+00:00,5651.289999999999,5740.289999999999,5643.289999999999,5734.289999999999,8351
2009-10-06T00:00:00+00:00,5734.289999999999,5865.289999999999,5600.289999999999,5845.289999999999,9011
2009-10-07T00:00:00+00:00,5845.289999999999,5895.289999999999,5811.289999999999,5846.289999999999,10768
2009-10-08T00:00:00+00:00,5846.289999999999,5932.289999999999,5830.289999999999,5921.289999999999,10506
2009-10-09T00:00:00+00:00,5921.289999999999,5951.289999999999,5877.289999999999,5907.289999999999,8135
2009-10-12T00:00:00+00:00,5907.289999999999,6018.289999999999,5907.289999999999,5984.289999999999,5978
2009-10-13T00:00:00+00:00,5984.289999999999,5991.289999999999,5898.289999999999,5933.289999999999,9681
2009-10-14T00:00:00+00:00,5933.289999999999,6066.289999999999,5923.289999999999,6048.289999999999,9793
2009-10-15T00:00:00+00:00,6048.289999999999,6071.289999999999,6008.289999999999,6039.289999999999,9345
2009-10-16T00:00:00+00:00,6039.289999999999,6089.289999999999,5932.289999999999,5948.289999999999,9869
2009-10-19T00:00:00+00:00,5948.289999999999,6060.289999999999,5948.289999999999,6046.289999999999,6264
2009-10-20T00:00:00+00:00,6046.289999999999,6092.289999999999,5984.289999999999,5994.289999999999,11027
2009-10-21T00:00:00+00:00,5994.289999999999,6061.289999999999,5941.289999999999,6036.289999999999,11948
2009-10-22T00:00:00+00:00,6036.289999999999,6038.289999999999,5913.289999999999,5972.289999999999,11869
2009-10-23T00:00:00+00:00,5972.289999999999,6050.289999999999,5933.289999999999,5958.289999999999,9979
2009-10-26T00:00:00+00:00,5958.289999999999,6003.289999999999,5826.289999999999,5852.289999999999,9202
2009-10-27T00:00:00+00:00,5852.289999999999,5877.289999999999,5801.289999999999,5833.289999999999,11899
2009-10-28T00:00:00+00:00,5833.289999999999,5844.289999999999,5673.289999999999,5685.289999999999,12868
2009-10-29T00:00:00+00:00,5685.289999999999,5804.289999999999,5660.289999999999,5793.289999999999,12054
2009-10-30T00:00:00+00:00,5793.289999999999,5812.289999999999,5622.289999999999,5637.289999999999,10714
2009-11-02T00:00:00+00:00,5637.289999999999,5674.289999999999,5576.289999999999,5623.289999999999,9936
2009-11-03T00:00:00+00:00,5623.289999999999,5625.289999999999,5516.289999999999,5561.289999999999,15027
2009-11-04T00:00:00+00:00,5561.289999999999,5672.289999999999,5548.289999999999,5635.289999999999,11789
2009-11-05T00:00:00+00:00,5635.289999999999,5716.289999999999,5559.289999999999,5662.289999999999,15994
2009-11-06T00:00:00+00:00,5662.289999999999,5730.289999999999,5612.289999999999,5685.289999999999,14398
2009-11-09T00:00:00+00:00,5685.289999999999,5834.289999999999,5685.289999999999,5829.289999999999,6200
2009-11-10T00:00:00+00:00,5829.289999999999,5856.289999999999,5804.289999999999,5809.289999999999,7399
2009-11-11T00:00:00+00:00,5809.289999999999,5908.289999999999,5796.289999999999,5872.289999999999,8478
2009-11-12T00:00:00+00:00,5872.289999999999,5930.289999999999,5836.289999999999,5865.289999999999,9853
2009-11-13T00:00:00+00:00,5865.289999999999,5903.289999999999,5817.289999999999,5887.289999999999,7875
2009-11-16T00:00:00+00:00,5887.289999999999,6015.289999999999,5887.289999999999,6001.289999999999,7098
2009-11-17T00:00:00+00:00,6001.289999999999,6010.289999999999,5962.289999999999,5990.289999999999,8470
2009-11-18T00:00:00+00:00,5990.289999999999,6046.289999999999,5971.289999999999,5997.289999999999,7033
2009-11-19T00:00:00+00:00,5997.289999999999,6007.289999999999,5892.289999999999,5917.289999999999,8856
2009-11-20T00:00:00+00:00,5917.289999999999,5945.289999999999,5837.289999999999,5869.289999999999,7349
2009-11-23T00:00:00+00:00,5869.289999999999,6026.289999999999,5869.289999999999,5994.289999999999,6405
2009-11-24T00:00:00+00:00,5994.289999999999,6017.289999999999,5948.289999999999,5978.289999999999,8557
2009-11-25T00:00:00+00:00,5978.289999999999,6030.289999999999,5954.289999999999,6004.289999999999,9640
2009-11-26T00:00:00+00:00,6004.289999999999,6006.289999999999,5797.289999999999,5814.289999999999,8117
2009-11-27T00:00:00+00:00,5814.289999999999,5915.289999999999,5709.289999999999,5901.289999999999,12024
2009-11-30T00:00:00+00:00,5901.289999999999,5923.289999999999,5808.289999999999,5823.289999999999,12472
2009-12-01T00:00:00+00:00,5823.289999999999,5985.289999999999,5820.289999999999,5976.289999999999,9570
2009-12-02T00:00:00+00:00,5976.289999999999,6016.289999999999,5954.289999999999,5981.289999999999,8283
2009-12-03T00:00:00+00:00,5981.289999999999,6056.289999999999,5958.289999999999,5973.289999999999,9079
2009-12-04T00:00:00+00:00,5973.289999999999,6062.289999999999,5924.289999999999,6028.289999999999,8737
2009-12-07T00:00:00+00:00,6028.289999999999,6028.289999999999,5944.289999999999,5986.289999999999,7231
2009-12-08T00:00:00+00:00,5986.289999999999,6013.289999999999,5860.289999999999,5875.289999999999,10738
2009-12-09T00:00:00+00:00,5875.289999999999,5916.289999999999,5806.289999999999,5844.289999999999,10914
2009-12-10T00:00:00+00:00,5844.289999999999,5944.289999999999,5815.289999999999,5907.289999999999,10621
2009-12-11T00:00:00+00:00,5907.289999999999,5997.289999999999,5889.289999999999,5981.289999999999,8537
2009-12-14T00:00:00+00:00,5981.289999999999,6042.289999999999,5962.289999999999,6004.289999999999,5976
2009-12-15T00:00:00+00:00,6004.289999999999,6032.289999999999,5953.289999999999,6011.289999999999,6706
2009-12-16T00:00:00+00:00,6011.289999999999,6106.289999999999,5982.289999999999,6101.289999999999,6912
2009-12-17T00:00:00+00:00,6101.289999999999,6124.289999999999,6034.289999999999,6041.289999999999,8813
2009-12-18T00:00:00+00:00,6041.289999999999,6103.289999999999,6023.289999999999,6069.289999999999,7813
2009-12-21T00:00:00+00:00,6069.289999999999,6139.289999999999,6047.289999999999,6132.289999999999,6655
2009-12-22T00:00:00+00:00,6132.289999999999,6185.289999999999,6116.289999999999,6156.289999999999,7445
2009-12-23T00:00:00+00:00,6156.289999999999,6192.289999999999,6136.289999999999,6161.289999999999,5066
2009-12-24T00:00:00+00:00,6161.289999999999,6178.289999999999,6157.289999999999,6177.289999999999,746
2009-12-28T00:00:00+00:00,6177.289999999999,6225.289999999999,6177.289999999999,6207.289999999999,2556
2009-12-29T00:00:00+00:00,6207.289999999999,6229.289999999999,6194.289999999999,6213.289999999999,3131
2009-12-30T00:00:00+00:00,6213.289999999999,6222.289999999999,6151.289999999999,6164.289999999999,2710
2010-01-04T00:00:00+00:00,6164.289999999999,6257.289999999999,6144.289999999999,6247.289999999999,5901
2010-01-05T00:00:00+00:00,6247.289999999999,6258.289999999999,6212.289999999999,6231.289999999999,5172
2010-01-06T00:00:00+00:00,6231.289999999999,6248.289999999999,6201.289999999999,6230.289999999999,5731
2010-01-07T00:00:00+00:00,6230.289999999999,6239.289999999999,6163.289999999999,6225.289999999999,6249
2010-01-08T00:00:00+00:00,6225.289999999999,6256.289999999999,6172.289999999999,6239.289999999999,6493
2010-01-11T00:00:00+00:00,6239.289999999999,6294.289999999999,6230.289999999999,6244.289999999999,5829
2010-01-12T00:00:00+00:00,6244.289999999999,6255.289999999999,6122.289999999999,6137.289999999999,7841
2010-01-13T00:00:00+00:00,6137.289999999999,6175.289999999999,6116.289999999999,6163.289999999999,6865
2010-01-14T00:00:00+00:00,6163.289999999999,6210.289999999999,6149.289999999999,6191.289999999999,7354
2010-01-15T00:00:00+00:00,6191.289999999999,6229.289999999999,6069.289999999999,6082.289999999999,7605
2010-01-18T00:00:00+00:00,6082.289999999999,6125.289999999999,6080.289999999999,6113.289999999999,3021
2010-01-19T00:00:00+00:00,6113.289999999999,6192.289999999999,6050.289999999999,6176.289999999999,6134
2010-01-20T00:00:00+00:00,6176.289999999999,6202.289999999999,6033.289999999999,6051.289999999999,9146
2010-01-21T00:00:00+00:00,6051.289999999999,6110.289999999999,5887.289999999999,5905.289999999999,10705
2010-01-22T00:00:00+00:00,5905.289999999999,5944.289999999999,5841.289999999999,5894.289999999999,12554
2010-01-25T00:00:00+00:00,5894.289999999999,5897.289999999999,5813.289999999999,5830.289999999999,9016
2010-01-26T00:00:00+00:00,5830.289999999999,5879.289999999999,5749.289999999999,5871.289999999999,10321
2010-01-27T00:00:00+00:00,5871.289999999999,5887.289999999999,5790.289999999999,5847.289999999999,11372
2010-01-28T00:00:00+00:00,5847.289999999999,5929.289999999999,5737.289999999999,5758.289999999999,14594
2010-01-29T00:00:00+00:00,5758.289999999999,5860.289999999999,5749.289999999999,5836.289999999999,11334
2010-02-01T00:00:00+00:00,5836.289999999999,5877.289999999999,5762.289999999999,5840.289999999999,9106
2010-02-02T00:00:00+00:00,5840.289999999999,5924.289999999999,5826.289999999999,5909.289999999999,9610
2010-02-03T00:00:00+00:00,5909.289999999999,5937.289999999999,5857.289999999999,5860.289999999999,9044
2010-02-04T00:00:00+00:00,5860.289999999999,5901.289999999999,5716.289999999999,5738.289999999999,10357
2010-02-05T00:00:00+00:00,5738.289999999999,5744.289999999999,5635.289999999999,5671.289999999999,19073
2010-02-08T00:00:00+00:00,5671.289999999999,5708.289999999999,5637.289999999999,5680.289999999999,11516
2010-02-09T00:00:00+00:00,5680.289999999999,5741.289999999999,5624.289999999999,5727.289999999999,14742
2010-02-10T00:00:00+00:00,5727.289999999999,5794.289999999999,5707.289999999999,5724.289999999999,18619
2010-02-11T00:00:00+00:00,5724.289999999999,5783.289999999999,5656.289999999999,5726.289999999999,17744
2010-02-12T00:00:00+00:00,5726.289999999999,5768.289999999999,5661.289999999999,5696.289999999999,14605
2010-02-15T00:00:00+00:00,5696.289999999999,5732.289999999999,5687.289999999999,5701.289999999999,3982
2010-02-16T00:00:00+00:00,5701.289999999999,5791.289999999999,5682.289999999999,5776.289999999999,9728
2010-02-17T00:00:00+00:00,5776.289999999999,5868.289999999999,5770.289999999999,5838.289999999999,9142
2010-02-18T00:00:00+00:00,5838.289999999999,5878.289999999999,5812.289999999999,5863.289999999999,9607
2010-02-19T00:00:00+00:00,5863.289999999999,5917.289999999999,5812.289999999999,5905.289999999999,9269
2010-02-22T00:00:00+00:00,5905.289999999999,5951.289999999999,5877.289999999999,5880.289999999999,6922
2010-02-23T00:00:00+00:00,5880.289999999999,5928.289999999999,5779.289999999999,5804.289999999999,9642
2010-02-24T00:00:00+00:00,5804.289999999999,5836.289999999999,5767.289999999999,5809.289999999999,9826
2010-02-25T00:00:00+00:00,5809.289999999999,5852.289999999999,5713.289999999999,5727.289999999999,11444
2010-02-26T00:00:00+00:00,5727.289999999999,5804.289999999999,5724.289999999999,5790.289999999999,10205
2010-03-01T00:00:00+00:00,5790.289999999999,5904.289999999999,5790.289999999999,5897.289999999999,7759
2010-03-02T00:00:00+00:00,5897.289999999999,5966.289999999999,5891.289999999999,5958.289999999999,7455
2010-03-03T00:00:00+00:00,5958.289999999999,6014.289999999999,5933.289999999999,5994.289999999999,7803
2010-03-04T00:00:00+00:00,5994.289999999999,6009.289999999999,5949.289999999999,5979.289999999999,8607
2010-03-05T00:00:00+00:00,5979.289999999999,6066.289999999999,5971.289999999999,6051.289999999999,7257
2010-03-08T00:00:00+00:00,6051.289999999999,6073.289999999999,6029.289999999999,6039.289999999999,4402
2010-03-09T00:00:00+00:00,6039.289999999999,6064.289999999999,6003.289999999999,6053.289999999999,5906
2010-03-10T00:00:00+00:00,6053.289999999999,6117.289999999999,6037.289999999999,6087.289999999999,6014
2010-03-11T00:00:00+00:00,6087.289999999999,6119.289999999999,6068.289999999999,6092.289999999999,7098
2010-03-12T00:00:00+00:00,6092.289999999999,6155.289999999999,6082.289999999999,6104.289999999999,7319
2010-03-15T00:00:00+00:00,6104.289999999999,6110.289999999999,6054.289999999999,6070.289999999999,5419
2010-03-16T00:00:00+00:00,6070.289999999999,6147.289999999999,6066.289999999999,6122.289999999999,5286
2010-03-17T00:00:00+00:00,6122.289999999999,6192.289999999999,6111.289999999999,6183.289999999999,5946
2010-03-18T00:00:00+00:00,6183.289999999999,6196.289999999999,6152.289999999999,6171.289999999999,5124
2010-03-19T00:00:00+00:00,6171.289999999999,6197.289999999999,6111.289999999999,6136.289999999999,7891
2010-03-22T00:00:00+00:00,6136.289999999999,6153.289999999999,6060.289999999999,6149.289999999999,9354
2010-03-23T00:00:00+00:00,6149.289999999999,6196.289999999999,6130.289999999999,6193.289999999999,6808
2010-03-24T00:00:00+00:00,6193.289999999999,6196.289999999999,6112.289999999999,6180.289999999999,9511
2010-03-25T00:00:00+00:00,6180.289999999999,6289.289999999999,6180.289999999999,6247.289999999999,8001
2010-03-26T00:00:00+00:00,6247.289999999999,6285.289999999999,6247.289999999999,6266.289999999999,8428
2010-03-29T00:00:00+00:00,6266.289999999999,6323.289999999999,6266.289999999999,6309.289999999999,6099
2010-03-30T00:00:00+00:00,6309.289999999999,6355.289999999999,6284.289999999999,6309.289999999999,6635
2010-03-31T00:00:00+00:00,6309.289999999999,6316.289999999999,6257.289999999999,6302.289999999999,7340
2010-04-01T00:00:00+00:00,6302.289999999999,6389.289999999999,6302.289999999999,6372.289999999999,6434
2010-04-06T00:00:00+00:00,6372.289999999999,6416.289999999999,6362.289999999999,6412.289999999999,5198
2010-04-07T00:00:00+00:00,6412.289999999999,6412.289999999999,6341.289999999999,6358.289999999999,6440
2010-04-08T00:00:00+00:00,6358.289999999999,6362.289999999999,6287.289999999999,6359.289999999999,6302
2010-04-09T00:00:00+00:00,6359.289999999999,6403.289999999999,6355.289999999999,6390.289999999999,4962
2010-04-12T00:00:00+00:00,6390.289999999999,6444.289999999999,6372.289999999999,6403.289999999999,5562
2010-04-13T00:00:00+00:00,6403.289999999999,6403.289999999999,6348.289999999999,6397.289999999999,6471
2010-04-14T00:00:00+00:00,6397.289999999999,6456.289999999999,6397.289999999999,6444.289999999999,5555
2010-04-15T00:00:00+00:00,6444.289999999999,6458.289999999999,6399.289999999999,6447.289999999999,5472
2010-04-16T00:00:00+00:00,6447.289999999999,6452.289999999999,6310.289999999999,6342.289999999999,17087
2010-04-19T00:00:00+00:00,6342.289999999999,6342.289999999999,6285.289999999999,6338.289999999999,8912
2010-04-20T00:00:00+00:00,6338.289999999999,6416.289999999999,6321.289999999999,6411.289999999999,8305
2010-04-21T00:00:00+00:00,6411.289999999999,6434.289999999999,6367.289999999999,6391.289999999999,8900
2010-04-22T00:00:00+00:00,6391.289999999999,6435.289999999999,6289.289999999999,6373.289999999999,16137
2010-04-23T00:00:00+00:00,6373.289999999999,6437.289999999999,6318.289999999999,6432.289999999999,13543
2010-04-26T00:00:00+00:00,6432.289999999999,6491.289999999999,6432.289999999999,6467.289999999999,9752
2010-04-27T00:00:00+00:00,6467.289999999999,6483.289999999999,6255.289999999999,6272.289999999999,24129
2010-04-28T00:00:00+00:00,6272.289999999999,6313.289999999999,6178.289999999999,6240.289999999999,39723
2010-04-29T00:00:00+00:00,6240.289999999999,6311.289999999999,6224.289999999999,6301.289999999999,20806
2010-04-30T00:00:00+00:00,6301.289999999999,6355.289999999999,6231.289999999999,6238.289999999999,20754
2010-05-03T00:00:00+00:00,6238.289999999999,6348.289999999999,6236.289999999999,6327.289999999999,7048
2010-05-04T00:00:00+00:00,6327.289999999999,6349.289999999999,6138.289999999999,6163.289999999999,24589
2010-05-05T00:00:00+00:00,6163.289999999999,6180.289999999999,6083.289999999999,6108.289999999999,27127
2010-05-06T00:00:00+00:00,6108.289999999999,6155.289999999999,5695.289999999999,5917.289999999999,53009
2010-05-07T00:00:00+00:00,5917.289999999999,6050.289999999999,5803.289999999999,5868.289999999999,63558
2010-05-10T00:00:00+00:00,5868.289999999999,6165.289999999999,5868.289999999999,6148.289999999999,38096
2010-05-11T00:00:00+00:00,6148.289999999999,6243.289999999999,6061.289999999999,6196.289999999999,27541
2010-05-12T00:00:00+00:00,6196.289999999999,6371.289999999999,6154.289999999999,6363.289999999999,28577
2010-05-13T00:00:00+00:00,6363.289999999999,6427.289999999999,6347.289999999999,6362.289999999999,21169
2010-05-14T00:00:00+00:00,6362.289999999999,6386.289999999999,6164.289999999999,6242.289999999999,35104
2010-05-17T00:00:00+00:00,6242.289999999999,6302.289999999999,6130.289999999999,6266.289999999999,36605
2010-05-18T00:00:00+00:00,6266.289999999999,6332.289999999999,6242.289999999999,6256.289999999999,36657
2010-05-19T00:00:00+00:00,6256.289999999999,6275.289999999999,6107.289999999999,6176.289999999999,49966
2010-05-20T00:00:00+00:00,6176.289999999999,6193.289999999999,5929.289999999999,5958.289999999999,59376
2010-05-21T00:00:00+00:00,5958.289999999999,6019.289999999999,5836.289999999999,5989.289999999999,63572
2010-05-24T00:00:00+00:00,5989.289999999999,6019.289999999999,5881.289999999999,5906.289999999999,23949
2010-05-25T00:00:00+00:00,5906.289999999999,5906.289999999999,5757.289999999999,5889.289999999999,36669
2010-05-26T00:00:00+00:00,5889.289999999999,5978.289999999999,5849.289999999999,5852.289999999999,31103
2010-05-27T00:00:00+00:00,5852.289999999999,6118.289999999999,5852.289999999999,6118.289999999999,28119
2010-05-28T00:00:00+00:00,6118.289999999999,6129.289999999999,6040.289999999999,6079.289999999999,23545
2010-05-31T00:00:00+00:00,6079.289999999999,6144.289999999999,6079.289999999999,6116.289999999999,3330
2010-06-01T00:00:00+00:00,6116.289999999999,6160.289999999999,5981.289999999999,6049.289999999999,27248
2010-06-02T00:00:00+00:00,6049.289999999999,6185.289999999999,6017.289999999999,6184.289999999999,22550
2010-06-03T00:00:00+00:00,6184.289999999999,6251.289999999999,6176.289999999999,6229.289999999999,19048
2010-06-04T00:00:00+00:00,6229.289999999999,6263.289999999999,6013.289999999999,6031.289999999999,38795
2010-06-07T00:00:00+00:00,6031.289999999999,6104.289999999999,5980.289999999999,6005.289999999999,17305
2010-06-08T00:00:00+00:00,6005.289999999999,6080.289999999999,5947.289999999999,6053.289999999999,23753
2010-06-09T00:00:00+00:00,6053.289999999999,6143.289999999999,5981.289999999999,6063.289999999999,17854
2010-06-10T00:00:00+00:00,6063.289999999999,6237.289999999999,6063.289999999999,6222.289999999999,16864
2010-06-11T00:00:00+00:00,6222.289999999999,6241.289999999999,6131.289999999999,6229.289999999999,15211
2010-06-14T00:00:00+00:00,6229.289999999999,6286.289999999999,6219.289999999999,6223.289999999999,12141
2010-06-15T00:00:00+00:00,6223.289999999999,6371.289999999999,6223.289999999999,6367.289999999999,13325
2010-06-16T00:00:00+00:00,6367.289999999999,6367.289999999999,6291.289999999999,6351.289999999999,13197
2010-06-17T00:00:00+00:00,6351.289999999999,6387.289999999999,6314.289999999999,6379.289999999999,13705
2010-06-18T00:00:00+00:00,6379.289999999999,6407.289999999999,6338.289999999999,6369.289999999999,12959
2010-06-21T00:00:00+00:00,6369.289999999999,6503.289999999999,6369.289999999999,6398.289999999999,12132
2010-06-22T00:00:00+00:00,6398.289999999999,6447.289999999999,6344.289999999999,6360.289999999999,15056
2010-06-23T00:00:00+00:00,6360.289999999999,6423.289999999999,6329.289999999999,6368.289999999999,17440
2010-06-24T00:00:00+00:00,6368.289999999999,6396.289999999999,6247.289999999999,6269.289999999999,16608
2010-06-25T00:00:00+00:00,6269.289999999999,6299.289999999999,6189.289999999999,6238.289999999999,17378
2010-06-28T00:00:00+00:00,6238.289999999999,6319.289999999999,6207.289999999999,6279.289999999999,14361
2010-06-29T00:00:00+00:00,6279.289999999999,6279.289999999999,6075.289999999999,6100.289999999999,22302
2010-06-30T00:00:00+00:00,6100.289999999999,6151.289999999999,6045.289999999999,6052.289999999999,20069
2010-07-01T00:00:00+00:00,6052.289999999999,6106.289999999999,5977.289999999999,6046.289999999999,25864
2010-07-02T00:00:00+00:00,6046.289999999999,6086.289999999999,5949.289999999999,5983.289999999999,18308
2010-07-05T00:00:00+00:00,5983.289999999999,6013.289999999999,5958.289999999999,5971.289999999999,3881
2010-07-06T00:00:00+00:00,5971.289999999999,6146.289999999999,5971.289999999999,6062.289999999999,13113
2010-07-07T00:00:00+00:00,6062.289999999999,6196.289999999999,5997.289999999999,6194.289999999999,13989
2010-07-08T00:00:00+00:00,6194.289999999999,6221.289999999999,6154.289999999999,6217.289999999999,12129
2010-07-09T00:00:00+00:00,6217.289999999999,6247.289999999999,6187.289999999999,6246.289999999999,9894
2010-07-12T00:00:00+00:00,6246.289999999999,6269.289999999999,6210.289999999999,6237.289999999999,8272
2010-07-13T00:00:00+00:00,6237.289999999999,6350.289999999999,6216.289999999999,6339.289999999999,11446
2010-07-14T00:00:00+00:00,6339.289999999999,6384.289999999999,6309.289999999999,6351.289999999999,10319
2010-07-15T00:00:00+00:00,6351.289999999999,6406.289999999999,6275.289999999999,6332.289999999999,14246
2010-07-16T00:00:00+00:00,6332.289999999999,6355.289999999999,6158.289999999999,6169.289999999999,14476
2010-07-19T00:00:00+00:00,6169.289999999999,6234.289999999999,6142.289999999999,6189.289999999999,11117
2010-07-20T00:00:00+00:00,6189.289999999999,6198.289999999999,6055.289999999999,6169.289999999999,14011
2010-07-21T00:00:00+00:00,6169.289999999999,6210.289999999999,6087.289999999999,6105.289999999999,18346
2010-07-22T00:00:00+00:00,6105.289999999999,6297.289999999999,6098.289999999999,6288.289999999999,14323
2010-07-23T00:00:00+00:00,6288.289999999999,6341.289999999999,6260.289999999999,6335.289999999999,16461
2010-07-26T00:00:00+00:00,6335.289999999999,6360.289999999999,6279.289999999999,6347.289999999999,9274
2010-07-27T00:00:00+00:00,6347.289999999999,6402.289999999999,6331.289999999999,6360.289999999999,10360
2010-07-28T00:00:00+00:00,6360.289999999999,6397.289999999999,6295.289999999999,6323.289999999999,9169
2010-07-29T00:00:00+00:00,6323.289999999999,6388.289999999999,6236.289999999999,6281.289999999999,16876
2010-07-30T00:00:00+00:00,6281.289999999999,6334.289999999999,6207.289999999999,6310.289999999999,20078
2010-08-02T00:00:00+00:00,6310.289999999999,6454.289999999999,6310.289999999999,6442.289999999999,12430
2010-08-03T00:00:00+00:00,6442.289999999999,6462.289999999999,6415.289999999999,6445.289999999999,11590
2010-08-04T00:00:00+00:00,6445.289999999999,6515.289999999999,6412.289999999999,6492.289999999999,14876
2010-08-05T00:00:00+00:00,6492.289999999999,6531.289999999999,6469.289999999999,6500.289999999999,8797
2010-08-06T00:00:00+00:00,6500.289999999999,6535.289999999999,6392.289999999999,6459.289999999999,15794
2010-08-09T00:00:00+00:00,6459.289999999999,6516.289999999999,6459.289999999999,6502.289999999999,7376
2010-08-10T00:00:00+00:00,6502.289999999999,6512.289999999999,6395.289999999999,6458.289999999999,13757
2010-08-11T00:00:00+00:00,6458.289999999999,6458.289999999999,6288.289999999999,6300.289999999999,15538
2010-08-12T00:00:00+00:00,6300.289999999999,6321.289999999999,6245.289999999999,6275.289999999999,12647
2010-08-13T00:00:00+00:00,6275.289999999999,6322.289999999999,6215.289999999999,6256.289999999999,13826
2010-08-16T00:00:00+00:00,6256.289999999999,6303.289999999999,6208.289999999999,6265.289999999999,12579
2010-08-17T00:00:00+00:00,6265.289999999999,6363.289999999999,6265.289999999999,6338.289999999999,11887
2010-08-18T00:00:00+00:00,6338.289999999999,6364.289999999999,6301.289999999999,6339.289999999999,17361
2010-08-19T00:00:00+00:00,6339.289999999999,6379.289999999999,6199.289999999999,6219.289999999999,28733
2010-08-20T00:00:00+00:00,6219.289999999999,6246.289999999999,6137.289999999999,6166.289999999999,22341
2010-08-23T00:00:00+00:00,6166.289999999999,6203.289999999999,6143.289999999999,6151.289999999999,17284
2010-08-24T00:00:00+00:00,6151.289999999999,6151.289999999999,6019.289999999999,6073.289999999999,26892
2010-08-25T00:00:00+00:00,6073.289999999999,6103.289999999999,5985.289999999999,6077.289999999999,25096
2010-08-26T00:00:00+00:00,6077.289999999999,6099.289999999999,6020.289999999999,6024.289999999999,23948
2010-08-27T00:00:00+00:00,6024.289999999999,6126.289999999999,5992.289999999999,6123.289999999999,3606
2010-08-30T00:00:00+00:00,6123.289999999999,6134.289999999999,6028.289999999999,6029.289999999999,1914
2010-08-31T00:00:00+00:00,6029.289999999999,6082.289999999999,5964.289999999999,6047.289999999999,4191
2010-09-01T00:00:00+00:00,6047.289999999999,6236.289999999999,6024.289999999999,6226.289999999999,3089
2010-09-02T00:00:00+00:00,6226.289999999999,6257.289999999999,6201.289999999999,6253.289999999999,3022
2010-09-03T00:00:00+00:00,6253.289999999999,6327.289999999999,6236.289999999999,6294.289999999999,2616
2010-09-06T00:00:00+00:00,6294.289999999999,6323.289999999999,6290.289999999999,6302.289999999999,605
2010-09-07T00:00:00+00:00,6302.289999999999,6302.289999999999,6231.289999999999,6252.289999999999,2658
2010-09-08T00:00:00+00:00,6252.289999999999,6329.289999999999,6211.289999999999,6290.289999999999,2821
2010-09-09T00:00:00+00:00,6290.289999999999,6382.289999999999,6281.289999999999,6332.289999999999,2550
2010-09-10T00:00:00+00:00,6332.289999999999,6374.289999999999,6332.289999999999,6361.289999999999,1924
2010-09-13T00:00:00+00:00,6361.289999999999,6441.289999999999,6361.289999999999,6413.289999999999,2022
2010-09-14T00:00:00+00:00,6413.289999999999,6438.289999999999,6379.289999999999,6418.289999999999,1959
2010-09-15T00:00:00+00:00,6418.289999999999,6436.289999999999,6377.289999999999,6418.289999999999,1602
2010-09-16T00:00:00+00:00,6418.289999999999,6430.289999999999,6380.289999999999,6408.289999999999,2490
2010-09-17T00:00:00+00:00,6408.289999999999,6474.289999999999,6337.289999999999,6362.289999999999,3089
2010-09-20T00:00:00+00:00,6362.289999999999,6469.289999999999,6362.289999999999,6462.289999999999,2155
2010-09-21T00:00:00+00:00,6462.289999999999,6491.289999999999,6414.289999999999,6427.289999999999,1513
2010-09-22T00:00:00+00:00,6427.289999999999,6453.289999999999,6341.289999999999,6373.289999999999,2947
2010-09-23T00:00:00+00:00,6373.289999999999,6416.289999999999,6279.289999999999,6304.289999999999,2559
2010-09-24T00:00:00+00:00,6304.289999999999,6461.289999999999,6294.289999999999,6457.289999999999,2992
2010-09-27T00:00:00+00:00,6457.289999999999,6480.289999999999,6421.289999999999,6425.289999999999,2023
2010-09-28T00:00:00+00:00,6425.289999999999,6461.289999999999,6345.289999999999,6436.289999999999,4160
2010-09-29T00:00:00+00:00,6436.289999999999,6476.289999999999,6371.289999999999,6392.289999999999,2982
2010-09-30T00:00:00+00:00,6392.289999999999,6488.289999999999,6336.289999999999,6379.289999999999,3450
2010-10-01T00:00:00+00:00,6379.289999999999,6444.289999999999,6336.289999999999,6370.289999999999,3475
2010-10-04T00:00:00+00:00,6370.289999999999,6374.289999999999,6259.289999999999,6280.289999999999,2938
2010-10-05T00:00:00+00:00,6280.289999999999,6408.289999999999,6265.289999999999,6396.289999999999,2857
2010-10-06T00:00:00+00:00,6396.289999999999,6439.289999999999,6391.289999999999,6411.289999999999,2178
2010-10-07T00:00:00+00:00,6411.289999999999,6472.289999999999,6383.289999999999,6424.289999999999,2761
2010-10-08T00:00:00+00:00,6424.289999999999,6454.289999999999,6385.289999999999,6446.289999999999,2466
2010-10-11T00:00:00+00:00,6446.289999999999,6472.289999999999,6436.289999999999,6456.289999999999,1240
2010-10-12T00:00:00+00:00,6456.289999999999,6481.289999999999,6377.289999999999,6473.289999999999,3098
2010-10-13T00:00:00+00:00,6473.289999999999,6606.289999999999,6471.289999999999,6578.289999999999,1212
2010-10-14T00:00:00+00:00,6578.289999999999,6634.289999999999,6578.289999999999,6608.289999999999,1204
2010-10-15T00:00:00+00:00,6608.289999999999,6663.289999999999,6588.289999999999,6655.289999999999,1344
2010-10-18T00:00:00+00:00,6655.289999999999,6700.289999999999,6607.289999999999,6690.289999999999,1078
2010-10-19T00:00:00+00:00,6690.289999999999,6695.289999999999,6603.289999999999,6627.289999999999,1680
2010-10-20T00:00:00+00:00,6627.289999999999,6686.289999999999,6611.289999999999,6677.289999999999,1095
2010-10-21T00:00:00+00:00,6677.289999999999,6771.289999999999,6655.289999999999,6743.289999999999,1168
2010-10-22T00:00:00+00:00,6743.289999999999,6773.289999999999,6735.289999999999,6764.289999999999,959
2010-10-25T00:00:00+00:00,6764.289999999999,6820.289999999999,6764.289999999999,6785.289999999999,997
2010-10-26T00:00:00+00:00,6785.289999999999,6796.289999999999,6730.289999999999,6780.289999999999,1123
2010-10-27T00:00:00+00:00,6780.289999999999,6780.289999999999,6703.289999999999,6746.289999999999,1197
2010-10-28T00:00:00+00:00,6746.289999999999,6797.289999999999,6725.289999999999,6755.289999999999,1063
2010-10-29T00:00:00+00:00,6755.289999999999,6780.289999999999,6718.289999999999,6761.289999999999,1162
2010-11-01T00:00:00+00:00,6761.289999999999,6820.289999999999,6706.289999999999,6739.289999999999,1456
2010-11-02T00:00:00+00:00,6739.289999999999,6823.289999999999,6739.289999999999,6820.289999999999,900
2010-11-03T00:00:00+00:00,6820.289999999999,6832.289999999999,6749.289999999999,6800.289999999999,1132
2010-11-04T00:00:00+00:00,6800.289999999999,6906.289999999999,6800.289999999999,6897.289999999999,1080
2010-11-05T00:00:00+00:00,6897.289999999999,6924.289999999999,6860.289999999999,6912.289999999999,1102
2010-11-08T00:00:00+00:00,6912.289999999999,6915.289999999999,6876.289999999999,6913.289999999999,878
2010-11-09T00:00:00+00:00,6913.289999999999,6958.289999999999,6881.289999999999,6906.289999999999,876
2010-11-10T00:00:00+00:00,6906.289999999999,6930.289999999999,6831.289999999999,6903.289999999999,1275
2010-11-11T00:00:00+00:00,6903.289999999999,6909.289999999999,6848.289999999999,6888.289999999999,1054
2010-11-12T00:00:00+00:00,6888.289999999999,6907.289999999999,6766.289999999999,6869.289999999999,1870
2010-11-15T00:00:00+00:00,6869.289999999999,6963.289999999999,6828.289999999999,6929.289999999999,1164
2010-11-16T00:00:00+00:00,6929.289999999999,6929.289999999999,6797.289999999999,6816.289999999999,1436
2010-11-17T00:00:00+00:00,6816.289999999999,6855.289999999999,6803.289999999999,6844.289999999999,1054
2010-11-18T00:00:00+00:00,6844.289999999999,6984.289999999999,6844.289999999999,6980.289999999999,1229
2010-11-19T00:00:00+00:00,6980.289999999999,7013.289999999999,6942.289999999999,7013.289999999999,1086
2010-11-22T00:00:00+00:00,7013.289999999999,7051.289999999999,6941.289999999999,6989.289999999999,1207
2010-11-23T00:00:00+00:00,6989.289999999999,6989.289999999999,6856.289999999999,6869.289999999999,1390
2010-11-24T00:00:00+00:00,6869.289999999999,6997.289999999999,6849.289999999999,6996.289999999999,1286
2010-11-25T00:00:00+00:00,6996.289999999999,7033.289999999999,6969.289999999999,7022.289999999999,677
2010-11-26T00:00:00+00:00,7022.289999999999,7022.289999999999,6926.289999999999,6984.289999999999,1575
2010-11-29T00:00:00+00:00,6984.289999999999,7054.289999999999,6831.289999999999,6898.289999999999,1676
2010-11-30T00:00:00+00:00,6898.289999999999,6910.289999999999,6805.289999999999,6851.289999999999,1714
2010-12-01T00:00:00+00:00,6851.289999999999,7032.289999999999,6851.289999999999,7032.289999999999,1366
2010-12-02T00:00:00+00:00,7032.289999999999,7110.289999999999,6987.289999999999,7107.289999999999,1607
2010-12-03T00:00:00+00:00,7107.289999999999,7126.289999999999,7063.289999999999,7117.289999999999,1204
2010-12-06T00:00:00+00:00,7117.289999999999,7125.289999999999,7075.289999999999,7102.289999999999,1036
2010-12-07T00:00:00+00:00,7102.289999999999,7190.289999999999,7102.289999999999,7136.289999999999,1206
2010-12-08T00:00:00+00:00,7136.289999999999,7161.289999999999,7103.289999999999,7132.289999999999,1157
2010-12-09T00:00:00+00:00,7132.289999999999,7175.289999999999,7095.289999999999,7128.289999999999,1052
2010-12-10T00:00:00+00:00,7128.289999999999,7173.289999999999,7121.289999999999,7172.289999999999,883
2010-12-13T00:00:00+00:00,7172.289999999999,7194.289999999999,7159.289999999999,7169.289999999999,752
2010-12-14T00:00:00+00:00,7169.289999999999,7186.289999999999,7160.289999999999,7174.289999999999,791
2010-12-15T00:00:00+00:00,7174.289999999999,7179.289999999999,7113.289999999999,7153.289999999999,990
2010-12-16T00:00:00+00:00,7153.289999999999,7183.289999999999,7140.289999999999,7175.289999999999,847
2010-12-17T00:00:00+00:00,7175.289999999999,7190.289999999999,7127.289999999999,7148.289999999999,819
2010-12-20T00:00:00+00:00,7148.289999999999,7215.289999999999,7132.289999999999,7176.289999999999,779
2010-12-21T00:00:00+00:00,7176.289999999999,7234.289999999999,7176.289999999999,7228.289999999999,611
2010-12-22T00:00:00+00:00,7228.289999999999,7231.289999999999,7213.289999999999,7223.289999999999,393
2010-12-23T00:00:00+00:00,7223.289999999999,7229.289999999999,7187.289999999999,7205.289999999999,371
2010-12-27T00:00:00+00:00,7205.289999999999,7205.289999999999,7101.289999999999,7125.289999999999,265
2010-12-28T00:00:00+00:00,7125.289999999999,7141.289999999999,7106.289999999999,7125.289999999999,396
2010-12-29T00:00:00+00:00,7125.289999999999,7158.289999999999,7125.289999999999,7138.289999999999,450
2010-12-30T00:00:00+00:00,7138.289999999999,7157.289999999999,7044.289999999999,7064.289999999999,286
2011-01-03T00:00:00+00:00,7064.289999999999,7177.289999999999,7064.289999999999,7120.289999999999,982
2011-01-04T00:00:00+00:00,7120.289999999999,7172.289999999999,7097.289999999999,7124.289999999999,916
2011-01-05T00:00:00+00:00,7124.289999999999,7124.289999999999,6987.289999999999,7100.289999999999,995
2011-01-06T00:00:00+00:00,7100.289999999999,7196.289999999999,7095.289999999999,7130.289999999999,931
2011-01-07T00:00:00+00:00,7130.289999999999,7159.289999999999,7071.289999999999,7102.289999999999,1318
2011-01-10T00:00:00+00:00,7102.289999999999,7102.289999999999,6981.289999999999,7012.289999999999,1095
2011-01-11T00:00:00+00:00,7012.289999999999,7098.289999999999,6989.289999999999,7092.289999999999,1118
2011-01-12T00:00:00+00:00,7092.289999999999,7228.289999999999,7087.289999999999,7228.289999999999,1123
2011-01-13T00:00:00+00:00,7228.289999999999,7238.289999999999,7186.289999999999,7193.289999999999,1109
2011-01-14T00:00:00+00:00,7193.289999999999,7250.289999999999,7163.289999999999,7248.289999999999,1118
2011-01-17T00:00:00+00:00,7248.289999999999,7248.289999999999,7204.289999999999,7226.289999999999,590
2011-01-18T00:00:00+00:00,7226.289999999999,7305.289999999999,7226.289999999999,7296.289999999999,936
2011-01-19T00:00:00+00:00,7296.289999999999,7320.289999999999,7213.289999999999,7233.289999999999,1105
2011-01-20T00:00:00+00:00,7233.289999999999,7235.289999999999,7156.289999999999,7204.289999999999,1348
2011-01-21T00:00:00+00:00,7204.289999999999,7271.289999999999,7173.289999999999,7218.289999999999,1278
2011-01-24T00:00:00+00:00,7218.289999999999,7239.289999999999,7151.289999999999,7238.289999999999,1110
2011-01-25T00:00:00+00:00,7238.289999999999,7251.289999999999,7194.289999999999,7227.289999999999,1220
2011-01-26T00:00:00+00:00,7227.289999999999,7309.289999999999,7227.289999999999,7287.289999999999,1111
2011-01-27T00:00:00+00:00,7287.289999999999,7329.289999999999,7263.289999999999,7318.289999999999,1392
2011-01-28T00:00:00+00:00,7318.289999999999,7324.289999999999,7223.289999999999,7234.289999999999,1608
2011-01-31T00:00:00+00:00,7234.289999999999,7255.289999999999,7182.289999999999,7244.289999999999,1238
2011-02-01T00:00:00+00:00,7244.289999999999,7344.289999999999,7244.289999999999,7339.289999999999,1284
2011-02-02T00:00:00+00:00,7339.289999999999,7368.289999999999,7309.289999999999,7328.289999999999,928
2011-02-03T00:00:00+00:00,7328.289999999999,7363.289999999999,7294.289999999999,7361.289999999999,1145
2011-02-04T00:00:00+00:00,7361.289999999999,7376.289999999999,7334.289999999999,7374.289999999999,843
2011-02-07T00:00:00+00:00,7374.289999999999,7436.289999999999,7360.289999999999,7427.289999999999,766
2011-02-08T00:00:00+00:00,7427.289999999999,7485.289999999999,7423.289999999999,7484.289999999999,826
2011-02-09T00:00:00+00:00,7484.289999999999,7503.289999999999,7464.289999999999,7485.289999999999,823
2011-02-10T00:00:00+00:00,7485.289999999999,7504.289999999999,7421.289999999999,7497.289999999999,1065
2011-02-11T00:00:00+00:00,7497.289999999999,7547.289999999999,7433.289999999999,7543.289999999999,1186
2011-02-14T00:00:00+00:00,7543.289999999999,7574.289999999999,7529.289999999999,7564.289999999999,799
2011-02-15T00:00:00+00:00,7564.289999999999,7571.289999999999,7526.289999999999,7543.289999999999,849
2011-02-16T00:00:00+00:00,7543.289999999999,7587.289999999999,7543.289999999999,7573.289999999999,759
2011-02-17T00:00:00+00:00,7573.289999999999,7581.289999999999,7512.289999999999,7557.289999999999,848
2011-02-18T00:00:00+00:00,7557.289999999999,7574.289999999999,7528.289999999999,7567.289999999999,757
2011-02-21T00:00:00+00:00,7567.289999999999,7592.289999999999,7460.289999999999,7474.289999999999,847
2011-02-22T00:00:00+00:00,7474.289999999999,7500.289999999999,7407.289999999999,7416.289999999999,1358
2011-02-23T00:00:00+00:00,7416.289999999999,7460.289999999999,7293.289999999999,7318.289999999999,1312
2011-02-24T00:00:00+00:00,7318.289999999999,7326.289999999999,7230.289999999999,7272.289999999999,1634
2011-02-25T00:00:00+00:00,7272.289999999999,7347.289999999999,7272.289999999999,7333.289999999999,1126
2011-02-28T00:00:00+00:00,7333.289999999999,7454.289999999999,7296.289999999999,7434.289999999999,1197
2011-03-01T00:00:00+00:00,7434.289999999999,7504.289999999999,7316.289999999999,7321.289999999999,1603
2011-03-02T00:00:00+00:00,7321.289999999999,7351.289999999999,7270.289999999999,7333.289999999999,1599
2011-03-03T00:00:00+00:00,7333.289999999999,7441.289999999999,7333.289999999999,7416.289999999999,1477
2011-03-04T00:00:00+00:00,7416.289999999999,7458.289999999999,7276.289999999999,7317.289999999999,1627
2011-03-07T00:00:00+00:00,7317.289999999999,7420.289999999999,7271.289999999999,7306.289999999999,1493
2011-03-08T00:00:00+00:00,7306.289999999999,7372.289999999999,7220.289999999999,7318.289999999999,1530
2011-03-09T00:00:00+00:00,7318.289999999999,7366.289999999999,7256.289999999999,7284.289999999999,1587
2011-03-10T00:00:00+00:00,7284.289999999999,7284.289999999999,7170.289999999999,7179.289999999999,1587
2011-03-11T00:00:00+00:00,7179.289999999999,7179.289999999999,7114.289999999999,7155.289999999999,1487
2011-03-14T00:00:00+00:00,7155.289999999999,7155.289999999999,6995.289999999999,7039.289999999999,1907
2011-03-15T00:00:00+00:00,7039.289999999999,7039.289999999999,6632.289999999999,6776.289999999999,2806
2011-03-16T00:00:00+00:00,6776.289999999999,6885.289999999999,6563.289999999999,6587.289999999999,3268
2011-03-17T00:00:00+00:00,6587.289999999999,6841.289999999999,6587.289999999999,6802.289999999999,2462
2011-03-18T00:00:00+00:00,6802.289999999999,6911.289999999999,6771.289999999999,6789.289999999999,1813
2011-03-21T00:00:00+00:00,6789.289999999999,6976.289999999999,6789.289999999999,6962.289999999999,1569
2011-03-22T00:00:00+00:00,6962.289999999999,6975.289999999999,6913.289999999999,6929.289999999999,1247
2011-03-23T00:00:00+00:00,6929.289999999999,6966.289999999999,6866.289999999999,6961.289999999999,1453
2011-03-24T00:00:00+00:00,6961.289999999999,7106.289999999999,6934.289999999999,7104.289999999999,1498
2011-03-25T00:00:00+00:00,7104.289999999999,7134.289999999999,7068.289999999999,7097.289999999999,1218
2011-03-28T00:00:00+00:00,7097.289999999999,7131.289999999999,7064.289999999999,7071.289999999999,1219
2011-03-29T00:00:00+00:00,7071.289999999999,7108.289999999999,7015.289999999999,7105.289999999999,1251
2011-03-30T00:00:00+00:00,7105.289999999999,7216.289999999999,7105.289999999999,7209.289999999999,1033
2011-03-31T00:00:00+00:00,7209.289999999999,7229.289999999999,7187.289999999999,7214.289999999999,1076
2011-04-01T00:00:00+00:00,7214.289999999999,7342.289999999999,7214.289999999999,7320.289999999999,1155
2011-04-04T00:00:00+00:00,7320.289999999999,7349.289999999999,7311.289999999999,7328.289999999999,808
2011-04-05T00:00:00+00:00,7328.289999999999,7346.289999999999,7278.289999999999,7329.289999999999,1112
2011-04-06T00:00:00+00:00,7329.289999999999,7392.289999999999,7306.289999999999,7371.289999999999,1211
2011-04-07T00:00:00+00:00,7371.289999999999,7390.289999999999,7322.289999999999,7352.289999999999,1466
2011-04-08T00:00:00+00:00,7352.289999999999,7382.289999999999,7319.289999999999,7342.289999999999,1021
2011-04-11T00:00:00+00:00,7342.289999999999,7374.289999999999,7304.289999999999,7345.289999999999,953
2011-04-12T00:00:00+00:00,7345.289999999999,7345.289999999999,7239.289999999999,7262.289999999999,1218
2011-04-13T00:00:00+00:00,7262.289999999999,7352.289999999999,7262.289999999999,7319.289999999999,1100
2011-04-14T00:00:00+00:00,7319.289999999999,7329.289999999999,7244.289999999999,7321.289999999999,1274
2011-04-15T00:00:00+00:00,7321.289999999999,7341.289999999999,7290.289999999999,7325.289999999999,1200
2011-04-18T00:00:00+00:00,7325.289999999999,7330.289999999999,7139.289999999999,7198.289999999999,1678
2011-04-19T00:00:00+00:00,7198.289999999999,7227.289999999999,7173.289999999999,7213.289999999999,1056
2011-04-20T00:00:00+00:00,7213.289999999999,7411.289999999999,7213.289999999999,7408.289999999999,1201
2011-04-21T00:00:00+00:00,7408.289999999999,7467.289999999999,7408.289999999999,7455.289999999999,1176
2011-04-26T00:00:00+00:00,7455.289999999999,7525.289999999999,7424.289999999999,7523.289999999999,791
2011-04-27T00:00:00+00:00,7523.289999999999,7612.289999999999,7508.289999999999,7602.289999999999,802
2011-04-28T00:00:00+00:00,7602.289999999999,7647.289999999999,7575.289999999999,7641.289999999999,824
2011-04-29T00:00:00+00:00,7641.289999999999,7677.289999999999,7616.289999999999,7674.289999999999,536
2011-05-02T00:00:00+00:00,7674.289999999999,7753.289999999999,7647.289999999999,7659.289999999999,957
2011-05-03T00:00:00+00:00,7659.289999999999,7674.289999999999,7599.289999999999,7628.289999999999,969
2011-05-04T00:00:00+00:00,7628.289999999999,7687.289999999999,7504.289999999999,7534.289999999999,1345
2011-05-05T00:00:00+00:00,7534.289999999999,7568.289999999999,7436.289999999999,7496.289999999999,1460
2011-05-06T00:00:00+00:00,7496.289999999999,7650.289999999999,7496.289999999999,7570.289999999999,1587
2011-05-09T00:00:00+00:00,7570.289999999999,7636.289999999999,7524.289999999999,7580.289999999999,1251
2011-05-10T00:00:00+00:00,7580.289999999999,7682.289999999999,7567.289999999999,7675.289999999999,1151
2011-05-11T00:00:00+00:00,7675.289999999999,7715.289999999999,7586.289999999999,7611.289999999999,1286
2011-05-12T00:00:00+00:00,7611.289999999999,7639.289999999999,7502.289999999999,7628.289999999999,1577
2011-05-13T00:00:00+00:00,7628.289999999999,7654.289999999999,7495.289999999999,7532.289999999999,1520
2011-05-16T00:00:00+00:00,7532.289999999999,7551.289999999999,7433.289999999999,7487.289999999999,1447
2011-05-17T00:00:00+00:00,7487.289999999999,7517.289999999999,7391.289999999999,7435.289999999999,1767
2011-05-18T00:00:00+00:00,7435.289999999999,7489.289999999999,7408.289999999999,7486.289999999999,1473
2011-05-19T00:00:00+00:00,7486.289999999999,7564.289999999999,7462.289999999999,7532.289999999999,1415
2011-05-20T00:00:00+00:00,7532.289999999999,7560.289999999999,7376.289999999999,7399.289999999999,1356
2011-05-23T00:00:00+00:00,7399.289999999999,7399.289999999999,7250.289999999999,7270.289999999999,1439
2011-05-24T00:00:00+00:00,7270.289999999999,7350.289999999999,7265.289999999999,7280.289999999999,1411
2011-05-25T00:00:00+00:00,7280.289999999999,7349.289999999999,7210.289999999999,7334.289999999999,1307
2011-05-26T00:00:00+00:00,7334.289999999999,7365.289999999999,7235.289999999999,7313.289999999999,1664
2011-05-27T00:00:00+00:00,7313.289999999999,7354.289999999999,7262.289999999999,7303.289999999999,1696
2011-05-30T00:00:00+00:00,7303.289999999999,7353.289999999999,7287.289999999999,7317.289999999999,518
2011-05-31T00:00:00+00:00,7317.289999999999,7478.289999999999,7317.289999999999,7477.289999999999,1566
2011-06-01T00:00:00+00:00,7477.289999999999,7489.289999999999,7293.289999999999,7293.289999999999,1530
2011-06-02T00:00:00+00:00,7293.289999999999,7306.289999999999,7215.289999999999,7248.289999999999,1487
2011-06-03T00:00:00+00:00,7248.289999999999,7293.289999999999,7169.289999999999,7262.289999999999,1575
2011-06-06T00:00:00+00:00,7262.289999999999,7275.289999999999,7189.289999999999,7190.289999999999,1487
2011-06-07T00:00:00+00:00,7190.289999999999,7298.289999999999,7190.289999999999,7222.289999999999,1329
2011-06-08T00:00:00+00:00,7222.289999999999,7238.289999999999,7140.289999999999,7186.289999999999,1308
2011-06-09T00:00:00+00:00,7186.289999999999,7339.289999999999,7183.289999999999,7324.289999999999,1614
2011-06-10T00:00:00+00:00,7324.289999999999,7331.289999999999,7192.289999999999,7216.289999999999,1689
2011-06-13T00:00:00+00:00,7216.289999999999,7272.289999999999,7190.289999999999,7219.289999999999,1327
2011-06-14T00:00:00+00:00,7219.289999999999,7381.289999999999,7219.289999999999,7357.289999999999,1639
2011-06-15T00:00:00+00:00,7357.289999999999,7357.289999999999,7220.289999999999,7237.289999999999,1637
2011-06-16T00:00:00+00:00,7237.289999999999,7266.289999999999,7165.289999999999,7236.289999999999,2239
2011-06-17T00:00:00+00:00,7236.289999999999,7374.289999999999,7185.289999999999,7309.289999999999,1870
2011-06-20T00:00:00+00:00,7309.289999999999,7315.289999999999,7209.289999999999,7313.289999999999,1569
2011-06-21T00:00:00+00:00,7313.289999999999,7459.289999999999,7313.289999999999,7443.289999999999,1373
2011-06-22T00:00:00+00:00,7443.289999999999,7460.289999999999,7400.289999999999,7405.289999999999,1486
2011-06-23T00:00:00+00:00,7405.289999999999,7405.289999999999,7267.289999999999,7353.289999999999,2066
2011-06-24T00:00:00+00:00,7353.289999999999,7421.289999999999,7245.289999999999,7263.289999999999,2360
2011-06-27T00:00:00+00:00,7263.289999999999,7294.289999999999,7226.289999999999,7283.289999999999,1562
2011-06-28T00:00:00+00:00,7283.289999999999,7357.289999999999,7223.289999999999,7355.289999999999,1588
2011-06-29T00:00:00+00:00,7355.289999999999,7469.289999999999,7350.289999999999,7445.289999999999,2070
2011-06-30T00:00:00+00:00,7445.289999999999,7538.289999999999,7434.289999999999,7538.289999999999,1318
2011-07-01T00:00:00+00:00,7538.289999999999,7603.289999999999,7505.289999999999,7594.289999999999,1556
2011-07-04T00:00:00+00:00,7594.289999999999,7598.289999999999,7566.289999999999,7586.289999999999,455
2011-07-05T00:00:00+00:00,7586.289999999999,7623.289999999999,7570.289999999999,7588.289999999999,1405
2011-07-06T00:00:00+00:00,7588.289999999999,7618.289999999999,7544.289999999999,7592.289999999999,1458
2011-07-07T00:00:00+00:00,7592.289999999999,7662.289999999999,7590.289999999999,7641.289999999999,1271
2011-07-08T00:00:00+00:00,7641.289999999999,7673.289999999999,7538.289999999999,7575.289999999999,1523
2011-07-11T00:00:00+00:00,7575.289999999999,7575.289999999999,7336.289999999999,7350.289999999999,1853
2011-07-12T00:00:00+00:00,7350.289999999999,7351.289999999999,7141.289999999999,7293.289999999999,2775
2011-07-13T00:00:00+00:00,7293.289999999999,7429.289999999999,7293.289999999999,7375.289999999999,1926
2011-07-14T00:00:00+00:00,7375.289999999999,7414.289999999999,7302.289999999999,7322.289999999999,2051
2011-07-15T00:00:00+00:00,7322.289999999999,7402.289999999999,7287.289999999999,7368.289999999999,2232
2011-07-18T00:00:00+00:00,7368.289999999999,7368.289999999999,7236.289999999999,7278.289999999999,1812
2011-07-19T00:00:00+00:00,7278.289999999999,7385.289999999999,7278.289999999999,7373.289999999999,1780
2011-07-20T00:00:00+00:00,7373.289999999999,7411.289999999999,7313.289999999999,7375.289999999999,1634
2011-07-21T00:00:00+00:00,7375.289999999999,7474.289999999999,7287.289999999999,7455.289999999999,2477
2011-07-22T00:00:00+00:00,7455.289999999999,7500.289999999999,7414.289999999999,7481.289999999999,1794
2011-07-25T00:00:00+00:00,7481.289999999999,7516.289999999999,7407.289999999999,7492.289999999999,1454
2011-07-26T00:00:00+00:00,7492.289999999999,7530.289999999999,7450.289999999999,7486.289999999999,1387
2011-07-27T00:00:00+00:00,7486.289999999999,7493.289999999999,7336.289999999999,7347.289999999999,1637
2011-07-28T00:00:00+00:00,7347.289999999999,7353.289999999999,7258.289999999999,7279.289999999999,1904
2011-07-29T00:00:00+00:00,7279.289999999999,7339.289999999999,7211.289999999999,7287.289999999999,1930
2011-08-01T00:00:00+00:00,7287.289999999999,7431.289999999999,6993.289999999999,7124.289999999999,2704
2011-08-02T00:00:00+00:00,7124.289999999999,7124.289999999999,6853.289999999999,6856.289999999999,2398
2011-08-03T00:00:00+00:00,6856.289999999999,6933.289999999999,6687.289999999999,6857.289999999999,3010
2011-08-04T00:00:00+00:00,6857.289999999999,6888.289999999999,6396.289999999999,6420.289999999999,3424
2011-08-05T00:00:00+00:00,6420.289999999999,6587.289999999999,6262.289999999999,6470.289999999999,5408
2011-08-08T00:00:00+00:00,6470.289999999999,6470.289999999999,5856.289999999999,5869.289999999999,5008
2011-08-09T00:00:00+00:00,5869.289999999999,6171.289999999999,5637.289999999999,6149.289999999999,6074
2011-08-10T00:00:00+00:00,6149.289999999999,6255.289999999999,5684.289999999999,5750.289999999999,5943
2011-08-11T00:00:00+00:00,5750.289999999999,6094.289999999999,5635.289999999999,6024.289999999999,6127
2011-08-12T00:00:00+00:00,6024.289999999999,6210.289999999999,5823.289999999999,6155.289999999999,3931
2011-08-15T00:00:00+00:00,6155.289999999999,6254.289999999999,6153.289999999999,6219.289999999999,2444
2011-08-16T00:00:00+00:00,6219.289999999999,6219.289999999999,5995.289999999999,6093.289999999999,3086
2011-08-17T00:00:00+00:00,6093.289999999999,6165.289999999999,6018.289999999999,6058.289999999999,2916
2011-08-18T00:00:00+00:00,6058.289999999999,6058.289999999999,5678.289999999999,5743.289999999999,4194
2011-08-19T00:00:00+00:00,5743.289999999999,5743.289999999999,5491.289999999999,5558.289999999999,4566
2011-08-22T00:00:00+00:00,5558.289999999999,5740.289999999999,5539.289999999999,5586.289999999999,3399
2011-08-23T00:00:00+00:00,5586.289999999999,5785.289999999999,5586.289999999999,5777.289999999999,3692
2011-08-24T00:00:00+00:00,5777.289999999999,5894.289999999999,5663.289999999999,5863.289999999999,3060
2011-08-25T00:00:00+00:00,5863.289999999999,5926.289999999999,5566.289999999999,5672.289999999999,3463
2011-08-26T00:00:00+00:00,5672.289999999999,5738.289999999999,5553.289999999999,5708.289999999999,3999
2011-08-29T00:00:00+00:00,5708.289999999999,5864.289999999999,5708.289999999999,5857.289999999999,1708
2011-08-30T00:00:00+00:00,5857.289999999999,5877.289999999999,5719.289999999999,5813.289999999999,2955
2011-08-31T00:00:00+00:00,5813.289999999999,6019.289999999999,5795.289999999999,5908.289999999999,2764
2011-09-01T00:00:00+00:00,5908.289999999999,5943.289999999999,5785.289999999999,5810.289999999999,3524
2011-09-02T00:00:00+00:00,5810.289999999999,5810.289999999999,5641.289999999999,5658.289999999999,2601
2011-09-05T00:00:00+00:00,5658.289999999999,5658.289999999999,5355.289999999999,5369.289999999999,2410
2011-09-06T00:00:00+00:00,5369.289999999999,5481.289999999999,5299.289999999999,5418.289999999999,3931
2011-09-07T00:00:00+00:00,5418.289999999999,5598.289999999999,5418.289999999999,5596.289999999999,2548
2011-09-08T00:00:00+00:00,5596.289999999999,5620.289999999999,5456.289999999999,5500.289999999999,2939
2011-09-09T00:00:00+00:00,5500.289999999999,5550.289999999999,5289.289999999999,5314.289999999999,3105
2011-09-12T00:00:00+00:00,5314.289999999999,5314.289999999999,5112.289999999999,5293.289999999999,3437
2011-09-13T00:00:00+00:00,5293.289999999999,5371.289999999999,5115.289999999999,5350.289999999999,3789
2011-09-14T00:00:00+00:00,5350.289999999999,5599.289999999999,5221.289999999999,5569.289999999999,3420
2011-09-15T00:00:00+00:00,5569.289999999999,5728.289999999999,5524.289999999999,5723.289999999999,3091
2011-09-16T00:00:00+00:00,5723.289999999999,5809.289999999999,5671.289999999999,5755.289999999999,2567
2011-09-19T00:00:00+00:00,5755.289999999999,5755.289999999999,5509.289999999999,5602.289999999999,2680
2011-09-20T00:00:00+00:00,5602.289999999999,5727.289999999999,5509.289999999999,5670.289999999999,3207
2011-09-21T00:00:00+00:00,5670.289999999999,5726.289999999999,5488.289999999999,5489.289999999999,2806
2011-09-22T00:00:00+00:00,5489.289999999999,5489.289999999999,5255.289999999999,5317.289999999999,3872
2011-09-23T00:00:00+00:00,5317.289999999999,5380.289999999999,5120.289999999999,5355.289999999999,4133
2011-09-26T00:00:00+00:00,5355.289999999999,5565.289999999999,5227.289999999999,5561.289999999999,4059
2011-09-27T00:00:00+00:00,5561.289999999999,5821.289999999999,5561.289999999999,5737.289999999999,3028
2011-09-28T00:00:00+00:00,5737.289999999999,5850.289999999999,5637.289999999999,5642.289999999999,2755
2011-09-29T00:00:00+00:00,5642.289999999999,5855.289999999999,5642.289999999999,5788.289999999999,2876
2011-09-30T00:00:00+00:00,5788.289999999999,5788.289999999999,5573.289999999999,5575.289999999999,4040
2011-10-03T00:00:00+00:00,5575.289999999999,5588.289999999999,5412.289999999999,5413.289999999999,23698
2011-10-04T00:00:00+00:00,5413.289999999999,5484.289999999999,5273.289999999999,5481.289999999999,29182
2011-10-05T00:00:00+00:00,5481.289999999999,5664.289999999999,5413.289999999999,5659.289999999999,25005
2011-10-06T00:00:00+00:00,5659.289999999999,5829.289999999999,5612.289999999999,5825.289999999999,26069
2011-10-07T00:00:00+00:00,5825.289999999999,5899.289999999999,5755.289999999999,5793.289999999999,24000
2011-10-10T00:00:00+00:00,5793.289999999999,6023.289999999999,5793.289999999999,6019.289999999999,16643
2011-10-11T00:00:00+00:00,6019.289999999999,6031.289999999999,5921.289999999999,6007.289999999999,17332
2011-10-12T00:00:00+00:00,6007.289999999999,6175.289999999999,5945.289999999999,6126.289999999999,18314
2011-10-13T00:00:00+00:00,6126.289999999999,6183.289999999999,6024.289999999999,6097.289999999999,20365
2011-10-14T00:00:00+00:00,6097.289999999999,6185.289999999999,6033.289999999999,6143.289999999999,17598
2011-10-17T00:00:00+00:00,6143.289999999999,6228.289999999999,5958.289999999999,5960.289999999999,18375
2011-10-18T00:00:00+00:00,5960.289999999999,6135.289999999999,5894.289999999999,6110.289999999999,21020
2011-10-19T00:00:00+00:00,6110.289999999999,6125.289999999999,5984.289999999999,5990.289999999999,20657
2011-10-20T00:00:00+00:00,5990.289999999999,6064.289999999999,5894.289999999999,5934.289999999999,24887
2011-10-21T00:00:00+00:00,5934.289999999999,6134.289999999999,5916.289999999999,6132.289999999999,18854
2011-10-24T00:00:00+00:00,6132.289999999999,6215.289999999999,6084.289999999999,6203.289999999999,17262
2011-10-25T00:00:00+00:00,6203.289999999999,6310.289999999999,6112.289999999999,6151.289999999999,21961
2011-10-26T00:00:00+00:00,6151.289999999999,6294.289999999999,6100.289999999999,6216.289999999999,23202
2011-10-27T00:00:00+00:00,6216.289999999999,6583.289999999999,6216.289999999999,6563.289999999999,22087
2011-10-28T00:00:00+00:00,6563.289999999999,6582.289999999999,6455.289999999999,6498.289999999999,18764
2011-10-31T00:00:00+00:00,6498.289999999999,6498.289999999999,6240.289999999999,6245.289999999999,18299
2011-11-01T00:00:00+00:00,6245.289999999999,6245.289999999999,5910.289999999999,6017.289999999999,28162
2011-11-02T00:00:00+00:00,6017.289999999999,6140.289999999999,5958.289999999999,6092.289999999999,21058
2011-11-03T00:00:00+00:00,6092.289999999999,6342.289999999999,5945.289999999999,6306.289999999999,28967
2011-11-04T00:00:00+00:00,6306.289999999999,6335.289999999999,6074.289999999999,6138.289999999999,22419
2011-11-07T00:00:00+00:00,6138.289999999999,6176.289999999999,5980.289999999999,6134.289999999999,20827
2011-11-08T00:00:00+00:00,6134.289999999999,6236.289999999999,6079.289999999999,6219.289999999999,19338
2011-11-09T00:00:00+00:00,6219.289999999999,6240.289999999999,5878.289999999999,5884.289999999999,26711
2011-11-10T00:00:00+00:00,5884.289999999999,6084.289999999999,5812.289999999999,6036.289999999999,24931
2011-11-11T00:00:00+00:00,6036.289999999999,6216.289999999999,6002.289999999999,6202.289999999999,17391
2011-11-14T00:00:00+00:00,6202.289999999999,6279.289999999999,6070.289999999999,6091.289999999999,19229
2011-11-15T00:00:00+00:00,6091.289999999999,6163.289999999999,5964.289999999999,6108.289999999999,22280
2011-11-16T00:00:00+00:00,6108.289999999999,6179.289999999999,5984.289999999999,5987.289999999999,22412
2011-11-17T00:00:00+00:00,5987.289999999999,6072.289999999999,5906.289999999999,5935.289999999999,27152
2011-11-18T00:00:00+00:00,5935.289999999999,6049.289999999999,5909.289999999999,5947.289999999999,21172
2011-11-21T00:00:00+00:00,5947.289999999999,5947.289999999999,5742.289999999999,5782.289999999999,20925
2011-11-22T00:00:00+00:00,5782.289999999999,5831.289999999999,5682.289999999999,5712.289999999999,19495
2011-11-23T00:00:00+00:00,5712.289999999999,5737.289999999999,5604.289999999999,5604.289999999999,20898
2011-11-24T00:00:00+00:00,5604.289999999999,5712.289999999999,5547.289999999999,5586.289999999999,12354
2011-11-25T00:00:00+00:00,5586.289999999999,5678.289999999999,5514.289999999999,5585.289999999999,16018
2011-11-28T00:00:00+00:00,5585.289999999999,5904.289999999999,5585.289999999999,5879.289999999999,16370
2011-11-29T00:00:00+00:00,5879.289999999999,5975.289999999999,5839.289999999999,5935.289999999999,19404
2011-11-30T00:00:00+00:00,5935.289999999999,6280.289999999999,5851.289999999999,6273.289999999999,22970
2011-12-01T00:00:00+00:00,6273.289999999999,6273.289999999999,6165.289999999999,6205.289999999999,17923
2011-12-02T00:00:00+00:00,6205.289999999999,6320.289999999999,6193.289999999999,6205.289999999999,18828
2011-12-05T00:00:00+00:00,6205.289999999999,6319.289999999999,6200.289999999999,6231.289999999999,16805
2011-12-06T00:00:00+00:00,6231.289999999999,6244.289999999999,6154.289999999999,6207.289999999999,16210
2011-12-07T00:00:00+00:00,6207.289999999999,6285.289999999999,6067.289999999999,6199.289999999999,17774
2011-12-08T00:00:00+00:00,6199.289999999999,6226.289999999999,5961.289999999999,5965.289999999999,23206
2011-12-09T00:00:00+00:00,5965.289999999999,6164.289999999999,5917.289999999999,6155.289999999999,19984
2011-12-12T00:00:00+00:00,6155.289999999999,6155.289999999999,5908.289999999999,5947.289999999999,17645
2011-12-13T00:00:00+00:00,5947.289999999999,6003.289999999999,5849.289999999999,5875.289999999999,19410
2011-12-14T00:00:00+00:00,5875.289999999999,5920.289999999999,5818.289999999999,5843.289999999999,19060
2011-12-15T00:00:00+00:00,5843.289999999999,5946.289999999999,5810.289999999999,5865.289999999999,15341
2011-12-16T00:00:00+00:00,5865.289999999999,5939.289999999999,5800.289999999999,5825.289999999999,16592
2011-12-19T00:00:00+00:00,5825.289999999999,5926.289999999999,5755.289999999999,5772.289999999999,13343
2011-12-20T00:00:00+00:00,5772.289999999999,6028.289999999999,5772.289999999999,6022.289999999999,13697
2011-12-21T00:00:00+00:00,6022.289999999999,6116.289999999999,5914.289999999999,5971.289999999999,16848
2011-12-22T00:00:00+00:00,5971.289999999999,6036.289999999999,5952.289999999999,6024.289999999999,11314
2011-12-23T00:00:00+00:00,6024.289999999999,6071.289999999999,5992.289999999999,6043.289999999999,6873
2011-12-27T00:00:00+00:00,6043.289999999999,6072.289999999999,6025.289999999999,6039.289999999999,4588
2011-12-28T00:00:00+00:00,6039.289999999999,6050.289999999999,5915.289999999999,5929.289999999999,9356
2011-12-29T00:00:00+00:00,5929.289999999999,6029.289999999999,5925.289999999999,6025.289999999999,9728
2011-12-30T00:00:00+00:00,6025.289999999999,6040.289999999999,5965.289999999999,6039.289999999999,4173
2012-01-02T00:00:00+00:00,6039.289999999999,6223.289999999999,6023.289999999999,6211.289999999999,5086
2012-01-03T00:00:00+00:00,6211.289999999999,6328.289999999999,6211.289999999999,6292.289999999999,18925
2012-01-04T00:00:00+00:00,6292.289999999999,6312.289999999999,6236.289999999999,6272.289999999999,12022
2012-01-05T00:00:00+00:00,6272.289999999999,6289.289999999999,6189.289999999999,6273.289999999999,15202
2012-01-06T00:00:00+00:00,6273.289999999999,6303.289999999999,6161.289999999999,6189.289999999999,13737
2012-01-09T00:00:00+00:00,6189.289999999999,6226.289999999999,6137.289999999999,6189.289999999999,13655
2012-01-10T00:00:00+00:00,6189.289999999999,6341.289999999999,6189.289999999999,6302.289999999999,13157
2012-01-11T00:00:00+00:00,6302.289999999999,6330.289999999999,6255.289999999999,6319.289999999999,12611
2012-01-12T00:00:00+00:00,6319.289999999999,6407.289999999999,6296.289999999999,6367.289999999999,13410
2012-01-13T00:00:00+00:00,6367.289999999999,6402.289999999999,6211.289999999999,6284.289999999999,15527
2012-01-16T00:00:00+00:00,6284.289999999999,6381.289999999999,6242.289999999999,6353.289999999999,8923
2012-01-17T00:00:00+00:00,6353.289999999999,6492.289999999999,6353.289999999999,6448.289999999999,13123
2012-01-18T00:00:00+00:00,6448.289999999999,6541.289999999999,6429.289999999999,6536.289999999999,13252
2012-01-19T00:00:00+00:00,6536.289999999999,6568.289999999999,6482.289999999999,6560.289999999999,12164
2012-01-20T00:00:00+00:00,6560.289999999999,6580.289999999999,6520.289999999999,6578.289999999999,12654
2012-01-23T00:00:00+00:00,6578.289999999999,6617.289999999999,6500.289999999999,6578.289999999999,12200
2012-01-24T00:00:00+00:00,6578.289999999999,6578.289999999999,6486.289999999999,6565.289999999999,12572
2012-01-25T00:00:00+00:00,6565.289999999999,6624.289999999999,6513.289999999999,6614.289999999999,13481
2012-01-26T00:00:00+00:00,6614.289999999999,6709.289999999999,6579.289999999999,6665.289999999999,12876
2012-01-27T00:00:00+00:00,6665.289999999999,6724.289999999999,6631.289999999999,6668.289999999999,13088
2012-01-30T00:00:00+00:00,6668.289999999999,6668.289999999999,6562.289999999999,6613.289999999999,11088
2012-01-31T00:00:00+00:00,6613.289999999999,6682.289999999999,6599.289999999999,6635.289999999999,11311
2012-02-01T00:00:00+00:00,6635.289999999999,6780.289999999999,6610.289999999999,6759.289999999999,11190
2012-02-02T00:00:00+00:00,6759.289999999999,6818.289999999999,6755.289999999999,6810.289999999999,10639
2012-02-03T00:00:00+00:00,6810.289999999999,6939.289999999999,6784.289999999999,6934.289999999999,10413
2012-02-06T00:00:00+00:00,6934.289999999999,6934.289999999999,6865.289999999999,6915.289999999999,9966
2012-02-07T00:00:00+00:00,6915.289999999999,6938.289999999999,6832.289999999999,6909.289999999999,10803
2012-02-08T00:00:00+00:00,6909.289999999999,6981.289999999999,6884.289999999999,6943.289999999999,9884
2012-02-09T00:00:00+00:00,6943.289999999999,6991.289999999999,6895.289999999999,6952.289999999999,12820
2012-02-10T00:00:00+00:00,6952.289999999999,6952.289999999999,6798.289999999999,6841.289999999999,12090
2012-02-13T00:00:00+00:00,6841.289999999999,6923.289999999999,6841.289999999999,6900.289999999999,9047
2012-02-14T00:00:00+00:00,6900.289999999999,6940.289999999999,6840.289999999999,6876.289999999999,10801
2012-02-15T00:00:00+00:00,6876.289999999999,6980.289999999999,6862.289999999999,6864.289999999999,13273
2012-02-16T00:00:00+00:00,6864.289999999999,6953.289999999999,6800.289999999999,6939.289999999999,12552
2012-02-17T00:00:00+00:00,6939.289999999999,7025.289999999999,6939.289999999999,7016.289999999999,9306
2012-02-20T00:00:00+00:00,7016.289999999999,7106.289999999999,7016.289999999999,7098.289999999999,6268
2012-02-21T00:00:00+00:00,7098.289999999999,7122.289999999999,7019.289999999999,7029.289999999999,10395
2012-02-22T00:00:00+00:00,7029.289999999999,7068.289999999999,6968.289999999999,6984.289999999999,9610
2012-02-23T00:00:00+00:00,6984.289999999999,7054.289999999999,6881.289999999999,6977.289999999999,10076
2012-02-24T00:00:00+00:00,6977.289999999999,7040.289999999999,6974.289999999999,7003.289999999999,8666
2012-02-27T00:00:00+00:00,7003.289999999999,7019.289999999999,6891.289999999999,6993.289999999999,10278
2012-02-28T00:00:00+00:00,6993.289999999999,7050.289999999999,6958.289999999999,7035.289999999999,10405
2012-02-29T00:00:00+00:00,7035.289999999999,7116.289999999999,6989.289999999999,7006.289999999999,11768
2012-03-01T00:00:00+00:00,7006.289999999999,7108.289999999999,6964.289999999999,7103.289999999999,11443
2012-03-02T00:00:00+00:00,7103.289999999999,7111.289999999999,7045.289999999999,7071.289999999999,8859
2012-03-05T00:00:00+00:00,7071.289999999999,7071.289999999999,6962.289999999999,7028.289999999999,9521
2012-03-06T00:00:00+00:00,7028.289999999999,7028.289999999999,6748.289999999999,6760.289999999999,12757
2012-03-07T00:00:00+00:00,6760.289999999999,6830.289999999999,6760.289999999999,6826.289999999999,10194
2012-03-08T00:00:00+00:00,6826.289999999999,7021.289999999999,6826.289999999999,7013.289999999999,11002
2012-03-09T00:00:00+00:00,7013.289999999999,7062.289999999999,6979.289999999999,7041.289999999999,10710
2012-03-12T00:00:00+00:00,7041.289999999999,7071.289999999999,6995.289999999999,7064.289999999999,8955
2012-03-13T00:00:00+00:00,7064.289999999999,7195.289999999999,7064.289999999999,7186.289999999999,10527
2012-03-14T00:00:00+00:00,7186.289999999999,7248.289999999999,7166.289999999999,7226.289999999999,9787
2012-03-15T00:00:00+00:00,7226.289999999999,7312.289999999999,7222.289999999999,7299.289999999999,8580
2012-03-16T00:00:00+00:00,7299.289999999999,7344.289999999999,7291.289999999999,7304.289999999999,9167
2012-03-19T00:00:00+00:00,7304.289999999999,7317.289999999999,7242.289999999999,7302.289999999999,7994
2012-03-20T00:00:00+00:00,7302.289999999999,7302.289999999999,7181.289999999999,7222.289999999999,9445
2012-03-21T00:00:00+00:00,7222.289999999999,7263.289999999999,7160.289999999999,7209.289999999999,9521
2012-03-22T00:00:00+00:00,7209.289999999999,7226.289999999999,7086.289999999999,7138.289999999999,11598
2012-03-23T00:00:00+00:00,7138.289999999999,7177.289999999999,7056.289999999999,7159.289999999999,11200
2012-03-26T00:00:00+00:00,7159.289999999999,7258.289999999999,7117.289999999999,7256.289999999999,9833
2012-03-27T00:00:00+00:00,7256.289999999999,7301.289999999999,7213.289999999999,7219.289999999999,9714
2012-03-28T00:00:00+00:00,7219.289999999999,7259.289999999999,7097.289999999999,7129.289999999999,11582
2012-03-29T00:00:00+00:00,7129.289999999999,7142.289999999999,6991.289999999999,7061.289999999999,12407
2012-03-30T00:00:00+00:00,7061.289999999999,7112.289999999999,7048.289999999999,7103.289999999999,10043
2012-04-02T00:00:00+00:00,7103.289999999999,7239.289999999999,7059.289999999999,7215.289999999999,12097
2012-04-03T00:00:00+00:00,7215.289999999999,7231.289999999999,7074.289999999999,7109.289999999999,11950
2012-04-04T00:00:00+00:00,7109.289999999999,7109.289999999999,6920.289999999999,6943.289999999999,13391
2012-04-05T00:00:00+00:00,6943.289999999999,6979.289999999999,6832.289999999999,6908.289999999999,12038
2012-04-10T00:00:00+00:00,6908.289999999999,6908.289999999999,6707.289999999999,6707.289999999999,13420
2012-04-11T00:00:00+00:00,6707.289999999999,6871.289999999999,6707.289999999999,6816.289999999999,12529
2012-04-12T00:00:00+00:00,6816.289999999999,6913.289999999999,6799.289999999999,6905.289999999999,12219
2012-04-13T00:00:00+00:00,6905.289999999999,6905.289999999999,6701.289999999999,6716.289999999999,13963
2012-04-16T00:00:00+00:00,6716.289999999999,6825.289999999999,6679.289999999999,6793.289999999999,13085
2012-04-17T00:00:00+00:00,6793.289999999999,6958.289999999999,6766.289999999999,6951.289999999999,11067
2012-04-18T00:00:00+00:00,6951.289999999999,6962.289999999999,6866.289999999999,6878.289999999999,11673
2012-04-19T00:00:00+00:00,6878.289999999999,6956.289999999999,6779.289999999999,6810.289999999999,16073
2012-04-20T00:00:00+00:00,6810.289999999999,6909.289999999999,6799.289999999999,6871.289999999999,13240
2012-04-23T00:00:00+00:00,6871.289999999999,6871.289999999999,6647.289999999999,6703.289999999999,13232
2012-04-24T00:00:00+00:00,6703.289999999999,6753.289999999999,6655.289999999999,6718.289999999999,11528
2012-04-25T00:00:00+00:00,6718.289999999999,6883.289999999999,6718.289999999999,6844.289999999999,12164
2012-04-26T00:00:00+00:00,6844.289999999999,6932.289999999999,6790.289999999999,6914.289999999999,11186
2012-04-27T00:00:00+00:00,6914.289999999999,6977.289999999999,6802.289999999999,6955.289999999999,12953
2012-04-30T00:00:00+00:00,6955.289999999999,6998.289999999999,6898.289999999999,6924.289999999999,9558
2012-05-02T00:00:00+00:00,6924.289999999999,7025.289999999999,6812.289999999999,6893.289999999999,11742
2012-05-03T00:00:00+00:00,6893.289999999999,6941.289999999999,6796.289999999999,6820.289999999999,11920
2012-05-04T00:00:00+00:00,6820.289999999999,6834.289999999999,6682.289999999999,6690.289999999999,12420
2012-05-07T00:00:00+00:00,6690.289999999999,6743.289999999999,6516.289999999999,6734.289999999999,9692
2012-05-08T00:00:00+00:00,6734.289999999999,6734.289999999999,6563.289999999999,6658.289999999999,10507
2012-05-09T00:00:00+00:00,6658.289999999999,6658.289999999999,6523.289999999999,6624.289999999999,17054
2012-05-10T00:00:00+00:00,6624.289999999999,6699.289999999999,6588.289999999999,6654.289999999999,15263
2012-05-11T00:00:00+00:00,6654.289999999999,6738.289999999999,6593.289999999999,6677.289999999999,14372
2012-05-14T00:00:00+00:00,6677.289999999999,6677.289999999999,6552.289999999999,6576.289999999999,13516
2012-05-15T00:00:00+00:00,6576.289999999999,6658.289999999999,6503.289999999999,6523.289999999999,14919
2012-05-16T00:00:00+00:00,6523.289999999999,6591.289999999999,6446.289999999999,6504.289999999999,16877
2012-05-17T00:00:00+00:00,6504.289999999999,6570.289999999999,6414.289999999999,6417.289999999999,15381
2012-05-18T00:00:00+00:00,6417.289999999999,6484.289999999999,6368.289999999999,6374.289999999999,15879
2012-05-21T00:00:00+00:00,6374.289999999999,6515.289999999999,6374.289999999999,6509.289999999999,11949
2012-05-22T00:00:00+00:00,6509.289999999999,6594.289999999999,6497.289999999999,6517.289999999999,12904
2012-05-23T00:00:00+00:00,6517.289999999999,6524.289999999999,6406.289999999999,6514.289999999999,16230
2012-05-24T00:00:00+00:00,6514.289999999999,6514.289999999999,6393.289999999999,6444.289999999999,16555
2012-05-25T00:00:00+00:00,6444.289999999999,6557.289999999999,6429.289999999999,6465.289999999999,13617
2012-05-28T00:00:00+00:00,6465.289999999999,6577.289999999999,6460.289999999999,6492.289999999999,7521
2012-05-29T00:00:00+00:00,6492.289999999999,6592.289999999999,6483.289999999999,6561.289999999999,13753
2012-05-30T00:00:00+00:00,6561.289999999999,6561.289999999999,6408.289999999999,6430.289999999999,15774
2012-05-31T00:00:00+00:00,6430.289999999999,6472.289999999999,6357.289999999999,6422.289999999999,14817
2012-06-01T00:00:00+00:00,6422.289999999999,6422.289999999999,6157.289999999999,6228.289999999999,12299
2012-06-04T00:00:00+00:00,6228.289999999999,6228.289999999999,6091.289999999999,6149.289999999999,11840
2012-06-05T00:00:00+00:00,6149.289999999999,6175.289999999999,6062.289999999999,6149.289999999999,12517
2012-06-06T00:00:00+00:00,6149.289999999999,6282.289999999999,6144.289999999999,6282.289999999999,14722
2012-06-07T00:00:00+00:00,6282.289999999999,6381.289999999999,6248.289999999999,6275.289999999999,14261
2012-06-08T00:00:00+00:00,6275.289999999999,6319.289999999999,6202.289999999999,6308.289999999999,13295
2012-06-11T00:00:00+00:00,6308.289999999999,6458.289999999999,6247.289999999999,6248.289999999999,13745
2012-06-12T00:00:00+00:00,6248.289999999999,6361.289999999999,6232.289999999999,6341.289999999999,15530
2012-06-13T00:00:00+00:00,6341.289999999999,6371.289999999999,6241.289999999999,6274.289999999999,13987
2012-06-14T00:00:00+00:00,6274.289999999999,6317.289999999999,6226.289999999999,6290.289999999999,14781
2012-06-15T00:00:00+00:00,6290.289999999999,6417.289999999999,6290.289999999999,6417.289999999999,14304
2012-06-18T00:00:00+00:00,6417.289999999999,6484.289999999999,6371.289999999999,6392.289999999999,16139
2012-06-19T00:00:00+00:00,6392.289999999999,6529.289999999999,6382.289999999999,6504.289999999999,13309
2012-06-20T00:00:00+00:00,6504.289999999999,6567.289999999999,6475.289999999999,6531.289999999999,13817
2012-06-21T00:00:00+00:00,6531.289999999999,6577.289999999999,6413.289999999999,6417.289999999999,13445
2012-06-22T00:00:00+00:00,6417.289999999999,6468.289999999999,6404.289999999999,6437.289999999999,11207
2012-06-25T00:00:00+00:00,6437.289999999999,6437.289999999999,6266.289999999999,6286.289999999999,11013
2012-06-26T00:00:00+00:00,6286.289999999999,6329.289999999999,6258.289999999999,6313.289999999999,10628
2012-06-27T00:00:00+00:00,6313.289999999999,6392.289999999999,6280.289999999999,6378.289999999999,10273
2012-06-28T00:00:00+00:00,6378.289999999999,6395.289999999999,6245.289999999999,6331.289999999999,13626
2012-06-29T00:00:00+00:00,6331.289999999999,6581.289999999999,6331.289999999999,6576.289999999999,13249
2012-07-02T00:00:00+00:00,6576.289999999999,6674.289999999999,6541.289999999999,6669.289999999999,11115
2012-07-03T00:00:00+00:00,6669.289999999999,6742.289999999999,6653.289999999999,6732.289999999999,8259
2012-07-04T00:00:00+00:00,6732.289999999999,6734.289999999999,6674.289999999999,6714.289999999999,6213
2012-07-05T00:00:00+00:00,6714.289999999999,6791.289999999999,6623.289999999999,6671.289999999999,13329
2012-07-06T00:00:00+00:00,6671.289999999999,6682.289999999999,6552.289999999999,6576.289999999999,9303
2012-07-09T00:00:00+00:00,6576.289999999999,6576.289999999999,6524.289999999999,6551.289999999999,9732
2012-07-10T00:00:00+00:00,6551.289999999999,6640.289999999999,6497.289999999999,6559.289999999999,10775
2012-07-11T00:00:00+00:00,6559.289999999999,6646.289999999999,6547.289999999999,6612.289999999999,11177
2012-07-12T00:00:00+00:00,6612.289999999999,6612.289999999999,6514.289999999999,6594.289999999999,11191
2012-07-13T00:00:00+00:00,6594.289999999999,6723.289999999999,6583.289999999999,6716.289999999999,9897
2012-07-16T00:00:00+00:00,6716.289999999999,6716.289999999999,6683.289999999999,6697.289999999999,3176
2012-07-17T00:00:00+00:00,6697.289999999999,6776.289999999999,6690.289999999999,6761.289999999999,10293
2012-07-18T00:00:00+00:00,6761.289999999999,6845.289999999999,6728.289999999999,6839.289999999999,9136
2012-07-19T00:00:00+00:00,6839.289999999999,6924.289999999999,6839.289999999999,6914.289999999999,10113
2012-07-20T00:00:00+00:00,6914.289999999999,6928.289999999999,6770.289999999999,6780.289999999999,11033
2012-07-23T00:00:00+00:00,6780.289999999999,6780.289999999999,6520.289999999999,6581.289999999999,14206
2012-07-24T00:00:00+00:00,6581.289999999999,6606.289999999999,6466.289999999999,6519.289999999999,14106
2012-07-25T00:00:00+00:00,6519.289999999999,6626.289999999999,6496.289999999999,6556.289999999999,14084
2012-07-26T00:00:00+00:00,6556.289999999999,6746.289999999999,6472.289999999999,6720.289999999999,16744
2012-07-27T00:00:00+00:00,6720.289999999999,6965.289999999999,6662.289999999999,6934.289999999999,16283
2012-07-30T00:00:00+00:00,6934.289999999999,6946.289999999999,6852.289999999999,6912.289999999999,12262
2012-07-31T00:00:00+00:00,6912.289999999999,6986.289999999999,6904.289999999999,6909.289999999999,12543
2012-08-01T00:00:00+00:00,6909.289999999999,6952.289999999999,6874.289999999999,6896.289999999999,11792
2012-08-02T00:00:00+00:00,6896.289999999999,7005.289999999999,6701.289999999999,6744.289999999999,18109
2012-08-03T00:00:00+00:00,6744.289999999999,7036.289999999999,6744.289999999999,7014.289999999999,14043
2012-08-06T00:00:00+00:00,7014.289999999999,7093.289999999999,6996.289999999999,7056.289999999999,9490
2012-08-07T00:00:00+00:00,7056.289999999999,7138.289999999999,7047.289999999999,7112.289999999999,9934
2012-08-08T00:00:00+00:00,7112.289999999999,7120.289999999999,7056.289999999999,7098.289999999999,9043
2012-08-09T00:00:00+00:00,7098.289999999999,7152.289999999999,7040.289999999999,7098.289999999999,9968
2012-08-10T00:00:00+00:00,7098.289999999999,7116.289999999999,7040.289999999999,7116.289999999999,8222
2012-08-13T00:00:00+00:00,7116.289999999999,7127.289999999999,7031.289999999999,7078.289999999999,8156
2012-08-14T00:00:00+00:00,7078.289999999999,7145.289999999999,7078.289999999999,7108.289999999999,8638
2012-08-15T00:00:00+00:00,7108.289999999999,7123.289999999999,7059.289999999999,7093.289999999999,7534
2012-08-16T00:00:00+00:00,7093.289999999999,7166.289999999999,7077.289999999999,7152.289999999999,8058
2012-08-17T00:00:00+00:00,7152.289999999999,7202.289999999999,7149.289999999999,7200.289999999999,7724
2012-08-20T00:00:00+00:00,7200.289999999999,7235.289999999999,7159.289999999999,7188.289999999999,7553
2012-08-21T00:00:00+00:00,7188.289999999999,7256.289999999999,7188.289999999999,7211.289999999999,9605
2012-08-22T00:00:00+00:00,7211.289999999999,7211.289999999999,7154.289999999999,7195.289999999999,9876
2012-08-23T00:00:00+00:00,7195.289999999999,7231.289999999999,7072.289999999999,7093.289999999999,9763
2012-08-24T00:00:00+00:00,7093.289999999999,7141.289999999999,7034.289999999999,7114.289999999999,9084
2012-08-27T00:00:00+00:00,7114.289999999999,7200.289999999999,7095.289999999999,7167.289999999999,6912
2012-08-28T00:00:00+00:00,7167.289999999999,7180.289999999999,7124.289999999999,7149.289999999999,9244
2012-08-29T00:00:00+00:00,7149.289999999999,7180.289999999999,7095.289999999999,7153.289999999999,8096
2012-08-30T00:00:00+00:00,7153.289999999999,7153.289999999999,7020.289999999999,7050.289999999999,7777
2012-08-31T00:00:00+00:00,7050.289999999999,7162.289999999999,7039.289999999999,7107.289999999999,10455
2012-09-03T00:00:00+00:00,7107.289999999999,7167.289999999999,7089.289999999999,7161.289999999999,5344
2012-09-04T00:00:00+00:00,7161.289999999999,7167.289999999999,7068.289999999999,7105.289999999999,8851
2012-09-05T00:00:00+00:00,7105.289999999999,7152.289999999999,7042.289999999999,7112.289999999999,10869
2012-09-06T00:00:00+00:00,7112.289999999999,7322.289999999999,7112.289999999999,7311.289999999999,12156
2012-09-07T00:00:00+00:00,7311.289999999999,7398.289999999999,7311.289999999999,7373.289999999999,10555
2012-09-10T00:00:00+00:00,7373.289999999999,7383.289999999999,7334.289999999999,7339.289999999999,6488
2012-09-11T00:00:00+00:00,7339.289999999999,7463.289999999999,7323.289999999999,7448.289999999999,8507
2012-09-12T00:00:00+00:00,7448.289999999999,7560.289999999999,7448.289999999999,7487.289999999999,11704
2012-09-13T00:00:00+00:00,7487.289999999999,7553.289999999999,7429.289999999999,7534.289999999999,10171
2012-09-14T00:00:00+00:00,7534.289999999999,7596.289999999999,7530.289999999999,7538.289999999999,10570
2012-09-17T00:00:00+00:00,7538.289999999999,7564.289999999999,7518.289999999999,7538.289999999999,7257
2012-09-18T00:00:00+00:00,7538.289999999999,7538.289999999999,7454.289999999999,7505.289999999999,8639
2012-09-19T00:00:00+00:00,7505.289999999999,7552.289999999999,7475.289999999999,7530.289999999999,7918
2012-09-20T00:00:00+00:00,7530.289999999999,7549.289999999999,7461.289999999999,7541.289999999999,8721
2012-09-21T00:00:00+00:00,7541.289999999999,7628.289999999999,7540.289999999999,7592.289999999999,10690
2012-09-24T00:00:00+00:00,7592.289999999999,7592.289999999999,7537.289999999999,7569.289999999999,8482
2012-09-25T00:00:00+00:00,7569.289999999999,7589.289999999999,7496.289999999999,7499.289999999999,9768
2012-09-26T00:00:00+00:00,7499.289999999999,7521.289999999999,7405.289999999999,7430.289999999999,10363
2012-09-27T00:00:00+00:00,7430.289999999999,7496.289999999999,7417.289999999999,7478.289999999999,10384
2012-09-28T00:00:00+00:00,7478.289999999999,7496.289999999999,7366.289999999999,7388.289999999999,11748
2012-10-01T00:00:00+00:00,7388.289999999999,7488.289999999999,7359.289999999999,7423.289999999999,10642
2012-10-02T00:00:00+00:00,7423.289999999999,7523.289999999999,7415.289999999999,7462.289999999999,10805
2012-10-03T00:00:00+00:00,7462.289999999999,7488.289999999999,7421.289999999999,7468.289999999999,10480
2012-10-04T00:00:00+00:00,7468.289999999999,7523.289999999999,7431.289999999999,7473.289999999999,10239
2012-10-05T00:00:00+00:00,7473.289999999999,7560.289999999999,7464.289999999999,7514.289999999999,9703
2012-10-08T00:00:00+00:00,7514.289999999999,7514.289999999999,7435.289999999999,7455.289999999999,8301
2012-10-09T00:00:00+00:00,7455.289999999999,7475.289999999999,7369.289999999999,7369.289999999999,10214
2012-10-10T00:00:00+00:00,7369.289999999999,7396.289999999999,7333.289999999999,7346.289999999999,10115
2012-10-11T00:00:00+00:00,7346.289999999999,7456.289999999999,7331.289999999999,7405.289999999999,10017
2012-10-12T00:00:00+00:00,7405.289999999999,7442.289999999999,7380.289999999999,7394.289999999999,9893
2012-10-15T00:00:00+00:00,7394.289999999999,7453.289999999999,7370.289999999999,7449.289999999999,9179
2012-10-16T00:00:00+00:00,7449.289999999999,7540.289999999999,7444.289999999999,7534.289999999999,9062
2012-10-17T00:00:00+00:00,7534.289999999999,7547.289999999999,7516.289999999999,7537.289999999999,9100
2012-10-18T00:00:00+00:00,7537.289999999999,7597.289999999999,7537.289999999999,7569.289999999999,9306
2012-10-19T00:00:00+00:00,7569.289999999999,7581.289999999999,7478.289999999999,7495.289999999999,10210
2012-10-22T00:00:00+00:00,7495.289999999999,7540.289999999999,7451.289999999999,7495.289999999999,9097
2012-10-23T00:00:00+00:00,7495.289999999999,7495.289999999999,7302.289999999999,7344.289999999999,11537
2012-10-24T00:00:00+00:00,7344.289999999999,7365.289999999999,7268.289999999999,7316.289999999999,10749
2012-10-25T00:00:00+00:00,7316.289999999999,7407.289999999999,7316.289999999999,7362.289999999999,9929
2012-10-26T00:00:00+00:00,7362.289999999999,7406.289999999999,7296.289999999999,7394.289999999999,11505
2012-10-29T00:00:00+00:00,7394.289999999999,7394.289999999999,7320.289999999999,7348.289999999999,5184
2012-10-30T00:00:00+00:00,7348.289999999999,7442.289999999999,7347.289999999999,7431.289999999999,4511
2012-10-31T00:00:00+00:00,7431.289999999999,7497.289999999999,7402.289999999999,7412.289999999999,9512
2012-11-01T00:00:00+00:00,7412.289999999999,7507.289999999999,7394.289999999999,7490.289999999999,8915
2012-11-02T00:00:00+00:00,7490.289999999999,7540.289999999999,7461.289999999999,7465.289999999999,10010
2012-11-05T00:00:00+00:00,7465.289999999999,7503.289999999999,7454.289999999999,7492.289999999999,7890
2012-11-06T00:00:00+00:00,7492.289999999999,7568.289999999999,7469.289999999999,7551.289999999999,7906
2012-11-07T00:00:00+00:00,7551.289999999999,7588.289999999999,7372.289999999999,7410.289999999999,13947
2012-11-08T00:00:00+00:00,7410.289999999999,7437.289999999999,7334.289999999999,7340.289999999999,12499
2012-11-09T00:00:00+00:00,7340.289999999999,7385.289999999999,7213.289999999999,7302.289999999999,13713
2012-11-12T00:00:00+00:00,7302.289999999999,7350.289999999999,7287.289999999999,7330.289999999999,8520
2012-11-13T00:00:00+00:00,7330.289999999999,7335.289999999999,7224.289999999999,7277.289999999999,12114
2012-11-14T00:00:00+00:00,7277.289999999999,7333.289999999999,7179.289999999999,7194.289999999999,12298
2012-11-15T00:00:00+00:00,7194.289999999999,7228.289999999999,7160.289999999999,7184.289999999999,11609
2012-11-16T00:00:00+00:00,7184.289999999999,7208.289999999999,7098.289999999999,7140.289999999999,13721
2012-11-19T00:00:00+00:00,7140.289999999999,7279.289999999999,7140.289999999999,7273.289999999999,8505
2012-11-20T00:00:00+00:00,7273.289999999999,7336.289999999999,7241.289999999999,7318.289999999999,9878
2012-11-21T00:00:00+00:00,7318.289999999999,7344.289999999999,7285.289999999999,7334.289999999999,8338
2012-11-22T00:00:00+00:00,7334.289999999999,7403.289999999999,7334.289999999999,7395.289999999999,4248
2012-11-23T00:00:00+00:00,7395.289999999999,7462.289999999999,7369.289999999999,7458.289999999999,6353
2012-11-26T00:00:00+00:00,7458.289999999999,7463.289999999999,7423.289999999999,7459.289999999999,7585
2012-11-27T00:00:00+00:00,7459.289999999999,7512.289999999999,7456.289999999999,7472.289999999999,8960
2012-11-28T00:00:00+00:00,7472.289999999999,7535.289999999999,7414.289999999999,7523.289999999999,10002
2012-11-29T00:00:00+00:00,7523.289999999999,7566.289999999999,7519.289999999999,7545.289999999999,9469
2012-11-30T00:00:00+00:00,7545.289999999999,7593.289999999999,7539.289999999999,7572.289999999999,8386
2012-12-03T00:00:00+00:00,7572.289999999999,7637.289999999999,7566.289999999999,7573.289999999999,8930
2012-12-04T00:00:00+00:00,7573.289999999999,7616.289999999999,7563.289999999999,7596.289999999999,8073
2012-12-05T00:00:00+00:00,7596.289999999999,7645.289999999999,7577.289999999999,7620.289999999999,9103
2012-12-06T00:00:00+00:00,7620.289999999999,7705.289999999999,7610.289999999999,7703.289999999999,9569
2012-12-07T00:00:00+00:00,7703.289999999999,7703.289999999999,7637.289999999999,7677.289999999999,9478
2012-12-10T00:00:00+00:00,7677.289999999999,7689.289999999999,7607.289999999999,7683.289999999999,6952
2012-12-11T00:00:00+00:00,7683.289999999999,7747.289999999999,7670.289999999999,7734.289999999999,7313
2012-12-12T00:00:00+00:00,7734.289999999999,7792.289999999999,7734.289999999999,7749.289999999999,7189
2012-12-13T00:00:00+00:00,7749.289999999999,7770.289999999999,7710.289999999999,7727.289999999999,7349
2012-12-14T00:00:00+00:00,7727.289999999999,7770.289999999999,7720.289999999999,7743.289999999999,6427
2012-12-17T00:00:00+00:00,7743.289999999999,7777.289999999999,7714.289999999999,7765.289999999999,6366
2012-12-18T00:00:00+00:00,7765.289999999999,7822.289999999999,7765.289999999999,7822.289999999999,6064
2012-12-19T00:00:00+00:00,7822.289999999999,7832.289999999999,7805.289999999999,7806.289999999999,6229
2012-12-20T00:00:00+00:00,7806.289999999999,7843.289999999999,7785.289999999999,7835.289999999999,6100
2012-12-21T00:00:00+00:00,7835.289999999999,7835.289999999999,7744.289999999999,7801.289999999999,8564
2012-12-27T00:00:00+00:00,7801.289999999999,7824.289999999999,7769.289999999999,7802.289999999999,6709
2012-12-28T00:00:00+00:00,7802.289999999999,7814.289999999999,7751.289999999999,7752.289999999999,2929
2013-01-02T00:00:00+00:00,7752.289999999999,7942.289999999999,7752.289999999999,7931.289999999999,7666
2013-01-03T00:00:00+00:00,7931.289999999999,7931.289999999999,7885.289999999999,7892.289999999999,5557
2013-01-04T00:00:00+00:00,7892.289999999999,7937.289999999999,7876.289999999999,7927.289999999999,5539
2013-01-07T00:00:00+00:00,7927.289999999999,7927.289999999999,7861.289999999999,7880.289999999999,5243
2013-01-08T00:00:00+00:00,7880.289999999999,7904.289999999999,7833.289999999999,7852.289999999999,5126
2013-01-09T00:00:00+00:00,7852.289999999999,7885.289999999999,7839.289999999999,7862.289999999999,4852
2013-01-10T00:00:00+00:00,7862.289999999999,7925.289999999999,7834.289999999999,7878.289999999999,6219
2013-01-11T00:00:00+00:00,7878.289999999999,7881.289999999999,7833.289999999999,7871.289999999999,5880
2013-01-14T00:00:00+00:00,7871.289999999999,7937.289999999999,7852.289999999999,7881.289999999999,5225
2013-01-15T00:00:00+00:00,7881.289999999999,7885.289999999999,7784.289999999999,7844.289999999999,6630
2013-01-16T00:00:00+00:00,7844.289999999999,7845.289999999999,7793.289999999999,7831.289999999999,6244
2013-01-17T00:00:00+00:00,7831.289999999999,7915.289999999999,7811.289999999999,7881.289999999999,5891
2013-01-18T00:00:00+00:00,7881.289999999999,7903.289999999999,7853.289999999999,7874.289999999999,6526
2013-01-21T00:00:00+00:00,7874.289999999999,7907.289999999999,7867.289999999999,7896.289999999999,2535
2013-01-22T00:00:00+00:00,7896.289999999999,7897.289999999999,7783.289999999999,7860.289999999999,7051
2013-01-23T00:00:00+00:00,7860.289999999999,7881.289999999999,7834.289999999999,7864.289999999999,6064
2013-01-24T00:00:00+00:00,7864.289999999999,7905.289999999999,7808.289999999999,7889.289999999999,6605
2013-01-25T00:00:00+00:00,7889.289999999999,8018.289999999999,7887.289999999999,8016.289999999999,7907
2013-01-28T00:00:00+00:00,8016.289999999999,8022.289999999999,7979.289999999999,7987.289999999999,5777
2013-01-29T00:00:00+00:00,7987.289999999999,8005.289999999999,7948.289999999999,8002.289999999999,5932
2013-01-30T00:00:00+00:00,8002.289999999999,8013.289999999999,7921.289999999999,7939.289999999999,6990
2013-01-31T00:00:00+00:00,7939.289999999999,7960.289999999999,7908.289999999999,7923.289999999999,6827
2013-02-01T00:00:00+00:00,7923.289999999999,8002.289999999999,7923.289999999999,7984.289999999999,8035
2013-02-04T00:00:00+00:00,7984.289999999999,7985.289999999999,7749.289999999999,7776.289999999999,9044
2013-02-05T00:00:00+00:00,7776.289999999999,7828.289999999999,7769.289999999999,7803.289999999999,7477
2013-02-06T00:00:00+00:00,7803.289999999999,7841.289999999999,7685.289999999999,7738.289999999999,9666
2013-02-07T00:00:00+00:00,7738.289999999999,7810.289999999999,7713.289999999999,7749.289999999999,10048
2013-02-08T00:00:00+00:00,7749.289999999999,7802.289999999999,7724.289999999999,7794.289999999999,6543
2013-02-11T00:00:00+00:00,7794.289999999999,7827.289999999999,7747.289999999999,7777.289999999999,6141
2013-02-12T00:00:00+00:00,7777.289999999999,7818.289999999999,7743.289999999999,7807.289999999999,6920
2013-02-13T00:00:00+00:00,7807.289999999999,7887.289999999999,7799.289999999999,7857.289999999999,6744
2013-02-14T00:00:00+00:00,7857.289999999999,7878.289999999999,7757.289999999999,7794.289999999999,7891
2013-02-15T00:00:00+00:00,7794.289999999999,7801.289999999999,7720.289999999999,7743.289999999999,7617
2013-02-18T00:00:00+00:00,7743.289999999999,7781.289999999999,7718.289999999999,7777.289999999999,3812
2013-02-19T00:00:00+00:00,7777.289999999999,7914.289999999999,7759.289999999999,7902.289999999999,7642
2013-02-20T00:00:00+00:00,7902.289999999999,7934.289999999999,7856.289999999999,7858.289999999999,7591
2013-02-21T00:00:00+00:00,7858.289999999999,7858.289999999999,7711.289999999999,7746.289999999999,10068
2013-02-22T00:00:00+00:00,7746.289999999999,7846.289999999999,7746.289999999999,7844.289999999999,8555
2013-02-25T00:00:00+00:00,7844.289999999999,8013.289999999999,7782.289999999999,7783.289999999999,14432
2013-02-26T00:00:00+00:00,7783.289999999999,7823.289999999999,7737.289999999999,7788.289999999999,13656
2013-02-27T00:00:00+00:00,7788.289999999999,7873.289999999999,7714.289999999999,7862.289999999999,10812
2013-02-28T00:00:00+00:00,7862.289999999999,7934.289999999999,7841.289999999999,7895.289999999999,8542
2013-03-01T00:00:00+00:00,7895.289999999999,7918.289999999999,7778.289999999999,7864.289999999999,11342
2013-03-04T00:00:00+00:00,7864.289999999999,7883.289999999999,7786.289999999999,7881.289999999999,9125
2013-03-05T00:00:00+00:00,7881.289999999999,8034.289999999999,7881.289999999999,7995.289999999999,9039
2013-03-06T00:00:00+00:00,7995.289999999999,8127.289999999999,7995.289999999999,8086.289999999999,8454
2013-03-07T00:00:00+00:00,8086.289999999999,8107.289999999999,8060.289999999999,8094.289999999999,6958
2013-03-08T00:00:00+00:00,8094.289999999999,8166.289999999999,8094.289999999999,8139.289999999999,7946
2013-03-11T00:00:00+00:00,8139.289999999999,8149.289999999999,8105.289999999999,8146.289999999999,5252
2013-03-12T00:00:00+00:00,8146.289999999999,8151.289999999999,8083.289999999999,8122.289999999999,6247
2013-03-13T00:00:00+00:00,8122.289999999999,8140.289999999999,8091.289999999999,8133.289999999999,5974
2013-03-14T00:00:00+00:00,8133.289999999999,8212.289999999999,8133.289999999999,8198.289999999999,4950
2013-03-15T00:00:00+00:00,8198.289999999999,8227.289999999999,8146.289999999999,8188.289999999999,7026
2013-03-18T00:00:00+00:00,8188.289999999999,8188.289999999999,8023.289999999999,8142.289999999999,8776
2013-03-19T00:00:00+00:00,8142.289999999999,8153.289999999999,8071.289999999999,8100.289999999999,9799
2013-03-20T00:00:00+00:00,8100.289999999999,8182.289999999999,8100.289999999999,8142.289999999999,8244
2013-03-21T00:00:00+00:00,8142.289999999999,8151.289999999999,8036.289999999999,8070.289999999999,10515
2013-03-22T00:00:00+00:00,8070.289999999999,8104.289999999999,8027.289999999999,8078.289999999999,9035
2013-03-25T00:00:00+00:00,8078.289999999999,8181.289999999999,7997.289999999999,8035.289999999999,11722
2013-03-26T00:00:00+00:00,8035.289999999999,8063.289999999999,8008.289999999999,8044.289999999999,9296
2013-03-27T00:00:00+00:00,8044.289999999999,8068.289999999999,7898.289999999999,7959.289999999999,10721
2013-03-28T00:00:00+00:00,7959.289999999999,7993.289999999999,7922.289999999999,7972.289999999999,8362
2013-04-02T00:00:00+00:00,7972.289999999999,8098.289999999999,7929.289999999999,8062.289999999999,8215
2013-04-03T00:00:00+00:00,8062.289999999999,8102.289999999999,8002.289999999999,8015.289999999999,8334
2013-04-04T00:00:00+00:00,8015.289999999999,8077.289999999999,7953.289999999999,7979.289999999999,11012
2013-04-05T00:00:00+00:00,7979.289999999999,7979.289999999999,7778.289999999999,7824.289999999999,11332
2013-04-08T00:00:00+00:00,7824.289999999999,7845.289999999999,7792.289999999999,7831.289999999999,6750
2013-04-09T00:00:00+00:00,7831.289999999999,7870.289999999999,7755.289999999999,7809.289999999999,8158
2013-04-10T00:00:00+00:00,7809.289999999999,7972.289999999999,7802.289999999999,7961.289999999999,8066
2013-04-11T00:00:00+00:00,7961.289999999999,8033.289999999999,7934.289999999999,7992.289999999999,7684
2013-04-12T00:00:00+00:00,7992.289999999999,7992.289999999999,7874.289999999999,7931.289999999999,9007
2013-04-15T00:00:00+00:00,7931.289999999999,7931.289999999999,7799.289999999999,7805.289999999999,11494
2013-04-16T00:00:00+00:00,7805.289999999999,7890.289999999999,7787.289999999999,7857.289999999999,10136
2013-04-17T00:00:00+00:00,7857.289999999999,7879.289999999999,7622.289999999999,7673.289999999999,14492
2013-04-18T00:00:00+00:00,7673.289999999999,7705.289999999999,7586.289999999999,7616.289999999999,12301
2013-04-19T00:00:00+00:00,7616.289999999999,7679.289999999999,7562.289999999999,7612.289999999999,15566
2013-04-22T00:00:00+00:00,7612.289999999999,7686.289999999999,7586.289999999999,7646.289999999999,10020
2013-04-23T00:00:00+00:00,7646.289999999999,7830.289999999999,7591.289999999999,7819.289999999999,12337
2013-04-24T00:00:00+00:00,7819.289999999999,7925.289999999999,7801.289999999999,7901.289999999999,10388
2013-04-25T00:00:00+00:00,7901.289999999999,8001.289999999999,7890.289999999999,7962.289999999999,9281
2013-04-26T00:00:00+00:00,7962.289999999999,7993.289999999999,7916.289999999999,7980.289999999999,9031
2013-04-29T00:00:00+00:00,7980.289999999999,8073.289999999999,7970.289999999999,8056.289999999999,7863
2013-04-30T00:00:00+00:00,8056.289999999999,8114.289999999999,8041.289999999999,8079.289999999999,8204
2013-05-02T00:00:00+00:00,8079.289999999999,8155.289999999999,8042.289999999999,8119.289999999999,11234
2013-05-03T00:00:00+00:00,8119.289999999999,8279.289999999999,8105.289999999999,8267.289999999999,9108
2013-05-06T00:00:00+00:00,8267.289999999999,8296.289999999999,8250.289999999999,8269.289999999999,4275
2013-05-07T00:00:00+00:00,8269.289999999999,8355.289999999999,8264.289999999999,8336.289999999999,7459
2013-05-08T00:00:00+00:00,8336.289999999999,8409.289999999999,8313.289999999999,8404.289999999999,9026
2013-05-09T00:00:00+00:00,8404.289999999999,8426.289999999999,8373.289999999999,8397.289999999999,7207
2013-05-10T00:00:00+00:00,8397.289999999999,8506.289999999999,8397.289999999999,8445.289999999999,10076
2013-05-13T00:00:00+00:00,8445.289999999999,8445.289999999999,8365.289999999999,8432.289999999999,7492
2013-05-14T00:00:00+00:00,8432.289999999999,8500.289999999999,8382.289999999999,8498.289999999999,8225
2013-05-15T00:00:00+00:00,8498.289999999999,8522.289999999999,8447.289999999999,8509.289999999999,7314
2013-05-16T00:00:00+00:00,8509.289999999999,8550.289999999999,8471.289999999999,8491.289999999999,8635
2013-05-17T00:00:00+00:00,8491.289999999999,8623.289999999999,8474.289999999999,8595.289999999999,9374
2013-05-20T00:00:00+00:00,8595.289999999999,8608.289999999999,8547.289999999999,8587.289999999999,6560
2013-05-21T00:00:00+00:00,8587.289999999999,8630.289999999999,8546.289999999999,8611.289999999999,8331
2013-05-22T00:00:00+00:00,8611.289999999999,8707.289999999999,8584.289999999999,8604.289999999999,12423
2013-05-23T00:00:00+00:00,8604.289999999999,8604.289999999999,8429.289999999999,8530.289999999999,15025
2013-05-24T00:00:00+00:00,8530.289999999999,8547.289999999999,8410.289999999999,8474.289999999999,11230
2013-05-27T00:00:00+00:00,8474.289999999999,8541.289999999999,8474.289999999999,8535.289999999999,3522
2013-05-28T00:00:00+00:00,8535.289999999999,8678.289999999999,8535.289999999999,8612.289999999999,13193
2013-05-29T00:00:00+00:00,8612.289999999999,8612.289999999999,8465.289999999999,8510.289999999999,19825
2013-05-30T00:00:00+00:00,8510.289999999999,8570.289999999999,8446.289999999999,8543.289999999999,18408
2013-05-31T00:00:00+00:00,8543.289999999999,8554.289999999999,8446.289999999999,8460.289999999999,22109
2013-06-03T00:00:00+00:00,8460.289999999999,8545.289999999999,8363.289999999999,8478.289999999999,13940
2013-06-04T00:00:00+00:00,8478.289999999999,8535.289999999999,8388.289999999999,8414.289999999999,12640
2013-06-05T00:00:00+00:00,8414.289999999999,8443.289999999999,8313.289999999999,8313.289999999999,14141
2013-06-06T00:00:00+00:00,8313.289999999999,8384.289999999999,8199.289999999999,8294.289999999999,15036
2013-06-07T00:00:00+00:00,8294.289999999999,8430.289999999999,8183.289999999999,8403.289999999999,13766
2013-06-10T00:00:00+00:00,8403.289999999999,8506.289999999999,8386.289999999999,8438.289999999999,10277
2013-06-11T00:00:00+00:00,8438.289999999999,8438.289999999999,8288.289999999999,8313.289999999999,13489
2013-06-12T00:00:00+00:00,8313.289999999999,8395.289999999999,8250.289999999999,8258.289999999999,12535
2013-06-13T00:00:00+00:00,8258.289999999999,8317.289999999999,8115.289999999999,8315.289999999999,14472
2013-06-14T00:00:00+00:00,8315.289999999999,8335.289999999999,8226.289999999999,8244.289999999999,12175
2013-06-17T00:00:00+00:00,8244.289999999999,8414.289999999999,8244.289999999999,8339.289999999999,10699
2013-06-18T00:00:00+00:00,8339.289999999999,8390.289999999999,8322.289999999999,8386.289999999999,9938
2013-06-19T00:00:00+00:00,8386.289999999999,8433.289999999999,8281.289999999999,8283.289999999999,13571
2013-06-20T00:00:00+00:00,8283.289999999999,8283.289999999999,8022.289999999999,8046.289999999999,17156
2013-06-21T00:00:00+00:00,8046.289999999999,8134.289999999999,7922.289999999999,7984.289999999999,16772
2013-06-24T00:00:00+00:00,7984.289999999999,7984.289999999999,7805.289999999999,7882.289999999999,17809
2013-06-25T00:00:00+00:00,7882.289999999999,7994.289999999999,7858.289999999999,7979.289999999999,13954
2013-06-26T00:00:00+00:00,7979.289999999999,8115.289999999999,7949.289999999999,8102.289999999999,12372
2013-06-27T00:00:00+00:00,8102.289999999999,8174.289999999999,8067.289999999999,8125.289999999999,10503
2013-06-28T00:00:00+00:00,8125.289999999999,8188.289999999999,8052.289999999999,8098.289999999999,12414
2013-07-01T00:00:00+00:00,8098.289999999999,8172.289999999999,8036.289999999999,8100.289999999999,12698
2013-07-02T00:00:00+00:00,8100.289999999999,8141.289999999999,7994.289999999999,8031.289999999999,12175
2013-07-03T00:00:00+00:00,8031.289999999999,8031.289999999999,7878.289999999999,7993.289999999999,12320
2013-07-04T00:00:00+00:00,7993.289999999999,8167.289999999999,7993.289999999999,8147.289999999999,8849
2013-07-05T00:00:00+00:00,8147.289999999999,8182.289999999999,7951.289999999999,8005.289999999999,14352
2013-07-08T00:00:00+00:00,8005.289999999999,8165.289999999999,7992.289999999999,8117.289999999999,10574
2013-07-09T00:00:00+00:00,8117.289999999999,8237.289999999999,8117.289999999999,8223.289999999999,9384
2013-07-10T00:00:00+00:00,8223.289999999999,8241.289999999999,8137.289999999999,8222.289999999999,10192
2013-07-11T00:00:00+00:00,8222.289999999999,8352.289999999999,8222.289999999999,8343.289999999999,10098
2013-07-12T00:00:00+00:00,8343.289999999999,8391.289999999999,8323.289999999999,8369.289999999999,8224
2013-07-15T00:00:00+00:00,8369.289999999999,8421.289999999999,8360.289999999999,8385.289999999999,6608
2013-07-16T00:00:00+00:00,8385.289999999999,8409.289999999999,8326.289999999999,8345.289999999999,7551
2013-07-17T00:00:00+00:00,8345.289999999999,8418.289999999999,8286.289999999999,8403.289999999999,9605
2013-07-18T00:00:00+00:00,8403.289999999999,8487.289999999999,8365.289999999999,8475.289999999999,8737
2013-07-19T00:00:00+00:00,8475.289999999999,8488.289999999999,8433.289999999999,8481.289999999999,8391
2013-07-22T00:00:00+00:00,8481.289999999999,8527.289999999999,8458.289999999999,8473.289999999999,7171
2013-07-23T00:00:00+00:00,8473.289999999999,8515.289999999999,8454.289999999999,8471.289999999999,8549
2013-07-24T00:00:00+00:00,8471.289999999999,8565.289999999999,8464.289999999999,8512.289999999999,9557
2013-07-25T00:00:00+00:00,8512.289999999999,8519.289999999999,8414.289999999999,8486.289999999999,10756
2013-07-26T00:00:00+00:00,8486.289999999999,8509.289999999999,8363.289999999999,8433.289999999999,8635
2013-07-29T00:00:00+00:00,8433.289999999999,8474.289999999999,8393.289999999999,8401.289999999999,5514
2013-07-30T00:00:00+00:00,8401.289999999999,8468.289999999999,8374.289999999999,8386.289999999999,8380
2013-07-31T00:00:00+00:00,8386.289999999999,8434.289999999999,8342.289999999999,8400.289999999999,10583
2013-08-01T00:00:00+00:00,8400.289999999999,8592.289999999999,8400.289999999999,8576.289999999999,9501
2013-08-02T00:00:00+00:00,8576.289999999999,8576.289999999999,8507.289999999999,8547.289999999999,7807
2013-08-05T00:00:00+00:00,8547.289999999999,8565.289999999999,8497.289999999999,8529.289999999999,6049
2013-08-06T00:00:00+00:00,8529.289999999999,8570.289999999999,8398.289999999999,8408.289999999999,7495
2013-08-07T00:00:00+00:00,8408.289999999999,8413.289999999999,8361.289999999999,8393.289999999999,8005
2013-08-08T00:00:00+00:00,8393.289999999999,8483.289999999999,8382.289999999999,8468.289999999999,8003
2013-08-09T00:00:00+00:00,8468.289999999999,8506.289999999999,8416.289999999999,8486.289999999999,9025
2013-08-12T00:00:00+00:00,8486.289999999999,8504.289999999999,8370.289999999999,8490.289999999999,9355
2013-08-13T00:00:00+00:00,8490.289999999999,8577.289999999999,8490.289999999999,8573.289999999999,8876
2013-08-14T00:00:00+00:00,8573.289999999999,8591.289999999999,8532.289999999999,8568.289999999999,8529
2013-08-15T00:00:00+00:00,8568.289999999999,8568.289999999999,8439.289999999999,8494.289999999999,10534
2013-08-16T00:00:00+00:00,8494.289999999999,8534.289999999999,8462.289999999999,8512.289999999999,9406
2013-08-19T00:00:00+00:00,8512.289999999999,8527.289999999999,8457.289999999999,8470.289999999999,8705
2013-08-20T00:00:00+00:00,8470.289999999999,8470.289999999999,8376.289999999999,8429.289999999999,10241
2013-08-21T00:00:00+00:00,8429.289999999999,8475.289999999999,8392.289999999999,8423.289999999999,11155
2013-08-22T00:00:00+00:00,8423.289999999999,8562.289999999999,8386.289999999999,8552.289999999999,10155
2013-08-23T00:00:00+00:00,8552.289999999999,8571.289999999999,8490.289999999999,8556.289999999999,9226
2013-08-26T00:00:00+00:00,8556.289999999999,8577.289999999999,8518.289999999999,8540.289999999999,6093
2013-08-27T00:00:00+00:00,8540.289999999999,8555.289999999999,8321.289999999999,8336.289999999999,13154
2013-08-28T00:00:00+00:00,8336.289999999999,8369.289999999999,8228.289999999999,8279.289999999999,11679
2013-08-29T00:00:00+00:00,8279.289999999999,8329.289999999999,8262.289999999999,8302.289999999999,9950
2013-08-30T00:00:00+00:00,8302.289999999999,8343.289999999999,8218.289999999999,8236.289999999999,11606
2013-09-02T00:00:00+00:00,8236.289999999999,8399.289999999999,8236.289999999999,8364.289999999999,7345
2013-09-03T00:00:00+00:00,8364.289999999999,8407.289999999999,8269.289999999999,8308.289999999999,15802
2013-09-04T00:00:00+00:00,8308.289999999999,8346.289999999999,8226.289999999999,8330.289999999999,16429
2013-09-05T00:00:00+00:00,8330.289999999999,8389.289999999999,8294.289999999999,8362.289999999999,17987
2013-09-06T00:00:00+00:00,8362.289999999999,8429.289999999999,8303.289999999999,8383.289999999999,17268
2013-09-09T00:00:00+00:00,8383.289999999999,8447.289999999999,8377.289999999999,8439.289999999999,8288
2013-09-10T00:00:00+00:00,8439.289999999999,8609.289999999999,8439.289999999999,8597.289999999999,10115
2013-09-11T00:00:00+00:00,8597.289999999999,8644.289999999999,8578.289999999999,8634.289999999999,7890
2013-09-12T00:00:00+00:00,8634.289999999999,8649.289999999999,8599.289999999999,8612.289999999999,7863
2013-09-13T00:00:00+00:00,8612.289999999999,8651.289999999999,8589.289999999999,8644.289999999999,6621
2013-09-16T00:00:00+00:00,8644.289999999999,8757.289999999999,8644.289999999999,8740.289999999999,7532
2013-09-17T00:00:00+00:00,8740.289999999999,8756.289999999999,8718.289999999999,8751.289999999999,5559
2013-09-18T00:00:00+00:00,8751.289999999999,8889.289999999999,8726.289999999999,8878.289999999999,8642
2013-09-19T00:00:00+00:00,8878.289999999999,8903.289999999999,8798.289999999999,8814.289999999999,7861
2013-09-20T00:00:00+00:00,8814.289999999999,8846.289999999999,8788.289999999999,8789.289999999999,7674
2013-09-23T00:00:00+00:00,8789.289999999999,8831.289999999999,8736.289999999999,8769.289999999999,8254
2013-09-24T00:00:00+00:00,8769.289999999999,8818.289999999999,8764.289999999999,8788.289999999999,7044
2013-09-25T00:00:00+00:00,8788.289999999999,8813.289999999999,8741.289999999999,8783.289999999999,9039
2013-09-26T00:00:00+00:00,8783.289999999999,8823.289999999999,8758.289999999999,8802.289999999999,7513
2013-09-27T00:00:00+00:00,8802.289999999999,8821.289999999999,8742.289999999999,8800.289999999999,8316
2013-09-30T00:00:00+00:00,8800.289999999999,8800.289999999999,8678.289999999999,8734.289999999999,10880
2013-10-01T00:00:00+00:00,8734.289999999999,8830.289999999999,8734.289999999999,8819.289999999999,8865
2013-10-02T00:00:00+00:00,8819.289999999999,8819.289999999999,8712.289999999999,8782.289999999999,10202
2013-10-03T00:00:00+00:00,8782.289999999999,8784.289999999999,8696.289999999999,8717.289999999999,9460
2013-10-04T00:00:00+00:00,8717.289999999999,8776.289999999999,8701.289999999999,8770.289999999999,9629
2013-10-07T00:00:00+00:00,8770.289999999999,8770.289999999999,8639.289999999999,8710.289999999999,8862
2013-10-08T00:00:00+00:00,8710.289999999999,8743.289999999999,8651.289999999999,8653.289999999999,10221
2013-10-09T00:00:00+00:00,8653.289999999999,8722.289999999999,8621.289999999999,8666.289999999999,10604
2013-10-10T00:00:00+00:00,8666.289999999999,8873.289999999999,8666.289999999999,8863.289999999999,10759
2013-10-11T00:00:00+00:00,8863.289999999999,8877.289999999999,8827.289999999999,8870.289999999999,7744
2013-10-14T00:00:00+00:00,8870.289999999999,8891.289999999999,8807.289999999999,8886.289999999999,7254
2013-10-15T00:00:00+00:00,8886.289999999999,8953.289999999999,8874.289999999999,8913.289999999999,10620
2013-10-16T00:00:00+00:00,8913.289999999999,8995.289999999999,8913.289999999999,8980.289999999999,9016
2013-10-17T00:00:00+00:00,8980.289999999999,8980.289999999999,8896.289999999999,8956.289999999999,8243
2013-10-18T00:00:00+00:00,8956.289999999999,8997.289999999999,8936.289999999999,8984.289999999999,7823
2013-10-21T00:00:00+00:00,8984.289999999999,9011.289999999999,8965.289999999999,8993.289999999999,6711
2013-10-22T00:00:00+00:00,8993.289999999999,9119.289999999999,8980.289999999999,9077.289999999999,8918
2013-10-23T00:00:00+00:00,9077.289999999999,9077.289999999999,9028.289999999999,9053.289999999999,8042
2013-10-24T00:00:00+00:00,9053.289999999999,9128.289999999999,9053.289999999999,9105.289999999999,7314
2013-10-25T00:00:00+00:00,9105.289999999999,9143.289999999999,9071.289999999999,9120.289999999999,7499
2013-10-28T00:00:00+00:00,9120.289999999999,9162.289999999999,9083.289999999999,9117.289999999999,5981
2013-10-29T00:00:00+00:00,9117.289999999999,9169.289999999999,9094.289999999999,9165.289999999999,6687
2013-10-30T00:00:00+00:00,9165.289999999999,9203.289999999999,9109.289999999999,9131.289999999999,9539
2013-10-31T00:00:00+00:00,9131.289999999999,9185.289999999999,9106.289999999999,9159.289999999999,9158
2013-11-01T00:00:00+00:00,9159.289999999999,9180.289999999999,9125.289999999999,9159.289999999999,8404
2013-11-04T00:00:00+00:00,9159.289999999999,9189.289999999999,9151.289999999999,9189.289999999999,5976
2013-11-05T00:00:00+00:00,9189.289999999999,9189.289999999999,9096.289999999999,9143.289999999999,7731
2013-11-06T00:00:00+00:00,9143.289999999999,9198.289999999999,9143.289999999999,9172.289999999999,7141
2013-11-07T00:00:00+00:00,9172.289999999999,9328.289999999999,9134.289999999999,9146.289999999999,12829
2013-11-08T00:00:00+00:00,9146.289999999999,9229.289999999999,9119.289999999999,9227.289999999999,11145
2013-11-11T00:00:00+00:00,9227.289999999999,9256.289999999999,9196.289999999999,9250.289999999999,5740
2013-11-12T00:00:00+00:00,9250.289999999999,9257.289999999999,9190.289999999999,9209.289999999999,7662
2013-11-13T00:00:00+00:00,9209.289999999999,9241.289999999999,9114.289999999999,9237.289999999999,13739
2013-11-14T00:00:00+00:00,9237.289999999999,9287.289999999999,9234.289999999999,9277.289999999999,8087
2013-11-15T00:00:00+00:00,9277.289999999999,9322.289999999999,9267.289999999999,9308.289999999999,6395
2013-11-18T00:00:00+00:00,9308.289999999999,9387.289999999999,9272.289999999999,9333.289999999999,7441
2013-11-19T00:00:00+00:00,9333.289999999999,9351.289999999999,9294.289999999999,9317.289999999999,8024
2013-11-20T00:00:00+00:00,9317.289999999999,9370.289999999999,9275.289999999999,9292.289999999999,9720
2013-11-21T00:00:00+00:00,9292.289999999999,9350.289999999999,9249.289999999999,9347.289999999999,8212
2013-11-22T00:00:00+00:00,9347.289999999999,9362.289999999999,9302.289999999999,9355.289999999999,7691
2013-11-25T00:00:00+00:00,9355.289999999999,9457.289999999999,9355.289999999999,9419.289999999999,5892
2013-11-26T00:00:00+00:00,9419.289999999999,9450.289999999999,9419.289999999999,9435.289999999999,5986
2013-11-27T00:00:00+00:00,9435.289999999999,9498.289999999999,9430.289999999999,9487.289999999999,5486
2013-11-28T00:00:00+00:00,9487.289999999999,9534.289999999999,9487.289999999999,9522.289999999999,3084
2013-11-29T00:00:00+00:00,9522.289999999999,9558.289999999999,9512.289999999999,9541.289999999999,3711
2013-12-02T00:00:00+00:00,9541.289999999999,9559.289999999999,9516.289999999999,9517.289999999999,6293
2013-12-03T00:00:00+00:00,9517.289999999999,9536.289999999999,9333.289999999999,9361.289999999999,9463
2013-12-04T00:00:00+00:00,9361.289999999999,9393.289999999999,9196.289999999999,9273.289999999999,13029
2013-12-05T00:00:00+00:00,9273.289999999999,9305.289999999999,9206.289999999999,9210.289999999999,11510
2013-12-06T00:00:00+00:00,9210.289999999999,9345.289999999999,9210.289999999999,9333.289999999999,10047
2013-12-09T00:00:00+00:00,9333.289999999999,9358.289999999999,9303.289999999999,9313.289999999999,6970
2013-12-10T00:00:00+00:00,9313.289999999999,9356.289999999999,9221.289999999999,9247.289999999999,8153
2013-12-11T00:00:00+00:00,9247.289999999999,9286.289999999999,9166.289999999999,9174.289999999999,8925
2013-12-12T00:00:00+00:00,9174.289999999999,9194.289999999999,9114.289999999999,9138.289999999999,11490
2013-12-13T00:00:00+00:00,9138.289999999999,9179.289999999999,9121.289999999999,9159.289999999999,8391
2013-12-16T00:00:00+00:00,9159.289999999999,9321.289999999999,9117.289999999999,9294.289999999999,9675
2013-12-17T00:00:00+00:00,9294.289999999999,9295.289999999999,9213.289999999999,9237.289999999999,8071
2013-12-18T00:00:00+00:00,9237.289999999999,9407.289999999999,9237.289999999999,9407.289999999999,11889
2013-12-19T00:00:00+00:00,9407.289999999999,9485.289999999999,9385.289999999999,9479.289999999999,9874
2013-12-20T00:00:00+00:00,9479.289999999999,9545.289999999999,9479.289999999999,9526.289999999999,8249
2013-12-23T00:00:00+00:00,9526.289999999999,9631.289999999999,9526.289999999999,9625.289999999999,6155
2013-12-24T00:00:00+00:00,9625.289999999999,9625.289999999999,9625.289999999999,9625.289999999999,2
2013-12-25T00:00:00+00:00,9492,9492,9492,9492,1
2013-12-26T00:00:00+00:00,9492,9492,9492,9492,1
2013-12-27T00:00:00+00:00,9492,9589,9492,9577,5621
2013-12-30T00:00:00+00:00,9577,9599,9550,9597,5218
2013-12-31T00:00:00+00:00,9597,9597,9597,9597,2
2014-01-01T00:00:00+00:00,9597,9597,9597,9597,1
2014-01-02T00:00:00+00:00,9597,9626,9370,9397,11867
2014-01-03T00:00:00+00:00,9397,9449,9365,9422,7973
2014-01-06T00:00:00+00:00,9422,9469,9397,9435,8907
2014-01-07T00:00:00+00:00,9435,9517,9415,9498,7708
2014-01-08T00:00:00+00:00,9498,9524,9465,9484,8911
2014-01-09T00:00:00+00:00,9484,9549,9402,9450,10363
2014-01-10T00:00:00+00:00,9450,9530,9440,9502,11258
2014-01-13T00:00:00+00:00,9502,9517,9424,9433,8684
2014-01-14T00:00:00+00:00,9433,9571,9380,9568,10435
2014-01-15T00:00:00+00:00,9568,9772,9565,9763,9150
2014-01-16T00:00:00+00:00,9763,9763,9702,9734,8345
2014-01-17T00:00:00+00:00,9734,9790,9695,9713,9789
2014-01-20T00:00:00+00:00,9713,9733,9671,9718,4880
2014-01-21T00:00:00+00:00,9718,9794,9712,9751,8744
2014-01-22T00:00:00+00:00,9751,9767,9676,9732,9173
2014-01-23T00:00:00+00:00,9732,9732,9595,9645,12425
2014-01-24T00:00:00+00:00,9645,9666,9336,9339,19889
2014-01-27T00:00:00+00:00,9339,9404,9281,9336,20524
2014-01-28T00:00:00+00:00,9336,9458,9336,9445,14669
2014-01-29T00:00:00+00:00,9445,9534,9217,9288,25736
2014-01-30T00:00:00+00:00,9288,9426,9263,9403,17407
2014-01-31T00:00:00+00:00,9403,9403,9159,9281,23291
2014-02-03T00:00:00+00:00,9281,9353,9082,9095,23175
2014-02-04T00:00:00+00:00,9095,9166,9069,9147,19503
2014-02-05T00:00:00+00:00,9147,9153,9080,9130,18761
2014-02-06T00:00:00+00:00,9130,9273,9122,9269,19241
2014-02-07T00:00:00+00:00,9269,9349,9221,9340,17018
2014-02-10T00:00:00+00:00,9340,9348,9279,9297,11705
2014-02-11T00:00:00+00:00,9297,9517,9297,9498,11973
2014-02-12T00:00:00+00:00,9498,9596,9492,9544,11222
2014-02-13T00:00:00+00:00,9544,9640,9479,9634,12085
2014-02-14T00:00:00+00:00,9634,9677,9592,9658,10144
2014-02-17T00:00:00+00:00,9658,9681,9644,9654,4101
2014-02-18T00:00:00+00:00,9654,9691,9612,9650,9957
2014-02-19T00:00:00+00:00,9650,9697,9578,9583,12384
2014-02-20T00:00:00+00:00,9583,9623,9501,9615,14881
2014-02-21T00:00:00+00:00,9615,9668,9597,9623,10790
2014-02-24T00:00:00+00:00,9623,9733,9601,9701,9584
2014-02-25T00:00:00+00:00,9701,9712,9628,9668,10850
2014-02-26T00:00:00+00:00,9668,9721,9610,9643,10763
2014-02-27T00:00:00+00:00,9643,9673,9493,9605,15086
2014-02-28T00:00:00+00:00,9605,9694,9563,9642,13719
2014-03-03T00:00:00+00:00,9642,9642,9319,9346,23003
2014-03-04T00:00:00+00:00,9346,9588,9346,9559,15524
2014-03-05T00:00:00+00:00,9559,9598,9521,9545,10906
2014-03-06T00:00:00+00:00,9545,9586,9500,9524,11254
2014-03-07T00:00:00+00:00,9524,9553,9343,9391,15968
2014-03-10T00:00:00+00:00,9391,9391,9213,9299,14945
2014-03-11T00:00:00+00:00,9299,9376,9256,9286,11883
2014-03-12T00:00:00+00:00,9286,9286,9140,9211,14996
2014-03-13T00:00:00+00:00,9211,9227,8927,8957,17255
2014-03-14T00:00:00+00:00,8957,9094,8908,9037,22389
2014-03-17T00:00:00+00:00,9037,9197,9037,9189,13320
2014-03-18T00:00:00+00:00,9189,9317,9102,9250,14578
2014-03-19T00:00:00+00:00,9250,9328,9170,9213,13420
2014-03-20T00:00:00+00:00,9213,9301,9155,9290,16859
2014-03-21T00:00:00+00:00,9290,9377,9268,9280,13483
2014-03-24T00:00:00+00:00,9280,9361,9178,9216,16761
2014-03-25T00:00:00+00:00,9216,9382,9214,9367,15339
2014-03-26T00:00:00+00:00,9367,9489,9359,9402,16286
2014-03-27T00:00:00+00:00,9402,9470,9396,9446,16821
2014-03-28T00:00:00+00:00,9446,9591,9446,9571,12412
2014-03-31T00:00:00+00:00,9571,9634,9542,9569,12275
2014-04-01T00:00:00+00:00,9569,9631,9569,9618,9779
2014-04-02T00:00:00+00:00,9618,9647,9607,9639,9972
2014-04-03T00:00:00+00:00,9639,9691,9591,9634,12143
2014-04-04T00:00:00+00:00,9634,9721,9614,9618,15040
2014-04-07T00:00:00+00:00,9618,9621,9450,9485,17878
2014-04-08T00:00:00+00:00,9485,9528,9391,9477,15693
2014-04-09T00:00:00+00:00,9477,9553,9477,9547,11469
2014-04-10T00:00:00+00:00,9547,9582,9333,9341,18897
2014-04-11T00:00:00+00:00,9341,9390,9258,9265,21373
2014-04-14T00:00:00+00:00,9265,9345,9195,9336,18024
2014-04-15T00:00:00+00:00,9336,9345,9084,9204,22977
2014-04-16T00:00:00+00:00,9204,9352,9204,9342,16425
2014-04-17T00:00:00+00:00,9342,9468,9277,9449,13019
2014-04-18T00:00:00+00:00,9449,9449,9449,9449,1
2014-04-22T00:00:00+00:00,9449,9614,9438,9603,10389
2014-04-23T00:00:00+00:00,9603,9618,9540,9562,10199
2014-04-24T00:00:00+00:00,9562,9645,9407,9520,15201
2014-04-25T00:00:00+00:00,9520,9520,9364,9403,17145
2014-04-28T00:00:00+00:00,9403,9496,9370,9459,16936
2014-04-29T00:00:00+00:00,9459,9610,9459,9580,15325
2014-04-30T00:00:00+00:00,9580,9621,9555,9614,14566
2014-05-01T00:00:00+00:00,9614,9614,9614,9614,1
2014-05-02T00:00:00+00:00,9614,9627,9525,9551,14681
2014-05-05T00:00:00+00:00,9551,9551,9402,9544,11014
2014-05-06T00:00:00+00:00,9544,9581,9432,9438,14923
2014-05-07T00:00:00+00:00,9438,9552,9390,9543,18391
2014-05-08T00:00:00+00:00,9543,9621,9483,9563,17046
2014-05-09T00:00:00+00:00,9563,9615,9555,9595,14379
2014-05-12T00:00:00+00:00,9595,9727,9585,9726,10893
2014-05-13T00:00:00+00:00,9726,9784,9726,9759,11617
2014-05-14T00:00:00+00:00,9759,9777,9719,9733,10419
2014-05-15T00:00:00+00:00,9733,9811,9627,9672,17264
2014-05-16T00:00:00+00:00,9672,9680,9573,9636,15290
2014-05-19T00:00:00+00:00,9636,9677,9530,9661,13118
2014-05-20T00:00:00+00:00,9661,9682,9587,9616,12790
2014-05-21T00:00:00+00:00,9616,9709,9580,9697,12685
2014-05-22T00:00:00+00:00,9697,9737,9686,9715,10094
2014-05-23T00:00:00+00:00,9715,9778,9703,9769,7621
2014-05-26T00:00:00+00:00,9769,9895,9769,9882,5666
2014-05-27T00:00:00+00:00,9882,9950,9878,9944,9198
2014-05-28T00:00:00+00:00,9944,9969,9896,9921,9200
2014-05-29T00:00:00+00:00,9921,9958,9917,9953,6381
2014-05-30T00:00:00+00:00,9953,9972,9921,9950,8125
2014-06-02T00:00:00+00:00,9950,9988,9903,9957,7883
2014-06-03T00:00:00+00:00,9957,9957,9883,9913,7961
2014-06-04T00:00:00+00:00,9913,9938,9864,9932,8548
2014-06-05T00:00:00+00:00,9932,10013,9894,9967,15335
2014-06-06T00:00:00+00:00,9967,10005,9940,10003,9737
2014-06-09T00:00:00+00:00,10003,10019,9982,10011,4621
2014-06-10T00:00:00+00:00,10011,10034,9986,10024,6116
2014-06-11T00:00:00+00:00,10024,10024,9920,9947,8531
2014-06-12T00:00:00+00:00,9947,9971,9893,9907,7897
2014-06-13T00:00:00+00:00,9907,9945,9827,9904,10029
2014-06-16T00:00:00+00:00,9904,9926,9871,9902,8838
2014-06-17T00:00:00+00:00,9902,9984,9858,9934,9790
2014-06-18T00:00:00+00:00,9934,10000,9920,9993,8540
2014-06-19T00:00:00+00:00,9993,10023,9993,10007,6911
2014-06-20T00:00:00+00:00,10007,10048,9974,9991,6484
2014-06-23T00:00:00+00:00,9991,10013,9884,9935,10200
2014-06-24T00:00:00+00:00,9935,9951,9894,9897,7879
2014-06-25T00:00:00+00:00,9897,9915,9835,9894,9692
2014-06-26T00:00:00+00:00,9894,9906,9749,9835,10231
2014-06-27T00:00:00+00:00,9835,9847,9790,9842,7746
2014-06-30T00:00:00+00:00,9842,9890,9799,9829,9178
2014-07-01T00:00:00+00:00,9829,9927,9829,9908,8182
2014-07-02T00:00:00+00:00,9908,9936,9889,9911,7455
2014-07-03T00:00:00+00:00,9911,10037,9906,10031,8351
2014-07-04T00:00:00+00:00,10031,10036,10006,10014,2878
2014-07-07T00:00:00+00:00,10014,10014,9896,9917,8160
2014-07-08T00:00:00+00:00,9917,9927,9748,9780,10899
2014-07-09T00:00:00+00:00,9780,9828,9750,9818,9946
2014-07-10T00:00:00+00:00,9818,9818,9614,9685,15221
2014-07-11T00:00:00+00:00,9685,9705,9620,9666,10181
2014-07-14T00:00:00+00:00,9666,9795,9666,9767,8307
2014-07-15T00:00:00+00:00,9767,9788,9687,9737,13114
2014-07-16T00:00:00+00:00,9737,9873,9731,9859,9763
2014-07-17T00:00:00+00:00,9859,9859,9682,9696,14835
2014-07-18T00:00:00+00:00,9696,9746,9651,9735,12712
2014-07-21T00:00:00+00:00,9735,9735,9595,9633,12435
2014-07-22T00:00:00+00:00,9633,9739,9633,9711,11502
2014-07-23T00:00:00+00:00,9711,9801,9696,9754,9069
2014-07-24T00:00:00+00:00,9754,9811,9675,9779,11582
2014-07-25T00:00:00+00:00,9779,9793,9619,9648,11315
2014-07-28T00:00:00+00:00,9648,9673,9525,9614,12780
2014-07-29T00:00:00+00:00,9614,9692,9572,9624,12477
2014-07-30T00:00:00+00:00,9624,9705,9572,9602,15120
2014-07-31T00:00:00+00:00,9602,9602,9363,9371,21209
2014-08-01T00:00:00+00:00,9371,9405,9148,9183,23468
2014-08-04T00:00:00+00:00,9183,9258,9126,9211,15478
2014-08-05T00:00:00+00:00,9211,9235,9078,9098,18644
2014-08-06T00:00:00+00:00,9098,9168,9031,9110,19149
2014-08-07T00:00:00+00:00,9110,9167,8973,9002,23138
2014-08-08T00:00:00+00:00,9002,9098,8902,9094,21208
2014-08-11T00:00:00+00:00,9094,9198,9085,9158,12703
2014-08-12T00:00:00+00:00,9158,9179,9045,9079,13489
2014-08-13T00:00:00+00:00,9079,9215,9079,9195,11699
2014-08-14T00:00:00+00:00,9195,9265,9141,9243,11834
2014-08-15T00:00:00+00:00,9243,9325,9042,9132,17719
2014-08-18T00:00:00+00:00,9132,9269,9132,9264,10053
2014-08-19T00:00:00+00:00,9264,9351,9264,9338,8118
2014-08-20T00:00:00+00:00,9338,9340,9246,9333,10336
2014-08-21T00:00:00+00:00,9333,9407,9276,9386,9463
2014-08-22T00:00:00+00:00,9386,9413,9289,9348,13924
2014-08-25T00:00:00+00:00,9348,9515,9348,9486,8779
2014-08-26T00:00:00+00:00,9486,9592,9443,9572,9460
2014-08-27T00:00:00+00:00,9572,9600,9545,9560,7731
2014-08-28T00:00:00+00:00,9560,9566,9415,9466,13431
2014-08-29T00:00:00+00:00,9466,9517,9369,9471,11033
2014-09-01T00:00:00+00:00,9471,9509,9424,9472,6737
2014-09-02T00:00:00+00:00,9472,9579,9467,9497,11231
2014-09-03T00:00:00+00:00,9497,9684,9497,9616,15064
2014-09-04T00:00:00+00:00,9616,9736,9538,9710,17922
2014-09-05T00:00:00+00:00,9710,9789,9689,9787,14642
2014-09-08T00:00:00+00:00,9787,9787,9713,9736,11034
2014-09-09T00:00:00+00:00,9736,9771,9675,9685,11863
2014-09-10T00:00:00+00:00,9685,9746,9636,9732,11791
2014-09-11T00:00:00+00:00,9732,9735,9627,9694,12847
2014-09-12T00:00:00+00:00,9694,9720,9616,9641,11640
2014-09-15T00:00:00+00:00,9641,9684,9592,9662,10402
2014-09-16T00:00:00+00:00,9662,9675,9587,9672,11735
2014-09-17T00:00:00+00:00,9672,9717,9648,9682,11349
2014-09-18T00:00:00+00:00,9682,9796,9682,9788,9168
2014-09-19T00:00:00+00:00,9788,9892,9778,9792,12116
2014-09-22T00:00:00+00:00,9792,9811,9718,9730,11158
2014-09-23T00:00:00+00:00,9730,9744,9568,9583,14048
2014-09-24T00:00:00+00:00,9583,9683,9534,9682,12067
2014-09-25T00:00:00+00:00,9682,9719,9468,9480,16891
2014-09-26T00:00:00+00:00,9480,9547,9455,9538,17030
2014-09-29T00:00:00+00:00,9538,9538,9366,9426,15984
2014-09-30T00:00:00+00:00,9426,9494,9401,9447,15706
2014-10-01T00:00:00+00:00,9447,9519,9325,9345,17337
2014-10-02T00:00:00+00:00,9345,9411,9163,9226,22909
2014-10-03T00:00:00+00:00,9226,9226,9226,9226,2
2014-10-06T00:00:00+00:00,9226,9348,9143,9182,18332
2014-10-07T00:00:00+00:00,9182,9182,9006,9008,21614
2014-10-08T00:00:00+00:00,9008,9125,8959,9116,17639
2014-10-09T00:00:00+00:00,9116,9142,8889,8915,26174
2014-10-10T00:00:00+00:00,8915,8960,8764,8770,25205
2014-10-13T00:00:00+00:00,8770,8873,8681,8725,24008
2014-10-14T00:00:00+00:00,8725,8857,8701,8798,26441
2014-10-15T00:00:00+00:00,8798,8855,8475,8630,35708
2014-10-16T00:00:00+00:00,8630,8663,8351,8575,48213
2014-10-17T00:00:00+00:00,8575,8856,8562,8816,31786
2014-10-20T00:00:00+00:00,8816,8883,8680,8756,25345
2014-10-21T00:00:00+00:00,8756,8943,8641,8935,23748
2014-10-22T00:00:00+00:00,8935,8960,8839,8850,19670
2014-10-23T00:00:00+00:00,8850,9072,8817,9028,21156
2014-10-24T00:00:00+00:00,9028,9042,8953,9015,17985
2014-10-27T00:00:00+00:00,9015,9094,8834,8925,22669
2014-10-28T00:00:00+00:00,8925,9117,8925,9108,15695
2014-10-29T00:00:00+00:00,9108,9158,9028,9086,17042
2014-10-30T00:00:00+00:00,9086,9158,8900,9146,25397
2014-10-31T00:00:00+00:00,9146,9342,9146,9326,19545
2014-11-03T00:00:00+00:00,9326,9344,9234,9270,15623
2014-11-04T00:00:00+00:00,9270,9318,9148,9214,18159
2014-11-05T00:00:00+00:00,9214,9331,9214,9301,16000
2014-11-06T00:00:00+00:00,9301,9467,9267,9399,21512
2014-11-07T00:00:00+00:00,9399,9444,9238,9286,19363
2014-11-10T00:00:00+00:00,9286,9352,9221,9347,14068
2014-11-11T00:00:00+00:00,9347,9399,9322,9363,10442
2014-11-12T00:00:00+00:00,9363,9363,9188,9244,16200
2014-11-13T00:00:00+00:00,9244,9310,9168,9254,16484
2014-11-14T00:00:00+00:00,9254,9289,9183,9233,15193
2014-11-17T00:00:00+00:00,9233,9333,9126,9314,13230
2014-11-18T00:00:00+00:00,9314,9490,9313,9482,12251
2014-11-19T00:00:00+00:00,9482,9524,9438,9483,11147
2014-11-20T00:00:00+00:00,9483,9489,9381,9479,13830
2014-11-21T00:00:00+00:00,9479,9735,9479,9715,13651
2014-11-24T00:00:00+00:00,9715,9832,9706,9811,11705
2014-11-25T00:00:00+00:00,9811,9924,9786,9865,11463
2014-11-26T00:00:00+00:00,9865,9946,9865,9944,12132
2014-11-27T00:00:00+00:00,9944,9994,9920,9971,8179
2014-11-28T00:00:00+00:00,9971,9996,9902,9969,10504
2014-12-01T00:00:00+00:00,9969,9980,9893,9952,14283
2014-12-02T00:00:00+00:00,9952,10038,9907,9964,14404
2014-12-03T00:00:00+00:00,9964,9994,9928,9991,10218
2014-12-04T00:00:00+00:00,9991,10086,9832,9899,20127
2014-12-05T00:00:00+00:00,9899,10094,9899,10082,12936
2014-12-08T00:00:00+00:00,10082,10090,9950,9984,11623
2014-12-09T00:00:00+00:00,9984,9984,9786,9877,19293
2014-12-10T00:00:00+00:00,9877,9909,9732,9745,17849
2014-12-11T00:00:00+00:00,9745,9906,9745,9809,18200
2014-12-12T00:00:00+00:00,9809,9809,9540,9548,22358
2014-12-15T00:00:00+00:00,9548,9680,9299,9341,26931
2014-12-16T00:00:00+00:00,9341,9576,9216,9424,42153
2014-12-17T00:00:00+00:00,9424,9671,9424,9651,33403
2014-12-18T00:00:00+00:00,9651,9854,9650,9847,21389
2014-12-19T00:00:00+00:00,9847,9919,9688,9797,23625
2014-12-22T00:00:00+00:00,9797,9928,9797,9911,13951
2014-12-23T00:00:00+00:00,9911,9929,9848,9900,12966
2014-12-24T00:00:00+00:00,9900,9900,9900,9900,2
2014-12-25T00:00:00+00:00,9900,9900,9900,9900,1
2014-12-26T00:00:00+00:00,9900,9900,9900,9900,1
2014-12-29T00:00:00+00:00,9900,9939,9775,9912,15092
2014-12-30T00:00:00+00:00,9912,9913,9756,9773,11393
2014-12-31T00:00:00+00:00,9773,9773,9773,9773,1
2015-01-01T00:00:00+00:00,9773,9773,9773,9773,1
2015-01-02T00:00:00+00:00,9773,9872,9684,9766,17567
2015-01-05T00:00:00+00:00,9766,9789,9445,9467,24525
2015-01-06T00:00:00+00:00,9467,9626,9379,9459,29664
2015-01-07T00:00:00+00:00,9459,9605,9459,9587,25449
2015-01-08T00:00:00+00:00,9587,9857,9587,9819,18794
2015-01-09T00:00:00+00:00,9819,9857,9597,9671,25799
2015-01-12T00:00:00+00:00,9671,9817,9620,9758,23965
2015-01-13T00:00:00+00:00,9758,9980,9752,9861,24300
2015-01-14T00:00:00+00:00,9861,9964,9762,9866,34812
2015-01-15T00:00:00+00:00,9866,10064,9576,9994,42513
2015-01-16T00:00:00+00:00,9994,10309,9939,10276,30424
2015-01-19T00:00:00+00:00,10276,10294,10191,10246,18128
2015-01-20T00:00:00+00:00,10246,10304,10210,10273,22693
2015-01-21T00:00:00+00:00,10273,10311,10148,10302,24383
2015-01-22T00:00:00+00:00,10302,10545,10226,10501,26052
2015-01-23T00:00:00+00:00,10501,10707,10486,10623,25409
2015-01-26T00:00:00+00:00,10623,10853,10582,10835,22103
2015-01-27T00:00:00+00:00,10835,10835,10592,10648,26201
2015-01-28T00:00:00+00:00,10648,10752,10550,10587,28294
2015-01-29T00:00:00+00:00,10587,10828,10587,10807,27943
2015-01-30T00:00:00+00:00,10807,10816,10641,10650,29382
2015-02-02T00:00:00+00:00,10650,10879,10650,10866,29356
2015-02-03T00:00:00+00:00,10866,10986,10843,10931,24574
2015-02-04T00:00:00+00:00,10931,10939,10802,10842,25713
2015-02-05T00:00:00+00:00,10842,10929,10790,10900,24215
2015-02-06T00:00:00+00:00,10900,10900,10753,10779,21485
2015-02-09T00:00:00+00:00,10779,10779,10603,10652,24801
2015-02-10T00:00:00+00:00,10652,10812,10593,10789,22816
2015-02-11T00:00:00+00:00,10789,10795,10697,10768,19500
2015-02-12T00:00:00+00:00,10768,10974,10729,10972,20757
2015-02-13T00:00:00+00:00,10972,11013,10941,10975,14976
2015-02-16T00:00:00+00:00,10975,10975,10840,10847,12002
2015-02-17T00:00:00+00:00,10847,10946,10764,10907,18303
2015-02-18T00:00:00+00:00,10907,10980,10896,10957,14656
2015-02-19T00:00:00+00:00,10957,11022,10871,10979,20299
2015-02-20T00:00:00+00:00,10979,11161,10946,11124,24834
2015-02-23T00:00:00+00:00,11124,11157,11068,11120,14556
2015-02-24T00:00:00+00:00,11120,11231,11089,11217,13535
2015-02-25T00:00:00+00:00,11217,11226,11175,11200,10408
2015-02-26T00:00:00+00:00,11200,11332,11187,11319,12256
2015-02-27T00:00:00+00:00,11319,11400,11302,11383,12463
2015-03-02T00:00:00+00:00,11383,11454,11363,11428,11910
2015-03-03T00:00:00+00:00,11428,11467,11256,11314,13303
2015-03-04T00:00:00+00:00,11314,11419,11193,11403,17213
2015-03-05T00:00:00+00:00,11403,11532,11403,11500,15385
2015-03-06T00:00:00+00:00,11500,11599,11494,11512,15196
2015-03-09T00:00:00+00:00,11512,11607,11461,11582,15105
2015-03-10T00:00:00+00:00,11582,11582,11401,11512,18128
2015-03-11T00:00:00+00:00,11512,11853,11512,11825,16778
2015-03-12T00:00:00+00:00,11825,11850,11756,11834,15751
2015-03-13T00:00:00+00:00,11834,11976,11742,11953,17736
2015-03-16T00:00:00+00:00,11953,12222,11932,12169,14075
2015-03-17T00:00:00+00:00,12169,12196,11927,12007,21819
2015-03-18T00:00:00+00:00,12007,12029,11813,11878,25181
2015-03-19T00:00:00+00:00,11878,12001,11783,11892,24653
2015-03-20T00:00:00+00:00,11892,12086,11892,12041,19513
2015-03-23T00:00:00+00:00,12041,12041,11820,11859,22084
2015-03-24T00:00:00+00:00,11859,12032,11795,11969,20455
2015-03-25T00:00:00+00:00,11969,12021,11839,11864,22028
2015-03-26T00:00:00+00:00,11864,11891,11618,11865,30584
2015-03-27T00:00:00+00:00,11865,11952,11797,11867,26472
2015-03-30T00:00:00+00:00,11867,12107,11867,12084,18249
2015-03-31T00:00:00+00:00,12084,12123,11914,11935,24886
2015-04-01T00:00:00+00:00,11935,12115,11839,12027,27504
2015-04-02T00:00:00+00:00,12027,12027,11928,11977,18822
2015-04-03T00:00:00+00:00,11977,11977,11977,11977,1
2015-04-06T00:00:00+00:00,11977,11977,11977,11977,1
2015-04-07T00:00:00+00:00,11977,12145,11977,12076,18736
2015-04-08T00:00:00+00:00,12076,12126,12013,12058,19116
2015-04-09T00:00:00+00:00,12058,12221,12043,12197,17587
2015-04-10T00:00:00+00:00,12197,12398,12197,12386,15135
2015-04-13T00:00:00+00:00,12386,12395,12275,12295,15937
2015-04-14T00:00:00+00:00,12295,12345,12182,12259,22465
2015-04-15T00:00:00+00:00,12259,12326,12195,12212,19446
2015-04-16T00:00:00+00:00,12212,12247,11966,11987,22650
2015-04-17T00:00:00+00:00,11987,12017,11632,11660,31609
2015-04-20T00:00:00+00:00,11660,11906,11660,11868,19573
2015-04-21T00:00:00+00:00,11868,12079,11868,11962,25642
2015-04-22T00:00:00+00:00,11962,12044,11785,11916,29670
2015-04-23T00:00:00+00:00,11916,11948,11672,11779,30211
2015-04-24T00:00:00+00:00,11779,11884,11706,11808,26882
2015-04-27T00:00:00+00:00,11808,12052,11728,11991,25183
2015-04-28T00:00:00+00:00,11991,12051,11742,11821,29385
2015-04-29T00:00:00+00:00,11821,11880,11354,11487,39039
2015-04-30T00:00:00+00:00,11487,11564,11327,11381,38327
2015-05-01T00:00:00+00:00,11381,11381,11381,11381,3
2015-05-04T00:00:00+00:00,11381,11654,11381,11600,24641
2015-05-05T00:00:00+00:00,11600,11749,11290,11323,37963
2015-05-06T00:00:00+00:00,11323,11456,11235,11329,36380
2015-05-07T00:00:00+00:00,11329,11436,11163,11385,30257
2015-05-08T00:00:00+00:00,11385,11730,11385,11712,19310
2015-05-11T00:00:00+00:00,11712,11720,11602,11618,18714
2015-05-12T00:00:00+00:00,11618,11646,11375,11489,27301
2015-05-13T00:00:00+00:00,11489,11594,11291,11324,23694
2015-05-14T00:00:00+00:00,11324,11582,11214,11567,20033
2015-05-15T00:00:00+00:00,11567,11639,11380,11469,21173
2015-05-18T00:00:00+00:00,11469,11635,11378,11624,20626
2015-05-19T00:00:00+00:00,11624,11878,11624,11815,20852
2015-05-20T00:00:00+00:00,11815,11882,11780,11850,18205
2015-05-21T00:00:00+00:00,11850,11889,11755,11870,16656
2015-05-22T00:00:00+00:00,11870,11879,11788,11835,13649
2015-05-25T00:00:00+00:00,11835,11835,11835,11835,1
2015-05-26T00:00:00+00:00,11835,11926,11585,11645,21038
2015-05-27T00:00:00+00:00,11645,11795,11596,11777,18624
2015-05-28T00:00:00+00:00,11777,11777,11599,11694,16553
2015-05-29T00:00:00+00:00,11694,11716,11397,11437,22514
2015-06-01T00:00:00+00:00,11437,11508,11341,11457,21313
2015-06-02T00:00:00+00:00,11457,11484,11268,11327,21626
2015-06-03T00:00:00+00:00,11327,11514,11297,11389,23413
2015-06-04T00:00:00+00:00,11389,11450,11185,11259,27768
2015-06-05T00:00:00+00:00,11259,11289,11154,11190,24369
2015-06-08T00:00:00+00:00,11190,11222,10991,11021,23378
2015-06-09T00:00:00+00:00,11021,11070,10864,10960,24041
2015-06-10T00:00:00+00:00,10960,11304,10936,11258,22318
2015-06-11T00:00:00+00:00,11258,11453,11237,11310,21694
2015-06-12T00:00:00+00:00,11310,11365,11065,11206,25707
2015-06-15T00:00:00+00:00,11206,11206,10952,11017,22891
2015-06-16T00:00:00+00:00,11017,11075,10797,11061,21397
2015-06-17T00:00:00+00:00,11061,11117,10873,10922,22883
2015-06-18T00:00:00+00:00,10922,11286,10804,11133,24061
2015-06-19T00:00:00+00:00,11133,11248,10995,11031,22949
2015-06-22T00:00:00+00:00,11031,11482,11031,11436,26957
2015-06-23T00:00:00+00:00,11436,11635,11436,11569,19313
2015-06-24T00:00:00+00:00,11569,11587,11361,11409,23155
2015-06-25T00:00:00+00:00,11409,11601,11345,11444,22961
2015-06-26T00:00:00+00:00,11444,11561,11369,11519,22411
2015-06-29T00:00:00+00:00,11519,11519,10907,10978,38815
2015-06-30T00:00:00+00:00,10978,11137,10897,10996,42730
2015-07-01T00:00:00+00:00,10996,11286,10977,11167,36736
2015-07-02T00:00:00+00:00,11167,11230,11071,11117,23693
2015-07-03T00:00:00+00:00,11117,11133,11005,11107,19870
2015-07-06T00:00:00+00:00,11107,11107,10744,10861,37966
2015-07-07T00:00:00+00:00,10861,10947,10658,10898,43496
2015-07-08T00:00:00+00:00,10898,10898,10652,10704,42711
2015-07-09T00:00:00+00:00,10704,11033,10704,10960,32634
2015-07-10T00:00:00+00:00,10960,11401,10960,11390,34552
2015-07-13T00:00:00+00:00,11390,11512,11252,11487,30897
2015-07-14T00:00:00+00:00,11487,11546,11415,11531,20591
2015-07-15T00:00:00+00:00,11531,11567,11476,11530,19043
2015-07-16T00:00:00+00:00,11530,11790,11530,11726,22209
2015-07-17T00:00:00+00:00,11726,11765,11649,11684,17311
2015-07-20T00:00:00+00:00,11684,11804,11684,11753,10887
2015-07-21T00:00:00+00:00,11753,11775,11567,11597,15791
2015-07-22T00:00:00+00:00,11597,11597,11485,11535,17061
2015-07-23T00:00:00+00:00,11535,11625,11433,11445,20326
2015-07-24T00:00:00+00:00,11445,11544,11279,11289,20315
2015-07-27T00:00:00+00:00,11289,11315,11026,11044,31473
2015-07-28T00:00:00+00:00,11044,11244,11044,11203,25948
2015-07-29T00:00:00+00:00,11203,11278,11119,11255,27768
2015-07-30T00:00:00+00:00,11255,11312,11136,11265,27555
2015-07-31T00:00:00+00:00,11265,11328,11172,11314,24228
2015-08-03T00:00:00+00:00,11314,11463,11246,11421,25816
2015-08-04T00:00:00+00:00,11421,11478,11380,11473,21157
2015-08-05T00:00:00+00:00,11473,11657,11473,11594,21202
2015-08-06T00:00:00+00:00,11594,11671,11532,11574,19670
2015-08-07T00:00:00+00:00,11574,11586,11482,11513,21189
2015-08-10T00:00:00+00:00,11513,11620,11431,11609,18010
2015-08-11T00:00:00+00:00,11609,11609,11263,11303,29967
2015-08-12T00:00:00+00:00,11303,11303,10892,11043,37071
2015-08-13T00:00:00+00:00,11043,11155,10977,11001,27571
2015-08-14T00:00:00+00:00,11001,11094,10910,11043,26515
2015-08-17T00:00:00+00:00,11043,11112,10813,10977,28590
2015-08-18T00:00:00+00:00,10977,10983,10880,10907,25944
2015-08-19T00:00:00+00:00,10907,10907,10670,10689,35387
2015-08-20T00:00:00+00:00,10689,10689,10306,10309,40393
2015-08-21T00:00:00+00:00,10309,10437,9982,10009,57955
2015-08-24T00:00:00+00:00,10009,10009,9340,9639,88460
2015-08-25T00:00:00+00:00,9639,10188,9639,9817,88221
2015-08-26T00:00:00+00:00,9817,10197,9817,10197,75681
2015-08-27T00:00:00+00:00,10197,10383,10167,10345,56723
2015-08-28T00:00:00+00:00,10345,10353,10184,10289,44785
2015-08-31T00:00:00+00:00,10289,10310,10131,10239,30972
2015-09-01T00:00:00+00:00,10239,10239,9886,9922,60138
2015-09-02T00:00:00+00:00,9922,10125,9922,10125,46597
2015-09-03T00:00:00+00:00,10125,10381,10114,10241,39189
2015-09-04T00:00:00+00:00,10241,10241,9956,10005,48814
2015-09-07T00:00:00+00:00,10005,10182,10005,10112,19640
2015-09-08T00:00:00+00:00,10112,10371,10093,10335,32161
2015-09-09T00:00:00+00:00,10335,10523,10156,10168,37156
2015-09-10T00:00:00+00:00,10168,10327,10154,10242,41620
2015-09-11T00:00:00+00:00,10242,10251,10078,10187,29984
2015-09-14T00:00:00+00:00,10187,10228,10084,10158,29322
2015-09-15T00:00:00+00:00,10158,10262,10068,10253,28194
2015-09-16T00:00:00+00:00,10253,10339,10173,10263,26209
2015-09-17T00:00:00+00:00,10263,10322,10133,10193,27830
2015-09-18T00:00:00+00:00,10193,10219,9858,9921,47198
2015-09-21T00:00:00+00:00,9921,10001,9781,9964,35255
2015-09-22T00:00:00+00:00,9964,10018,9559,9630,46127
2015-09-23T00:00:00+00:00,9630,9710,9482,9609,40030
2015-09-24T00:00:00+00:00,9609,9706,9361,9539,56547
2015-09-25T00:00:00+00:00,9539,9746,9539,9622,42433
2015-09-28T00:00:00+00:00,9622,9678,9435,9453,44513
2015-09-29T00:00:00+00:00,9453,9537,9301,9478,50699
2015-09-30T00:00:00+00:00,9478,9733,9478,9662,40000
2015-10-01T00:00:00+00:00,9662,9786,9449,9554,45354
2015-10-02T00:00:00+00:00,9554,9681,9392,9679,44960
2015-10-05T00:00:00+00:00,9679,9887,9648,9873,31419
2015-10-06T00:00:00+00:00,9873,9957,9728,9880,34387
2015-10-07T00:00:00+00:00,9880,10095,9880,10037,37781
2015-10-08T00:00:00+00:00,10037,10107,9910,10099,34595
2015-10-09T00:00:00+00:00,10099,10147,10046,10114,26207
2015-10-12T00:00:00+00:00,10114,10188,10054,10107,21059
2015-10-13T00:00:00+00:00,10107,10118,9938,9993,29471
2015-10-14T00:00:00+00:00,9993,10038,9887,9921,30179
2015-10-15T00:00:00+00:00,9921,10149,9921,10146,27998
2015-10-16T00:00:00+00:00,10146,10167,10056,10123,23668
2015-10-19T00:00:00+00:00,10123,10206,10068,10172,23334
2015-10-20T00:00:00+00:00,10172,10194,10078,10147,21186
2015-10-21T00:00:00+00:00,10147,10278,10104,10189,18680
2015-10-22T00:00:00+00:00,10189,10588,10189,10559,31282
2015-10-23T00:00:00+00:00,10559,10861,10559,10840,33757
2015-10-26T00:00:00+00:00,10840,10864,10759,10804,21925
2015-10-27T00:00:00+00:00,10804,10809,10684,10730,22674
2015-10-28T00:00:00+00:00,10730,10925,10690,10906,29705
2015-10-29T00:00:00+00:00,10906,10906,10740,10808,26085
2015-10-30T00:00:00+00:00,10808,10875,10745,10821,21695
2015-11-02T00:00:00+00:00,10821,10992,10726,10977,20556
2015-11-03T00:00:00+00:00,10977,10997,10881,10950,20291
2015-11-04T00:00:00+00:00,10950,11006,10815,10853,27521
2015-11-05T00:00:00+00:00,10853,10965,10780,10886,29043
2015-11-06T00:00:00+00:00,10886,11057,10840,11026,40616
2015-11-09T00:00:00+00:00,11026,11026,10785,10833,25277
2015-11-10T00:00:00+00:00,10833,10871,10725,10851,25080
2015-11-11T00:00:00+00:00,10851,10995,10835,10869,24123
2015-11-12T00:00:00+00:00,10869,10958,10712,10714,33808
2015-11-13T00:00:00+00:00,10714,10815,10605,10677,38824
2015-11-16T00:00:00+00:00,10677,10816,10489,10815,36839
2015-11-17T00:00:00+00:00,10815,10978,10782,10891,27513
2015-11-18T00:00:00+00:00,10891,11048,10876,11028,27492
2015-11-19T00:00:00+00:00,11028,11153,11028,11055,22512
2015-11-20T00:00:00+00:00,11055,11165,11048,11099,22600
2015-11-23T00:00:00+00:00,11099,11132,11024,11062,20811
2015-11-24T00:00:00+00:00,11062,11079,10866,10967,31319
2015-11-25T00:00:00+00:00,10967,11187,10919,11151,21249
2015-11-26T00:00:00+00:00,11151,11367,11151,11305,14150
2015-11-27T00:00:00+00:00,11305,11354,11242,11297,20445
2015-11-30T00:00:00+00:00,11297,11432,11251,11350,23376
2015-12-01T00:00:00+00:00,11350,11417,11233,11293,24059
2015-12-02T00:00:00+00:00,11293,11331,11077,11112,27380
2015-12-03T00:00:00+00:00,11112,11320,10639,10678,66584
2015-12-04T00:00:00+00:00,10678,10879,10630,10867,43602
2015-12-07T00:00:00+00:00,10867,10992,10805,10923,30901
2015-12-08T00:00:00+00:00,10923,10923,10612,10680,39041
2015-12-09T00:00:00+00:00,10680,10719,10447,10515,46814
2015-12-10T00:00:00+00:00,10515,10664,10497,10579,36651
2015-12-11T00:00:00+00:00,10579,10606,10269,10285,49763
2015-12-14T00:00:00+00:00,10285,10446,10120,10285,52753
2015-12-15T00:00:00+00:00,10285,10489,10225,10450,32699
2015-12-16T00:00:00+00:00,10450,10650,10422,10625,42227
2015-12-17T00:00:00+00:00,10625,10833,10526,10709,35870
2015-12-18T00:00:00+00:00,10709,10732,10509,10515,43793
2015-12-21T00:00:00+00:00,10515,10798,10470,10549,35067
2015-12-22T00:00:00+00:00,10549,10634,10396,10564,36346
2015-12-23T00:00:00+00:00,10564,10763,10560,10761,27703
2015-12-24T00:00:00+00:00,10761,10761,10761,10761,1
2015-12-25T00:00:00+00:00,10761,10761,10761,10761,1
2015-12-28T00:00:00+00:00,10761,10769,10624,10694,21751
2015-12-29T00:00:00+00:00,10694,10876,10694,10857,20350
2015-12-30T00:00:00+00:00,10857,10875,10686,10688,21219
2015-12-31T00:00:00+00:00,10688,10688,10688,10688,1
2016-01-01T00:00:00+00:00,10688,10688,10688,10688,1
2016-01-04T00:00:00+00:00,10688,10688,10248,10360,46058
2016-01-05T00:00:00+00:00,10360,10400,10170,10330,35427
2016-01-06T00:00:00+00:00,10330,10330,10091,10178,43752
2016-01-07T00:00:00+00:00,10178,10178,9808,9834,59068
2016-01-08T00:00:00+00:00,9834,10123,9729,9755,55495
2016-01-11T00:00:00+00:00,9755,9978,9682,9902,54599
2016-01-12T00:00:00+00:00,9902,10093,9775,10050,48978
2016-01-13T00:00:00+00:00,10050,10164,9734,9764,51306
2016-01-14T00:00:00+00:00,9764,9943,9612,9884,66086
2016-01-15T00:00:00+00:00,9884,9884,9410,9480,78971
2016-01-18T00:00:00+00:00,9480,9660,9454,9526,40858
2016-01-19T00:00:00+00:00,9526,9758,9525,9617,55304
2016-01-20T00:00:00+00:00,9617,9617,9251,9465,77452
2016-01-21T00:00:00+00:00,9465,9664,9333,9575,83644
2016-01-22T00:00:00+00:00,9575,9838,9575,9821,44905
2016-01-25T00:00:00+00:00,9821,9833,9669,9669,43429
2016-01-26T00:00:00+00:00,9669,9869,9562,9867,40864
2016-01-27T00:00:00+00:00,9867,9926,9715,9763,47776
2016-01-28T00:00:00+00:00,9763,9906,9591,9668,60594
2016-01-29T00:00:00+00:00,9668,9840,9651,9833,54905
2016-02-01T00:00:00+00:00,9833,9847,9635,9766,40603
2016-02-02T00:00:00+00:00,9766,9766,9483,9501,40469
2016-02-03T00:00:00+00:00,9501,9578,9350,9523,57745
2016-02-04T00:00:00+00:00,9523,9622,9264,9386,61502
2016-02-05T00:00:00+00:00,9386,9471,9225,9247,60834
2016-02-08T00:00:00+00:00,9247,9337,8920,9000,63627
2016-02-09T00:00:00+00:00,9000,9042,8772,8900,72177
2016-02-10T00:00:00+00:00,8900,9129,8873,8931,66008
2016-02-11T00:00:00+00:00,8931,8931,8695,8845,81474
2016-02-12T00:00:00+00:00,8845,8994,8811,8992,48371
2016-02-15T00:00:00+00:00,8992,9249,8992,9194,28464
2016-02-16T00:00:00+00:00,9194,9270,9078,9200,44274
2016-02-17T00:00:00+00:00,9200,9423,9136,9408,32591
2016-02-18T00:00:00+00:00,9408,9554,9348,9451,34805
2016-02-19T00:00:00+00:00,9451,9479,9318,9378,36459
2016-02-22T00:00:00+00:00,9378,9587,9378,9575,25038
2016-02-23T00:00:00+00:00,9575,9575,9396,9400,30638
2016-02-24T00:00:00+00:00,9400,9426,9121,9301,42355
2016-02-25T00:00:00+00:00,9301,9399,9199,9398,38074
2016-02-26T00:00:00+00:00,9398,9576,9398,9483,35755
2016-02-29T00:00:00+00:00,9483,9508,9331,9411,36803
2016-03-01T00:00:00+00:00,9411,9778,9411,9768,33416
2016-03-02T00:00:00+00:00,9768,9838,9694,9777,32564
2016-03-03T00:00:00+00:00,9777,9817,9708,9787,26323
2016-03-04T00:00:00+00:00,9787,9901,9740,9787,34513
2016-03-07T00:00:00+00:00,9787,9820,9688,9771,28184
2016-03-08T00:00:00+00:00,9771,9789,9615,9677,34269
2016-03-09T00:00:00+00:00,9677,9841,9677,9714,33322
2016-03-10T00:00:00+00:00,9714,9997,9396.3,9510.5,80065
2016-03-11T00:00:00+00:00,9510.5,9892,9510.5,9891.5,96916
2016-03-14T00:00:00+00:00,9891.5,10041,9870,9996.5,62783
2016-03-15T00:00:00+00:00,9996.5,9996.5,9888.8,9956,69088
2016-03-16T00:00:00+00:00,9956,10022.5,9915.5,9997.5,81016
2016-03-17T00:00:00+00:00,9997.5,10068.8,9747.3,9882.5,81999
2016-03-18T00:00:00+00:00,9882.5,9961.3,9820.8,9940,68240
2016-03-21T00:00:00+00:00,9940,10097.8,9858.8,9953.5,72383
2016-03-22T00:00:00+00:00,9953.5,10002.8,9757,9987,88412
2016-03-23T00:00:00+00:00,9987,10116,9964.5,9990.5,77081
2016-03-24T00:00:00+00:00,9990.5,9990.5,9837.5,9895.8,71164
2016-03-25T00:00:00+00:00,9895.8,9895.8,9895.8,9895.8,1
2016-03-28T00:00:00+00:00,9895.8,9895.8,9895.8,9895.8,1
2016-03-29T00:00:00+00:00,9895.8,9954,9806.5,9929.5,77073
2016-03-30T00:00:00+00:00,9929.5,10096,9923.8,10033.5,66072
2016-03-31T00:00:00+00:00,10033.5,10033.5,9923,9924.5,68756
2016-04-01T00:00:00+00:00,9924.5,9924.5,9673.5,9816.5,90162
2016-04-04T00:00:00+00:00,9816.5,9906.8,9727.5,9766,76489
2016-04-05T00:00:00+00:00,9766,9766,9519.3,9523.3,84511
2016-04-06T00:00:00+00:00,9523.3,9661.5,9500,9661.2,72315
2016-04-07T00:00:00+00:00,9661.2,9699,9441,9472,78857
2016-04-08T00:00:00+00:00,9472,9678,9472,9616.5,65322
2016-04-11T00:00:00+00:00,9616.5,9754.3,9522.3,9645.5,73597
2016-04-12T00:00:00+00:00,9645.5,9799.3,9616,9789,77072
2016-04-13T00:00:00+00:00,9789,10043.3,9789,10019.5,67791
2016-04-14T00:00:00+00:00,10019.5,10105.8,10016.5,10085.5,64549
2016-04-15T00:00:00+00:00,10085.5,10093.8,10010,10041,53291
2016-04-18T00:00:00+00:00,10041,10149.55,9904.4,10140.35,54829
2016-04-19T00:00:00+00:00,10140.35,10374.35,10140.35,10366.85,61465
2016-04-20T00:00:00+00:00,10366.85,10460.05,10280.05,10433.35,74138
2016-04-21T00:00:00+00:00,10433.35,10486.55,10337.35,10402.35,70334
2016-04-22T00:00:00+00:00,10402.35,10426.4,10322.55,10403.35,52964
2016-04-25T00:00:00+00:00,10403.35,10403.35,10226.85,10319.66,58834
2016-04-26T00:00:00+00:00,10319.66,10386.66,10209.05,10286.35,49912
2016-04-27T00:00:00+00:00,10286.35,10345.05,10218.35,10324.85,49239
2016-04-28T00:00:00+00:00,10324.85,10333.05,10118.85,10215.85,58808
2016-04-29T00:00:00+00:00,10215.85,10252.25,10025.35,10059.85,62300
2016-05-02T00:00:00+00:00,10059.85,10154.05,10049.05,10136.85,43498
2016-05-03T00:00:00+00:00,10136.85,10136.85,9916.35,9937.85,70640
2016-05-04T00:00:00+00:00,9937.85,9959.55,9805.51,9825,61283
2016-05-05T00:00:00+00:00,9825,9916.35,9800.85,9843.85,50496
2016-05-06T00:00:00+00:00,9843.85,9927.55,9733.35,9920.35,64706
2016-05-09T00:00:00+00:00,9920.35,10069.85,9876.05,9986.05,52922
2016-05-10T00:00:00+00:00,9986.05,10109.55,9986.05,10088.65,55096
2016-05-11T00:00:00+00:00,10088.65,10088.65,9924.35,9937,64972
2016-05-12T00:00:00+00:00,9937,10083.55,9835.05,9888.5,127047
2016-05-13T00:00:00+00:00,9888.5,9982.55,9758.27,9885.41,75641
2016-05-17T00:00:00+00:00,9885.41,10082.55,9815.6,9830.5,84123
2016-05-18T00:00:00+00:00,9830.5,9963.05,9794.37,9930.5,104794
2016-05-19T00:00:00+00:00,9930.5,9930.5,9768.3,9824.55,117922
2016-05-20T00:00:00+00:00,9824.55,9925.12,9824.55,9914.15,94994
2016-05-23T00:00:00+00:00,9914.15,9973.85,9807.85,9840.85,82931
2016-05-24T00:00:00+00:00,9840.85,10125.35,9768.66,10106.35,99581
2016-05-25T00:00:00+00:00,10106.35,10236.59,10106.35,10204.85,74699
2016-05-26T00:00:00+00:00,10204.85,10290.18,10175.65,10265,76355
2016-05-27T00:00:00+00:00,10265,10307.05,10242.85,10296,65220
2016-05-30T00:00:00+00:00,10296,10349.05,10285.82,10344.45,37696
2016-05-31T00:00:00+00:00,10344.45,10373.85,10228.85,10270.5,85850
2016-06-01T00:00:00+00:00,10270.5,10287.05,10159.35,10210.35,84458
2016-06-02T00:00:00+00:00,10210.35,10257.35,10152.55,10254.4,104813
2016-06-03T00:00:00+00:00,10254.4,10284.55,10038.35,10109.2,80921
2016-06-06T00:00:00+00:00,10109.2,10152.35,10091.35,10122.85,56564
2016-06-07T00:00:00+00:00,10122.85,10316.6,10122.85,10253,82560
2016-06-08T00:00:00+00:00,10253,10268.85,10174.3,10223.85,83995
2016-06-09T00:00:00+00:00,10223.85,10223.85,10046.35,10092.35,110575
2016-06-10T00:00:00+00:00,10092.35,10092.35,9773.8,9802.35,139819
2016-06-13T00:00:00+00:00,9802.35,9802.35,9598.35,9615.6,180680
2016-06-14T00:00:00+00:00,9615.6,9632.55,9504.93,9574.85,175453
2016-06-15T00:00:00+00:00,9574.85,9667.55,9560.75,9583.5,146886
2016-06-16T00:00:00+00:00,9583.5,9664.85,9430.25,9657.85,147666
2016-06-17T00:00:00+00:00,9657.85,9723.05,9575.43,9708.35,152832
2016-06-20T00:00:00+00:00,9708.35,9995.1,9708.35,9925.85,127122
2016-06-21T00:00:00+00:00,9925.85,10122.15,9925.85,10063.05,135912
2016-06-22T00:00:00+00:00,10063.05,10150.85,10043.35,10048.7,80734
2016-06-23T00:00:00+00:00,10048.7,10348.25,10048.7,10319.1,147939
2016-06-24T00:00:00+00:00,10319.1,10319.1,9161.35,9486.5,157395
2016-06-27T00:00:00+00:00,9486.5,9591.68,9213.55,9348.2,99788
2016-06-28T00:00:00+00:00,9348.2,9555.43,9348.2,9511.95,71162
2016-06-29T00:00:00+00:00,9511.95,9642.2,9503.78,9614.7,96537
2016-06-30T00:00:00+00:00,9614.7,9795.2,9512.7,9742.31,109010
2016-07-01T00:00:00+00:00,9742.31,9805.85,9657.35,9752.75,106164
2016-07-04T00:00:00+00:00,9752.75,9812.08,9698.05,9734.05,57263
2016-07-05T00:00:00+00:00,9734.05,9734.05,9464.6,9489.5,98931
2016-07-06T00:00:00+00:00,9489.5,9532.9,9302,9439.1,113237
2016-07-07T00:00:00+00:00,9439.1,9507.55,9362.55,9398.35,92742
2016-07-08T00:00:00+00:00,9398.35,9655.55,9368.9,9635.8,106692
2016-07-11T00:00:00+00:00,9635.8,9845.55,9635.8,9783.85,107756
2016-07-12T00:00:00+00:00,9783.85,10017.15,9783.85,9949.55,117425
2016-07-13T00:00:00+00:00,9949.55,10004.05,9898.55,9926.8,122734
2016-07-14T00:00:00+00:00,9926.8,10111.85,9926.8,10063.6,136930
2016-07-15T00:00:00+00:00,10063.6,10102.16,9976,10063.95,126711
2016-07-18T00:00:00+00:00,10063.95,10165.15,10011.55,10055.85,111682
2016-07-19T00:00:00+00:00,10055.85,10055.85,9911.36,9985.5,127530
2016-07-20T00:00:00+00:00,9985.5,10148.35,9985.5,10123.85,111215
2016-07-21T00:00:00+00:00,10123.85,10198.9,10088.55,10123.55,130135
2016-07-22T00:00:00+00:00,10123.55,10182.56,10069.65,10157.55,109275
2016-07-25T00:00:00+00:00,10157.55,10265.05,10114.85,10189.55,42579
2016-07-26T00:00:00+00:00,10189.55,10278.05,10146.35,10261.35,42212
2016-07-27T00:00:00+00:00,10261.35,10352.55,10261.35,10292.55,99424
2016-07-28T00:00:00+00:00,10292.55,10387.2,10265.55,10346.85,124248
2016-07-29T00:00:00+00:00,10346.85,10357.55,10286,10337.4,82499
2016-08-01T00:00:00+00:00,10337.4,10472.05,10274.55,10295.55,77880
2016-08-02T00:00:00+00:00,10295.55,10339.65,10114.9,10146.05,102436
2016-08-03T00:00:00+00:00,10146.05,10216.3,10092.55,10211.35,122753
2016-08-04T00:00:00+00:00,10211.35,10282.85,10179.5,10236,122950
2016-08-05T00:00:00+00:00,10236,10373.85,10212.26,10364.6,97466
2016-08-08T00:00:00+00:00,10364.6,10479.05,10364.6,10432.35,53901
2016-08-09T00:00:00+00:00,10432.35,10703.35,10411.8,10674.55,68963
2016-08-10T00:00:00+00:00,10674.55,10710.4,10634.05,10642.4,69988
2016-08-11T00:00:00+00:00,10642.4,10741.75,10631.8,10730.05,79051
2016-08-12T00:00:00+00:00,10730.05,10736.05,10683.35,10703.85,53065
2016-08-15T00:00:00+00:00,10703.85,10806.05,10703.85,10729.85,24571
2016-08-16T00:00:00+00:00,10729.85,10739.35,10632.35,10658.35,38362
2016-08-17T00:00:00+00:00,10658.35,10704.05,10513.55,10611.55,41564
2016-08-18T00:00:00+00:00,10611.55,10628.05,10547.35,10599.55,33127
2016-08-19T00:00:00+00:00,10599.55,10631.05,10490.35,10560.85,40218
2016-08-22T00:00:00+00:00,10560.85,10658.55,10386.35,10511.85,45595
2016-08-23T00:00:00+00:00,10511.85,10626.35,10509.35,10585.05,32325
2016-08-24T00:00:00+00:00,10585.05,10653.05,10514.35,10588.35,38705
2016-08-25T00:00:00+00:00,10588.35,10614.05,10467.85,10505.55,39421
2016-08-26T00:00:00+00:00,10505.55,10615.35,10454.05,10524.85,43458
2016-08-29T00:00:00+00:00,10524.85,10572.35,10437.85,10568.35,31931
2016-08-30T00:00:00+00:00,10568.35,10689.35,10568.35,10650.55,36631
2016-08-31T00:00:00+00:00,10650.55,10666.85,10553.85,10587.05,39911
2016-09-01T00:00:00+00:00,10587.05,10679.55,10491.35,10569.35,48471
2016-09-02T00:00:00+00:00,10569.35,10729.35,10514.35,10715.05,48478
2016-09-05T00:00:00+00:00,10715.05,10753.35,10672.55,10686.55,25686
2016-09-06T00:00:00+00:00,10686.55,10741.55,10655.05,10694.85,36128
2016-09-07T00:00:00+00:00,10694.85,10776.85,10657.35,10745.05,38392
2016-09-08T00:00:00+00:00,10745.05,10779.85,10565.35,10670.85,61753
2016-09-09T00:00:00+00:00,10670.85,10671.05,10475.05,10475.05,86399
2016-09-12T00:00:00+00:00,10475.05,10542.85,10319.85,10541.35,87729
2016-09-13T00:00:00+00:00,10541.35,10541.35,10351.35,10413.35,96405
2016-09-14T00:00:00+00:00,10413.35,10450.35,10346.55,10363.55,90283
2016-09-15T00:00:00+00:00,10363.55,10474.05,10333.35,10456.85,56710
2016-09-16T00:00:00+00:00,10456.85,10456.85,10244.35,10291.85,110123
2016-09-19T00:00:00+00:00,10291.85,10386.35,10291.85,10345.35,155504
2016-09-20T00:00:00+00:00,10345.35,10468.05,10345.35,10402.35,141809
2016-09-21T00:00:00+00:00,10402.35,10536.05,10402.35,10508.05,168421
2016-09-22T00:00:00+00:00,10508.05,10707.05,10491.85,10674.55,176120
2016-09-23T00:00:00+00:00,10674.55,10679.05,10604.85,10614.35,135059
2016-09-26T00:00:00+00:00,10614.35,10614.35,10380.55,10388.35,185976
2016-09-27T00:00:00+00:00,10388.35,10466.45,10263.55,10399.85,259235
2016-09-28T00:00:00+00:00,10399.85,10524.35,10371.85,10514.55,349273
2016-09-29T00:00:00+00:00,10514.55,10577.85,10256.35,10288.85,261302
2016-09-30T00:00:00+00:00,10288.85,10552.35,10182.35,10530.35,309971
2016-10-04T00:00:00+00:00,10530.35,10648.2,10488.85,10558.85,350853
2016-10-05T00:00:00+00:00,10558.85,10624.55,10484.85,10603.05,197069
2016-10-06T00:00:00+00:00,10603.05,10645.85,10535.35,10598.35,192926
2016-10-07T00:00:00+00:00,10598.35,10598.35,10446,10485,207567
2016-10-10T00:00:00+00:00,10485,10651.55,10450.35,10621.35,150831
2016-10-11T00:00:00+00:00,10621.35,10694.05,10546.05,10572.05,153925
2016-10-12T00:00:00+00:00,10572.05,10604.55,10501.35,10547.05,170554
2016-10-13T00:00:00+00:00,10547.05,10547.05,10346.85,10452.35,201400
2016-10-14T00:00:00+00:00,10452.35,10617.85,10441.85,10588.05,162068
2016-10-17T00:00:00+00:00,10588.05,10588.05,10487.55,10508.35,87394
2016-10-18T00:00:00+00:00,10508.35,10658.55,10508.35,10627.35,132456
2016-10-19T00:00:00+00:00,10627.35,10673.05,10587.85,10652.85,124996
2016-10-20T00:00:00+00:00,10652.85,10748.35,10589.55,10711.35,178452
2016-10-21T00:00:00+00:00,10711.35,10735.85,10669.85,10720.85,155822
2016-10-24T00:00:00+00:00,10720.85,10822.55,10703.35,10774.55,126495
2016-10-25T00:00:00+00:00,10774.55,10830.35,10741,10769.35,161653
2016-10-26T00:00:00+00:00,10769.35,10771.35,10630.55,10693.85,186075
2016-10-27T00:00:00+00:00,10693.85,10773.55,10644.85,10704.35,265156
2016-10-28T00:00:00+00:00,10704.35,10715.85,10576.85,10649.35,231874
2016-10-31T00:00:00+00:00,10649.35,10691.85,10631.4,10679.85,153908
2016-11-01T00:00:00+00:00,10679.85,10741.85,10455.35,10495.35,171001
2016-11-02T00:00:00+00:00,10495.35,10495.35,10332.35,10375.85,210067
2016-11-03T00:00:00+00:00,10375.85,10406.85,10294.35,10300.55,247066
2016-11-04T00:00:00+00:00,10300.55,10323.05,10200.85,10205.55,241197
2016-11-07T00:00:00+00:00,10205.55,10468.35,10205.55,10467.85,172694
2016-11-08T00:00:00+00:00,10467.85,10552.85,10412.35,10533.85,204436
2016-11-09T00:00:00+00:00,10533.85,10683.05,10024.85,10659.55,292992
2016-11-10T00:00:00+00:00,10659.55,10798.05,10573.85,10671.85,352894
2016-11-11T00:00:00+00:00,10671.85,10714.05,10585.35,10686.55,238178
2016-11-14T00:00:00+00:00,10686.55,10801.15,10668.35,10708.55,253406
2016-11-15T00:00:00+00:00,10708.55,10760.05,10663.35,10755,154113
2016-11-16T00:00:00+00:00,10755,10783.35,10608.35,10662.05,190789
2016-11-17T00:00:00+00:00,10662.05,10731.85,10603.35,10731.85,172872
2016-11-18T00:00:00+00:00,10731.85,10750.05,10648.35,10662.85,214555
2016-11-21T00:00:00+00:00,10662.85,10728.35,10592.35,10712.85,172857
2016-11-22T00:00:00+00:00,10712.85,10775.85,10700.85,10744.55,148777
2016-11-23T00:00:00+00:00,10744.55,10747.05,10601.35,10680.35,210296
2016-11-24T00:00:00+00:00,10680.35,10719.45,10651.3,10693.35,126180
2016-11-25T00:00:00+00:00,10693.35,10717.05,10649.85,10704.05,131254
2016-11-28T00:00:00+00:00,10704.05,10704.05,10553.8,10555.35,214309
2016-11-29T00:00:00+00:00,10555.35,10647.55,10539.05,10623.55,241765
2016-11-30T00:00:00+00:00,10623.55,10694.85,10603.95,10619.05,233988
2016-12-01T00:00:00+00:00,10619.05,10627.85,10479.35,10488.05,310846
2016-12-02T00:00:00+00:00,10488.05,10547.55,10402.85,10526.35,267114
2016-12-05T00:00:00+00:00,10526.35,10740.05,10422.85,10712.85,254610
2016-12-06T00:00:00+00:00,10712.85,10841.85,10666.85,10831.55,177203
2016-12-07T00:00:00+00:00,10831.55,11088.55,10831.55,11045.85,126829
2016-12-08T00:00:00+00:00,11045.85,11207.35,10986.85,11175.05,193638
2016-12-09T00:00:00+00:00,11175.05,11240.05,11145.85,11232.05,150794
2016-12-12T00:00:00+00:00,11232.05,11246.05,11142.05,11166.35,215346
2016-12-13T00:00:00+00:00,11166.35,11309.05,11166.35,11278.05,213444
2016-12-14T00:00:00+00:00,11278.05,11322.05,11222.35,11234.35,198985
2016-12-15T00:00:00+00:00,11234.35,11399.55,11234.35,11372.25,217382
2016-12-16T00:00:00+00:00,11372.25,11453.05,11353.05,11389.05,142199
2016-12-19T00:00:00+00:00,11389.05,11430.55,11375.85,11396.85,87790
2016-12-20T00:00:00+00:00,11396.85,11472.35,11396.85,11455.25,84846
2016-12-21T00:00:00+00:00,11455.25,11480.85,11442.15,11460.55,78635
2016-12-22T00:00:00+00:00,11460.55,11476.35,11426.05,11446.85,57701
2016-12-23T00:00:00+00:00,11446.85,11484.45,11404.9,11452.35,51277
2016-12-27T00:00:00+00:00,11452.35,11481.05,11423.85,11460.55,27226
2016-12-28T00:00:00+00:00,11460.55,11479.15,11431.35,11437.45,53889
2016-12-29T00:00:00+00:00,11437.45,11460.95,11410.95,11434.45,64413
2016-12-30T00:00:00+00:00,11434.45,11484.45,11400.75,11444,67185
2017-01-03T00:00:00+00:00,11444,11647.45,11444,11587.55,115483
2017-01-04T00:00:00+00:00,11587.55,11619,11530.35,11587.05,80658
2017-01-05T00:00:00+00:00,11587.05,11603.45,11532.05,11570.15,76584
2017-01-06T00:00:00+00:00,11570.15,11622.05,11544.15,11606,71954
2017-01-09T00:00:00+00:00,11606,11635.35,11522.65,11554.05,61584
2017-01-10T00:00:00+00:00,11554.05,11605.95,11544.75,11570.95,105182
2017-01-11T00:00:00+00:00,11570.95,11695.75,11523.65,11655.45,130328
2017-01-12T00:00:00+00:00,11655.45,11655.45,11492.65,11563.95,135774
2017-01-13T00:00:00+00:00,11563.95,11635.95,11556,11607.75,104285
2017-01-16T00:00:00+00:00,11607.75,11607.75,11529.2,11556.85,59873
2017-01-17T00:00:00+00:00,11556.85,11588.05,11425.85,11551,135066
2017-01-18T00:00:00+00:00,11551,11623.35,11531.05,11621.55,95930
2017-01-19T00:00:00+00:00,11621.55,11645.15,11559.85,11573.75,100858
2017-01-20T00:00:00+00:00,11573.75,11634.8,11546.3,11619.35,118723
2017-01-23T00:00:00+00:00,11619.35,11619.35,11508.15,11568.75,118878
2017-01-24T00:00:00+00:00,11568.75,11644.15,11540.15,11629.55,95362
2017-01-25T00:00:00+00:00,11629.55,11831.7,11629.55,11817.85,111230
2017-01-26T00:00:00+00:00,11817.85,11892.4,11817.85,11833.65,99568
2017-01-27T00:00:00+00:00,11833.65,11853.35,11799.85,11810.75,67164
2017-01-30T00:00:00+00:00,11810.75,11810.75,11661.15,11713.25,86774
2017-01-31T00:00:00+00:00,11713.25,11732.35,11533.1,11585.15,119485
2017-02-01T00:00:00+00:00,11585.15,11722.15,11585.15,11660.85,112115
2017-02-02T00:00:00+00:00,11660.85,11677.35,11594.75,11654.65,114815
2017-02-03T00:00:00+00:00,11654.65,11699.05,11624.35,11660.65,99081
2017-02-06T00:00:00+00:00,11660.65,11682.55,11480.25,11511.25,133522
2017-02-07T00:00:00+00:00,11511.25,11607.25,11463.35,11559,85076
2017-02-08T00:00:00+00:00,11559,11591.35,11478.8,11554,134569
2017-02-09T00:00:00+00:00,11554,11661.35,11545.9,11645,134622
2017-02-10T00:00:00+00:00,11645,11720.15,11643.4,11667,115638
2017-02-13T00:00:00+00:00,11667,11812.46,11665.85,11772.6,88213
2017-02-14T00:00:00+00:00,11772.6,11804.21,11751.55,11796,88917
2017-02-15T00:00:00+00:00,11796,11848.02,11722.67,11792.1,103295
2017-02-16T00:00:00+00:00,11792.1,11813.67,11726.5,11772,105427
2017-02-17T00:00:00+00:00,11772,11798.75,11691.55,11788.15,127361
2017-02-20T00:00:00+00:00,11788.15,11860.85,11788.15,11825.3,53436
2017-02-21T00:00:00+00:00,11825.3,11998.35,11798.42,11991.75,79845
2017-02-22T00:00:00+00:00,11991.75,12032.86,11968.05,12002.6,108613
2017-02-23T00:00:00+00:00,12002.6,12017.79,11927.85,11961.85,101946
2017-02-24T00:00:00+00:00,11961.85,11961.85,11719.35,11835.1,150958
2017-02-27T00:00:00+00:00,11835.1,11863.35,11792.15,11850.75,97742
2017-02-28T00:00:00+00:00,11850.75,11854.05,11780.15,11829.15,113194
2017-03-01T00:00:00+00:00,11829.15,12100.98,11829.15,12072.25,116369
2017-03-02T00:00:00+00:00,12072.25,12090.38,12039.85,12045.6,75693
2017-03-03T00:00:00+00:00,12045.6,12057.15,11990.45,12016,87640
2017-03-06T00:00:00+00:00,12016,12016,11919.05,11979.6,77049
2017-03-07T00:00:00+00:00,11979.6,11990.35,11933.35,11955.85,69642
2017-03-08T00:00:00+00:00,11955.85,12019.86,11917.25,11943.1,132194
2017-03-09T00:00:00+00:00,11943.1,12026.66,11917.85,11986.1,144336
2017-03-10T00:00:00+00:00,11986.1,12067.91,11932.85,11960,139587
2017-03-13T00:00:00+00:00,11960,12018.35,11947.4,12006.1,101789
2017-03-14T00:00:00+00:00,12006.1,12012.55,11929.05,11991.35,122371
2017-03-15T00:00:00+00:00,11991.35,12064.1,11978.55,12057.85,99754
2017-03-16T00:00:00+00:00,12057.85,12180.05,12045.85,12079.55,103020
2017-03-17T00:00:00+00:00,12079.55,12118.1,12017.35,12075.35,110462
2017-03-20T00:00:00+00:00,12075.35,12080.35,12026.82,12044.25,85545
2017-03-21T00:00:00+00:00,12044.25,12112.2,11892.8,11906.8,148696
2017-03-22T00:00:00+00:00,11906.8,11948.05,11849.05,11929.76,136654
2017-03-23T00:00:00+00:00,11929.76,12045.85,11893.55,12015.05,130595
2017-03-24T00:00:00+00:00,12015.05,12098.35,12007.22,12069.75,136139
2017-03-27T00:00:00+00:00,12069.75,12069.75,11914.4,12028.6,147058
2017-03-28T00:00:00+00:00,12028.6,12185.55,12028.6,12177.05,102966
2017-03-29T00:00:00+00:00,12177.05,12236.71,12163.05,12201.6,122150
2017-03-30T00:00:00+00:00,12201.6,12261.35,12193.15,12256.1,86628
2017-03-31T00:00:00+00:00,12256.1,12342.3,12217.1,12317.1,106999
2017-04-03T00:00:00+00:00,12317.1,12387.03,12209.35,12284.1,115675
2017-04-04T00:00:00+00:00,12284.1,12298.85,12227.26,12294.95,89921
2017-04-05T00:00:00+00:00,12294.95,12297.35,12171.55,12174.45,58945
2017-04-06T00:00:00+00:00,12174.45,12243.05,12114.35,12220.85,68956
2017-04-07T00:00:00+00:00,12220.85,12252.55,12141.15,12226.15,62787
2017-04-10T00:00:00+00:00,12226.15,12270.69,12174.05,12184.45,91675
2017-04-11T00:00:00+00:00,12184.45,12221.29,12043.55,12178.4,135179
2017-04-12T00:00:00+00:00,12178.4,12241.35,12118.75,12135.04,129098
2017-04-13T00:00:00+00:00,12135.04,12154.06,12064.45,12087,111246
2017-04-18T00:00:00+00:00,12087,12181.7,11955.31,11988.6,134293
2017-04-19T00:00:00+00:00,11988.6,12038.61,11966.5,11972.1,97212
2017-04-20T00:00:00+00:00,11972.1,12062.85,11941.56,12039.55,111030
2017-04-21T00:00:00+00:00,12039.55,12092.25,12007.9,12076.35,64730
2017-04-24T00:00:00+00:00,12076.35,12480.35,12076.35,12463.25,73081
2017-04-25T00:00:00+00:00,12463.25,12494.55,12436.85,12472.05,46452
2017-04-26T00:00:00+00:00,12472.05,12486.35,12425.85,12430.45,47856
2017-04-27T00:00:00+00:00,12430.45,12474.65,12422.55,12441.75,45536
2017-04-28T00:00:00+00:00,12441.75,12457.05,12404.25,12431.05,39994
2017-05-02T00:00:00+00:00,12431.05,12529.55,12426.7,12521.45,38870
2017-05-03T00:00:00+00:00,12521.45,12536.55,12475.9,12529.35,84282
2017-05-04T00:00:00+00:00,12529.35,12652.35,12529.35,12643.35,112835
2017-05-05T00:00:00+00:00,12643.35,12833.35,12595.35,12819.35,109471
2017-05-08T00:00:00+00:00,12819.35,12819.35,12657.35,12701.75,101058
2017-05-09T00:00:00+00:00,12701.75,12785.35,12701.75,12746.05,30019
2017-05-10T00:00:00+00:00,12746.05,12779.55,12709.35,12766.45,32695
2017-05-11T00:00:00+00:00,12766.45,12772.15,12658.55,12736.85,48465
2017-05-12T00:00:00+00:00,12736.85,12787.85,12706.55,12783.85,37397
2017-05-15T00:00:00+00:00,12783.85,12840.85,12723.85,12806.15,66824
2017-05-16T00:00:00+00:00,12806.15,12839.4,12770.85,12801.55,102474
2017-05-17T00:00:00+00:00,12801.55,12801.55,12544.85,12545.65,148048
2017-05-18T00:00:00+00:00,12545.65,12643.15,12493.3,12613.25,207517
2017-05-19T00:00:00+00:00,12613.25,12656.85,12590.85,12627.85,58101
2017-05-22T00:00:00+00:00,12627.85,12687.65,12566.55,12627.05,66277
2017-05-23T00:00:00+00:00,12627.05,12703.3,12584.25,12666.05,131697
2017-05-24T00:00:00+00:00,12666.05,12666.05,12612.35,12640.85,49667
2017-05-25T00:00:00+00:00,12640.85,12710.35,12537.85,12619.05,69291
2017-05-26T00:00:00+00:00,12619.05,12619.05,12528.05,12600.05,61487
2017-05-29T00:00:00+00:00,12600.05,12646.05,12575.85,12623.35,23565
2017-05-30T00:00:00+00:00,12623.35,12648.85,12563.35,12587.35,58777
2017-05-31T00:00:00+00:00,12587.35,12710.25,12575.35,12630.05,86163
2017-06-01T00:00:00+00:00,12630.05,12698.05,12616.85,12695.85,61594
2017-06-02T00:00:00+00:00,12695.85,12880.55,12695.85,12842.75,79628
2017-06-06T00:00:00+00:00,12842.75,12842.75,12651.35,12666.05,71320
2017-06-07T00:00:00+00:00,12666.05,12747.35,12635.85,12694.05,57434
2017-06-08T00:00:00+00:00,12694.05,12743.85,12671.35,12728.65,56202
2017-06-09T00:00:00+00:00,12728.65,12822.05,12698.85,12771.35,70132
2017-06-12T00:00:00+00:00,12771.35,12786.05,12661.85,12703.55,66488
2017-06-13T00:00:00+00:00,12703.55,12811.85,12695.15,12799.35,41750
2017-06-14T00:00:00+00:00,12799.35,12924.35,12779.05,12835.55,64697
2017-06-15T00:00:00+00:00,12835.55,12835.55,12614.85,12697.35,51950
2017-06-16T00:00:00+00:00,12697.35,12764.55,12697.35,12758.05,52652
2017-06-19T00:00:00+00:00,12758.05,12917.05,12758.05,12908.55,45251
2017-06-20T00:00:00+00:00,12908.55,12955.85,12781.35,12811.85,34791
2017-06-21T00:00:00+00:00,12811.85,12811.85,12706.85,12765.35,44444
2017-06-22T00:00:00+00:00,12765.35,12807.35,12713.35,12772.85,35709
2017-06-23T00:00:00+00:00,12772.85,12796.05,12674.55,12733.65,40193
2017-06-26T00:00:00+00:00,12733.65,12841.85,12733.65,12768.05,38265
2017-06-27T00:00:00+00:00,12768.05,12768.05,12587.85,12596.35,63691
2017-06-28T00:00:00+00:00,12596.35,12690.55,12535.25,12674.35,62827
2017-06-29T00:00:00+00:00,12674.35,12734.85,12348.35,12400.65,87357
2017-06-30T00:00:00+00:00,12400.65,12459.05,12310.15,12374.55,65939
2017-07-03T00:00:00+00:00,12374.55,12486.55,12374.55,12440.85,43956
2017-07-04T00:00:00+00:00,12440.85,12482.95,12412.35,12443.35,28997
2017-07-05T00:00:00+00:00,12443.35,12498.35,12401.85,12481.75,50173
2017-07-06T00:00:00+00:00,12481.75,12490.35,12310.85,12347.05,62322
2017-07-07T00:00:00+00:00,12347.05,12423.55,12332.35,12417.55,43679
2017-07-10T00:00:00+00:00,12417.55,12482.05,12400.85,12452.75,35872
2017-07-11T00:00:00+00:00,12452.75,12538.35,12410.85,12481.15,47848
2017-07-12T00:00:00+00:00,12481.15,12655.35,12451.55,12632.55,51938
2017-07-13T00:00:00+00:00,12632.55,12676.25,12609.85,12650.73,47644
2017-07-14T00:00:00+00:00,12650.73,12663.35,12572.85,12647.35,39385
2017-07-17T00:00:00+00:00,12647.35,12672.85,12537.35,12580.25,39381
2017-07-18T00:00:00+00:00,12580.25,12580.25,12379.85,12437.85,54752
2017-07-19T00:00:00+00:00,12437.85,12487.85,12414.25,12480.85,42236
2017-07-20T00:00:00+00:00,12480.85,12573.45,12388.33,12446.35,71860
2017-07-21T00:00:00+00:00,12446.35,12463.55,12187.75,12251.35,84642
2017-07-24T00:00:00+00:00,12251.35,12254.05,12139.15,12247.55,61762
2017-07-25T00:00:00+00:00,12247.55,12300.25,12208.75,12264.55,60675
2017-07-26T00:00:00+00:00,12264.55,12342.35,12239.35,12259.05,58152
2017-07-27T00:00:00+00:00,12259.05,12294.05,12144.75,12189.05,77438
2017-07-28T00:00:00+00:00,12189.05,12189.05,12094.85,12172.45,62790
2017-07-31T00:00:00+00:00,12172.45,12209.55,12082.75,12096.85,51735
2017-08-01T00:00:00+00:00,12096.85,12303.05,12087.55,12251.85,62211
2017-08-02T00:00:00+00:00,12251.85,12280.55,12150.55,12183.85,68733
2017-08-03T00:00:00+00:00,12183.85,12183.85,12094.75,12140.85,49323
2017-08-04T00:00:00+00:00,12140.85,12323.85,12123.25,12291.25,55728
2017-08-07T00:00:00+00:00,12291.25,12337.35,12222.75,12249.85,40299
2017-08-08T00:00:00+00:00,12249.85,12331.35,12183.85,12238.85,52147
2017-08-09T00:00:00+00:00,12238.85,12238.85,12097.35,12176.85,82432
2017-08-10T00:00:00+00:00,12176.85,12176.85,11948.97,11957.05,89652
2017-08-11T00:00:00+00:00,11957.05,12049.85,11935.35,11999.05,82455
2017-08-14T00:00:00+00:00,11999.05,12197.55,11999.05,12162.85,51062
2017-08-15T00:00:00+00:00,12162.85,12236.85,12156.01,12201.35,56665
2017-08-16T00:00:00+00:00,12201.35,12301.55,12194.65,12233.35,54230
2017-08-17T00:00:00+00:00,12233.35,12292.65,12120.85,12121.45,67257
2017-08-18T00:00:00+00:00,12121.45,12199.05,12080.45,12161.85,75391
2017-08-21T00:00:00+00:00,12161.85,12163.55,12018.85,12072.55,60077
2017-08-22T00:00:00+00:00,12072.55,12255.05,12072.55,12253.85,56434
2017-08-23T00:00:00+00:00,12253.85,12272.05,12154.89,12186.15,57679
2017-08-24T00:00:00+00:00,12186.15,12259.35,12169.85,12180.05,52183
2017-08-25T00:00:00+00:00,12180.05,12252.35,12130.85,12171.85,48353
2017-08-28T00:00:00+00:00,12171.85,12177.05,12063.85,12131.05,38224
2017-08-29T00:00:00+00:00,12131.05,12131.05,11866.55,11986.85,70915
2017-08-30T00:00:00+00:00,11986.85,12043.05,11986.85,12025.05,44830
2017-08-31T00:00:00+00:00,12025.05,12118.55,12025.05,12064.85,46158
2017-09-01T00:00:00+00:00,12064.85,12194.85,12064.85,12150.35,46496
2017-09-04T00:00:00+00:00,12150.35,12150.35,12035.95,12126.35,32404
2017-09-05T00:00:00+00:00,12126.35,12214.85,12043.85,12072.35,64252
2017-09-06T00:00:00+00:00,12072.35,12306.35,12055.85,12285.25,66112
2017-09-07T00:00:00+00:00,12285.25,12370.35,12265.05,12321.45,71039
2017-09-08T00:00:00+00:00,12321.45,12323.75,12243.05,12289.65,52825
2017-09-11T00:00:00+00:00,12289.65,12509.05,12289.65,12492.85,41104
2017-09-12T00:00:00+00:00,12492.85,12559.35,12492.85,12515.35,40809
2017-09-13T00:00:00+00:00,12515.35,12567.85,12476.45,12547.35,37162
2017-09-14T00:00:00+00:00,12547.35,12557.35,12498.35,12545.85,32266
2017-09-15T00:00:00+00:00,12545.85,12563.55,12506.55,12533.35,39975
2017-09-18T00:00:00+00:00,12533.35,12615.85,12533.35,12559.35,37816
2017-09-19T00:00:00+00:00,12559.35,12576.55,12525.55,12556.55,43261
2017-09-20T00:00:00+00:00,12556.55,12640.15,12515.55,12637.85,50186
2017-09-21T00:00:00+00:00,12637.85,12637.85,12581.25,12596.35,47131
2017-09-22T00:00:00+00:00,12596.35,12647.85,12557.55,12613.35,49762
2017-09-25T00:00:00+00:00,12613.35,12635.55,12551.55,12574.05,58612
2017-09-26T00:00:00+00:00,12574.05,12631.05,12551.55,12598.85,48739
2017-09-27T00:00:00+00:00,12598.85,12703.85,12598.85,12679.85,52187
2017-09-28T00:00:00+00:00,12679.85,12725.55,12664.05,12716.85,45391
2017-09-29T00:00:00+00:00,12716.85,12848.55,12716.85,12844.05,48563
2017-10-02T00:00:00+00:00,12844.05,12916.05,12844.05,12911.05,42253
2017-10-04T00:00:00+00:00,12911.05,12982.85,12893.35,12942.85,59055
2017-10-05T00:00:00+00:00,12942.85,12988.55,12932.65,12983.05,54729
2017-10-06T00:00:00+00:00,12983.05,12993.65,12940.95,12969.05,49731
2017-10-09T00:00:00+00:00,12969.05,12997.65,12936.05,12943.35,41275
2017-10-10T00:00:00+00:00,12943.35,12982.85,12907.85,12959.85,62395
2017-10-11T00:00:00+00:00,12959.85,12985.25,12924.55,12973.35,47929
2017-10-12T00:00:00+00:00,12973.35,13003.95,12943.05,12976.85,44054
2017-10-13T00:00:00+00:00,12976.85,13039.95,12963.85,12994.85,50058
2017-10-16T00:00:00+00:00,12994.85,13028.25,12978.85,13000.35,48209
2017-10-17T00:00:00+00:00,13000.35,13034.5,12967.35,13008.05,49982
2017-10-18T00:00:00+00:00,13008.05,13097.05,13003.15,13056.95,54585
2017-10-19T00:00:00+00:00,13056.95,13056.95,12909.65,12993.85,88472
2017-10-20T00:00:00+00:00,12993.85,13064.75,12954.35,12988.35,60101
2017-10-23T00:00:00+00:00,12988.35,13070.05,12972.35,12984.55,61672
2017-10-24T00:00:00+00:00,12984.55,13056.95,12982.05,13016.85,67434
2017-10-25T00:00:00+00:00,13016.85,13048.55,12913.35,12969.35,95341
2017-10-26T00:00:00+00:00,12969.35,13169.25,12940.55,13159.05,99274
2017-10-27T00:00:00+00:00,13159.05,13251.55,13159.05,13218.85,71491
2017-10-30T00:00:00+00:00,13218.85,13255.55,13206.75,13231.05,40306
2017-11-01T00:00:00+00:00,13231.05,13492.05,13231.05,13469.05,62915
2017-11-02T00:00:00+00:00,13469.05,13472.85,13406.45,13470.45,54635
2017-11-03T00:00:00+00:00,13470.45,13506.05,13426.95,13479.55,50660
2017-11-06T00:00:00+00:00,13479.55,13484.05,13440.35,13471.85,43802
2017-11-07T00:00:00+00:00,13471.85,13534.55,13339.05,13371.55,70779
2017-11-08T00:00:00+00:00,13371.55,13421.45,13345.35,13392.35,64296
2017-11-09T00:00:00+00:00,13392.35,13403.65,13107.15,13187.05,121205
2017-11-10T00:00:00+00:00,13187.05,13219.05,13110.25,13127.05,81310
2017-11-13T00:00:00+00:00,13127.05,13164.55,12960.85,13109.05,74282
2017-11-14T00:00:00+00:00,13109.05,13139.35,13000.45,13038.35,74183
2017-11-15T00:00:00+00:00,13038.35,13038.35,12846.55,12957.85,88843
2017-11-16T00:00:00+00:00,12957.85,13097.35,12957.85,13085.85,58092
2017-11-17T00:00:00+00:00,13085.85,13090.35,12967.05,12978.05,61416
2017-11-20T00:00:00+00:00,12978.05,13087.35,12856.85,13053.85,71838
2017-11-21T00:00:00+00:00,13053.85,13211.55,13024.35,13174.25,63836
2017-11-22T00:00:00+00:00,13174.25,13193.35,12965.55,12976.85,72852
2017-11-23T00:00:00+00:00,12976.85,13051.05,12904.55,13007.55,57178
2017-11-24T00:00:00+00:00,13007.55,13163.35,12978.75,13067.35,65115
2017-11-27T00:00:00+00:00,13067.35,13119.35,12987.65,13011.05,78781
2017-11-28T00:00:00+00:00,13011.05,13132.05,12966.35,13117.55,79204
2017-11-29T00:00:00+00:00,13117.55,13198.85,13032.35,13060.85,84486
2017-11-30T00:00:00+00:00,13060.85,13180.85,13022.55,13047.85,91103
2017-12-01T00:00:00+00:00,13047.85,13075.05,12810.75,12945.95,125917
2017-12-04T00:00:00+00:00,12945.95,13121.55,12945.95,13031.95,87152
2017-12-05T00:00:00+00:00,13031.95,13093.95,12958.35,13005.75,113697
2017-12-06T00:00:00+00:00,13005.75,13035.15,12861.25,13000.75,104130
2017-12-07T00:00:00+00:00,13000.75,13106.55,12986.55,13095.65,81119
2017-12-08T00:00:00+00:00,13095.65,13243.55,13095.65,13162.45,70949
2017-12-11T00:00:00+00:00,13162.45,13204.55,13112.35,13153.65,59322
2017-12-12T00:00:00+00:00,13153.65,13186.05,13077.65,13170.75,55077
2017-12-13T00:00:00+00:00,13170.75,13189.85,13068.55,13075.55,55691
2017-12-14T00:00:00+00:00,13075.55,13161.85,13007.05,13029.55,68401
2017-12-15T00:00:00+00:00,13029.55,13138.85,13004.25,13121.05,63569
2017-12-18T00:00:00+00:00,13121.05,13335.85,13121.05,13312.25,67859
2017-12-19T00:00:00+00:00,13312.25,13338.85,13203.8,13237.35,53592
2017-12-20T00:00:00+00:00,13237.35,13256.85,13021.35,13070.95,94556
2017-12-21T00:00:00+00:00,13070.95,13139.55,13011.45,13070.95,65953
2017-12-22T00:00:00+00:00,13070.95,13106.35,13049.05,13077,34640
2017-12-27T00:00:00+00:00,13077,13132.35,13016.05,13059.85,49928
2017-12-28T00:00:00+00:00,13059.85,13069.85,12961.9,12985.35,40324
2017-12-29T00:00:00+00:00,12985.35,13000.55,12825.95,12860.05,47342
2018-01-02T00:00:00+00:00,12860.05,12943.35,12736.22,12887.66,109090
2018-01-03T00:00:00+00:00,12887.66,13023.55,12887.66,13011.97,93920
2018-01-04T00:00:00+00:00,13011.97,13208.55,13011.97,13162.91,101298
2018-01-05T00:00:00+00:00,13162.91,13345.16,13162.91,13336.16,100251
2018-01-08T00:00:00+00:00,13336.16,13414.35,13333.25,13368.97,82422
2018-01-09T00:00:00+00:00,13368.97,13426.86,13356.05,13388.01,80999
2018-01-10T00:00:00+00:00,13388.01,13388.01,13224.17,13268.01,124316
2018-01-11T00:00:00+00:00,13268.01,13303.16,13147.92,13243.01,101182
2018-01-12T00:00:00+00:00,13243.01,13264.26,13163.16,13237.72,93045
2018-01-15T00:00:00+00:00,13237.72,13268.05,13169.55,13195.03,69921
2018-01-16T00:00:00+00:00,13195.03,13351.11,13128.76,13153.01,129574
2018-01-17T00:00:00+00:00,13153.01,13256.41,13133.26,13234.91,84941
2018-01-18T00:00:00+00:00,13234.91,13305.86,13198.06,13284.25,94017
2018-01-19T00:00:00+00:00,13284.25,13473.77,13257.65,13464.4,89223
2018-01-22T00:00:00+00:00,13464.4,13519.22,13408.6,13506.3,62681
2018-01-23T00:00:00+00:00,13506.3,13600.91,13506.3,13573.65,88100
2018-01-24T00:00:00+00:00,13573.65,13577.66,13372.1,13426.9,103939
2018-01-25T00:00:00+00:00,13426.9,13447.76,13219.86,13319.5,124181
2018-01-26T00:00:00+00:00,13319.5,13390.15,13263.6,13388.8,84276
2018-01-29T00:00:00+00:00,13388.8,13388.8,13272.21,13309.8,79956
2018-01-30T00:00:00+00:00,13309.8,13313.16,13171.86,13198.4,135341
2018-01-31T00:00:00+00:00,13198.4,13270.66,13159.35,13200.2,99884
2018-02-01T00:00:00+00:00,13200.2,13299.01,12933,12964.8,143626
2018-02-02T00:00:00+00:00,12964.8,12989.41,12693.7,12708.7,212849
2018-02-05T00:00:00+00:00,12708.7,12752.52,12142.1,12264.3,212653
2018-02-06T00:00:00+00:00,12264.3,12647.45,12075.65,12642.5,248286
2018-02-07T00:00:00+00:00,12642.5,12648.83,12409.75,12531.35,189060
2018-02-08T00:00:00+00:00,12531.35,12548.27,12129.9,12129.9,214616
2018-02-09T00:00:00+00:00,12129.9,12295.05,11905.3,12215,242335
2018-02-12T00:00:00+00:00,12215,12378.38,12215,12347.3,174659
2018-02-13T00:00:00+00:00,12347.3,12347.3,12180.61,12252.05,144054
2018-02-14T00:00:00+00:00,12252.05,12442.33,12068.9,12414.3,156926
2018-02-15T00:00:00+00:00,12414.3,12481.16,12271.75,12356.9,138955
2018-02-16T00:00:00+00:00,12356.9,12534.91,12356.9,12485.6,154736
2018-02-19T00:00:00+00:00,12485.6,12534.36,12358.71,12393.3,61295
2018-02-20T00:00:00+00:00,12393.3,12505.27,12331.41,12431.3,115905
2018-02-21T00:00:00+00:00,12431.3,12512.27,12366.51,12394.3,134761
2018-02-22T00:00:00+00:00,12394.3,12500.16,12278.1,12425.6,158236
2018-02-23T00:00:00+00:00,12425.6,12551.29,12425.6,12544.15,111958
2018-02-26T00:00:00+00:00,12544.15,12603.27,12482.55,12584.6,106606
2018-02-27T00:00:00+00:00,12584.6,12584.6,12425.35,12430.8,173214
2018-02-28T00:00:00+00:00,12430.8,12519.41,12362.35,12366.8,159943
2018-03-01T00:00:00+00:00,12366.8,12402.66,12011.37,12064.8,248602
2018-03-02T00:00:00+00:00,12064.8,12104.86,11874.56,12000,240848
2018-03-05T00:00:00+00:00,12000,12184.47,11730.28,12170.9,190046
2018-03-06T00:00:00+00:00,12170.9,12274.96,12105.86,12159.3,161433
2018-03-07T00:00:00+00:00,12159.3,12280.27,11971.22,12246.5,178519
2018-03-08T00:00:00+00:00,12246.5,12387.77,12178.41,12340.5,140153
2018-03-09T00:00:00+00:00,12340.5,12413.86,12286.95,12375.9,128317
2018-03-12T00:00:00+00:00,12375.9,12481.38,12361.85,12404.05,110885
2018-03-13T00:00:00+00:00,12404.05,12466.09,12120.13,12158.8,186660
2018-03-14T00:00:00+00:00,12158.8,12328.3,12158.8,12261.4,177666
2018-03-15T00:00:00+00:00,12261.4,12388.9,12242.34,12387.4,110562
2018-03-16T00:00:00+00:00,12387.4,12458.77,12340.09,12396.77,141102
2018-03-19T00:00:00+00:00,12396.77,12396.77,12159.78,12248.3,209436
2018-03-20T00:00:00+00:00,12248.3,12349.73,12190.03,12345.4,171627
2018-03-21T00:00:00+00:00,12345.4,12373.88,12218.36,12263.15,180119
2018-03-22T00:00:00+00:00,12263.15,12272.88,11972.83,11990.55,301790
2018-03-23T00:00:00+00:00,11990.55,12005.4,11756.6,11779.4,270340
2018-03-26T00:00:00+00:00,11779.4,11984.7,11702.58,11918.8,180916
2018-03-27T00:00:00+00:00,11918.8,12044.01,11802.35,11852.9,239706
2018-03-28T00:00:00+00:00,11852.9,12014.57,11769.78,11942.69,320530
2018-03-29T00:00:00+00:00,11942.69,12164.33,11927.25,12120.89,152713
2018-04-03T00:00:00+00:00,12120.89,12120.89,11910.31,12056.73,217864
2018-04-04T00:00:00+00:00,12056.73,12079.9,11791.17,12070.6,250412
2018-04-05T00:00:00+00:00,12070.6,12328.96,12070.6,12283.09,219446
2018-04-06T00:00:00+00:00,12283.09,12295.63,12150.9,12185.41,278612
2018-04-09T00:00:00+00:00,12185.41,12377.27,12185.41,12237.65,198340
2018-04-10T00:00:00+00:00,12237.65,12432.13,12237.65,12383.41,245661
2018-04-11T00:00:00+00:00,12383.41,12395.45,12255.35,12280.29,196446
2018-04-12T00:00:00+00:00,12280.29,12440.16,12264.25,12431.8,119416
2018-04-13T00:00:00+00:00,12431.8,12530.91,12399.6,12451.57,184015
2018-04-16T00:00:00+00:00,12451.57,12505.03,12381.05,12420.4,160472
2018-04-17T00:00:00+00:00,12420.4,12624.53,12420.4,12587.1,124780
2018-04-18T00:00:00+00:00,12587.1,12646.61,12552.83,12597.3,104423
2018-04-19T00:00:00+00:00,12597.3,12626.47,12532.41,12560.3,130803
2018-04-20T00:00:00+00:00,12560.3,12594.16,12495.73,12531.09,102364
2018-04-23T00:00:00+00:00,12531.09,12595.29,12467.11,12571.25,131065
2018-04-24T00:00:00+00:00,12571.25,12654.12,12382.77,12445.77,190635
2018-04-25T00:00:00+00:00,12445.77,12491.57,12315.6,12449.65,239289
2018-04-26T00:00:00+00:00,12449.65,12581.65,12384.68,12561.97,204658
2018-04-27T00:00:00+00:00,12561.97,12634.37,12522.26,12590.29,181740
2018-04-30T00:00:00+00:00,12590.29,12627.65,12557.35,12569.85,174746
2018-05-02T00:00:00+00:00,12569.85,12837.12,12569.85,12789.57,165146
2018-05-03T00:00:00+00:00,12789.57,12808.71,12673.08,12747.2,163607
2018-05-04T00:00:00+00:00,12747.2,12856.41,12712.23,12840.55,181499
2018-05-07T00:00:00+00:00,12840.55,12966.31,12812.55,12927.89,129907
2018-05-08T00:00:00+00:00,12927.89,12950.55,12855.57,12937.97,196761
2018-05-09T00:00:00+00:00,12937.97,12997.36,12890.23,12978.25,138058
2018-05-10T00:00:00+00:00,12978.25,13032.36,12923.21,13028.09,140586
2018-05-11T00:00:00+00:00,13028.09,13044.88,12958.51,12986.49,136863
2018-05-14T00:00:00+00:00,12986.49,13030.33,12923.23,12969.65,109188
2018-05-15T00:00:00+00:00,12969.65,13007.81,12914.34,12991.33,153435
2018-05-16T00:00:00+00:00,12991.33,13031.95,12958.56,13017.45,143417
2018-05-17T00:00:00+00:00,13017.45,13122.25,12973.25,13104.89,151135
2018-05-18T00:00:00+00:00,13104.89,13134.03,13043.05,13070.77,121695
2018-05-22T00:00:00+00:00,13070.77,13202.44,13054.52,13157.53,150541
2018-05-23T00:00:00+00:00,13157.53,13157.53,12925.02,13003.37,203594
2018-05-24T00:00:00+00:00,13003.37,13003.37,12794.82,12887.09,200326
2018-05-25T00:00:00+00:00,12887.09,12996.53,12846.78,12929.53,183718
2018-05-28T00:00:00+00:00,12929.53,13034.13,12819,12856.18,104555
2018-05-29T00:00:00+00:00,12856.18,12856.18,12570.15,12640.37,261811
2018-05-30T00:00:00+00:00,12640.37,12825.96,12633.81,12804.05,173721
2018-05-31T00:00:00+00:00,12804.05,12804.05,12536.87,12628.01,195742
2018-06-01T00:00:00+00:00,12628.01,12793.41,12627.33,12742.93,156978
2018-06-04T00:00:00+00:00,12742.93,12837.57,12705.4,12779.21,129956
2018-06-05T00:00:00+00:00,12779.21,12920.16,12743.76,12763.45,164081
2018-06-06T00:00:00+00:00,12763.45,12894.01,12720.13,12891.93,162096
2018-06-07T00:00:00+00:00,12891.93,12910.87,12658.37,12713.69,186937
2018-06-08T00:00:00+00:00,12713.69,12804.73,12601.81,12785.29,193266
2018-06-11T00:00:00+00:00,12785.29,12892.69,12737.2,12875.81,123729
2018-06-12T00:00:00+00:00,12875.81,12949.7,12812.9,12842.97,140663
2018-06-13T00:00:00+00:00,12842.97,12906.42,12775.25,12857.53,156360
2018-06-14T00:00:00+00:00,12857.53,13179.49,12797.2,13140.6,104153
2018-06-15T00:00:00+00:00,13140.6,13164.75,12995.41,13056.05,129209
2018-06-18T00:00:00+00:00,13056.05,13056.05,12780.85,12851.93,142156
2018-06-19T00:00:00+00:00,12851.93,12851.93,12587.6,12720.17,168715
2018-06-20T00:00:00+00:00,12720.17,12759.75,12665.69,12701.05,155179
2018-06-21T00:00:00+00:00,12701.05,12717.8,12444.95,12480.09,211570
2018-06-22T00:00:00+00:00,12480.09,12601.61,12480.09,12551.01,156625
2018-06-25T00:00:00+00:00,12551.01,12551.01,12249.45,12289.13,220583
2018-06-26T00:00:00+00:00,12289.13,12355.75,12183.49,12292.8,157974
2018-06-27T00:00:00+00:00,12292.8,12440.65,12123.65,12276.77,251298
2018-06-28T00:00:00+00:00,12276.77,12374.57,12102.05,12222.53,246168
2018-06-29T00:00:00+00:00,12222.53,12382.37,12222.53,12283.89,195033
2018-07-02T00:00:00+00:00,12283.89,12306.1,12129.13,12295.93,195293
2018-07-03T00:00:00+00:00,12295.93,12425.77,12274.49,12304.57,157584
2018-07-04T00:00:00+00:00,12304.57,12347.6,12278.65,12331.15,83953
2018-07-05T00:00:00+00:00,12331.15,12514.3,12303.4,12475.5,166970
2018-07-06T00:00:00+00:00,12475.5,12552.05,12421.41,12494.49,156740
2018-07-09T00:00:00+00:00,12494.49,12568,12484.21,12562.69,100217
2018-07-10T00:00:00+00:00,12562.69,12636.7,12524.73,12601.05,105307
2018-07-11T00:00:00+00:00,12601.05,12601.05,12384.57,12415.61,136672
2018-07-12T00:00:00+00:00,12415.61,12510.9,12403.09,12504.89,112240
2018-07-13T00:00:00+00:00,12504.89,12579.61,12493.5,12544.13,125274
2018-07-16T00:00:00+00:00,12544.13,12601.05,12499.21,12574.85,95023
2018-07-17T00:00:00+00:00,12574.85,12728.57,12513.77,12701.73,118196
2018-07-18T00:00:00+00:00,12701.73,12774.53,12695.15,12750.61,95925
2018-07-19T00:00:00+00:00,12750.61,12755.3,12654.3,12681.49,111934
2018-07-20T00:00:00+00:00,12681.49,12705.29,12462.85,12539.57,154992
2018-07-23T00:00:00+00:00,12539.57,12592.25,12483.5,12571.49,118937
2018-07-24T00:00:00+00:00,12571.49,12751.85,12571.49,12673.69,153233
2018-07-25T00:00:00+00:00,12673.69,12742.97,12532.69,12717.53,144315
2018-07-26T00:00:00+00:00,12717.53,12831.17,12677.4,12801.81,157525
2018-07-27T00:00:00+00:00,12801.81,12885.9,12788.9,12820.01,177138
2018-07-30T00:00:00+00:00,12820.01,12846.53,12764.17,12777.01,129453
2018-07-31T00:00:00+00:00,12777.01,12859.8,12733.1,12809.41,138222
2018-08-01T00:00:00+00:00,12809.41,12836.95,12694.45,12727.09,147086
2018-08-02T00:00:00+00:00,12727.09,12727.09,12490.5,12604.93,177964
2018-08-03T00:00:00+00:00,12604.93,12645.93,12558.49,12637.21,121962
2018-08-06T00:00:00+00:00,12637.21,12714.49,12532.75,12602.81,129419
2018-08-07T00:00:00+00:00,12602.81,12737.85,12602.81,12659.53,125674
2018-08-08T00:00:00+00:00,12659.53,12702.89,12583.73,12607.65,130938
2018-08-09T00:00:00+00:00,12607.65,12696.95,12571.35,12675.69,150457
2018-08-10T00:00:00+00:00,12675.69,12675.69,12380.15,12410.13,207133
2018-08-13T00:00:00+00:00,12410.13,12410.13,12318.9,12349.45,180941
2018-08-14T00:00:00+00:00,12349.45,12460.17,12289,12411.21,149494
2018-08-15T00:00:00+00:00,12411.21,12429.81,12107.15,12162.33,225537
2018-08-16T00:00:00+00:00,12162.33,12271.93,12162.33,12226.21,133774
2018-08-17T00:00:00+00:00,12226.21,12252.97,12129.9,12229.9,131893
2018-08-20T00:00:00+00:00,12229.9,12373,12229.9,12312.9,109044
2018-08-21T00:00:00+00:00,12312.9,12431.06,12305.65,12382.85,102543
2018-08-22T00:00:00+00:00,12382.85,12439.65,12331.76,12373.25,109802
2018-08-23T00:00:00+00:00,12373.25,12411.33,12349.6,12359.3,115115
2018-08-24T00:00:00+00:00,12359.3,12445.95,12340.45,12399.89,105166
2018-08-27T00:00:00+00:00,12399.89,12562.41,12399.89,12551.41,95734
2018-08-28T00:00:00+00:00,12551.41,12596.7,12514.45,12532.41,110971
2018-08-29T00:00:00+00:00,12532.41,12574.33,12495.1,12570.37,171546
2018-08-30T00:00:00+00:00,12570.37,12570.37,12397.35,12450.2,207724
2018-08-31T00:00:00+00:00,12450.2,12468.93,12312,12349.69,190433
2018-09-03T00:00:00+00:00,12349.69,12361.2,12300.7,12339.7,82265
2018-09-04T00:00:00+00:00,12339.7,12404.01,12164.55,12225.25,219836
2018-09-05T00:00:00+00:00,12225.25,12225.25,12037.45,12062.93,271409
2018-09-06T00:00:00+00:00,12062.93,12096.01,11939.8,11988.33,235844
2018-09-07T00:00:00+00:00,11988.33,11993.33,11890.29,11944.45,232939
2018-09-10T00:00:00+00:00,11944.45,12043.37,11931.85,12001.97,177110
2018-09-11T00:00:00+00:00,12001.97,12026.1,11864.6,11997.61,198698
2018-09-12T00:00:00+00:00,11997.61,12049.81,11953,12010.97,214101
2018-09-13T00:00:00+00:00,12010.97,12129.57,12002.1,12083.29,235615
2018-09-14T00:00:00+00:00,12083.29,12135.1,12074.8,12122.33,174781
2018-09-17T00:00:00+00:00,12122.33,12125.85,12038.8,12055.33,186439
2018-09-18T00:00:00+00:00,12055.33,12184.1,12053.1,12171.21,183803
2018-09-19T00:00:00+00:00,12171.21,12241.1,12153.65,12223.13,164110
2018-09-20T00:00:00+00:00,12223.13,12366.89,12202.53,12354.09,115661
2018-09-21T00:00:00+00:00,12354.09,12462.4,12354.09,12409.97,163648
2018-09-24T00:00:00+00:00,12409.97,12412.65,12343.81,12353.25,161256
2018-09-25T00:00:00+00:00,12353.25,12421.37,12320.6,12375.05,164534
2018-09-26T00:00:00+00:00,12375.05,12420.9,12326.5,12342.37,147103
2018-09-27T00:00:00+00:00,12342.37,12455.93,12269.65,12411.01,164475
2018-09-28T00:00:00+00:00,12411.01,12431.65,12186.75,12227.05,183095
2018-10-01T00:00:00+00:00,12227.05,12370.49,12227.05,12310.41,185186
2018-10-02T00:00:00+00:00,12310.41,12310.41,12198,12275.93,215457
2018-10-04T00:00:00+00:00,12275.93,12343.3,12168.3,12224.49,273029
2018-10-05T00:00:00+00:00,12224.49,12249.15,12053.45,12098.61,272957
2018-10-08T00:00:00+00:00,12098.61,12122,11899.25,11978.21,226315
2018-10-09T00:00:00+00:00,11978.21,12005.05,11799.85,11962.41,253661
2018-10-10T00:00:00+00:00,11962.41,11993.95,11618.15,11666.01,316537
2018-10-11T00:00:00+00:00,11666.01,11698.21,11394,11499.25,427072
2018-10-12T00:00:00+00:00,11499.25,11706.75,11423.85,11568.53,324209
2018-10-15T00:00:00+00:00,11568.53,11648.65,11442,11614.17,300429
2018-10-16T00:00:00+00:00,11614.17,11815.45,11601.85,11803.93,239068
2018-10-17T00:00:00+00:00,11803.93,11845.3,11665.45,11735.85,315749
2018-10-18T00:00:00+00:00,11735.85,11789.89,11486.6,11532.65,386559
2018-10-19T00:00:00+00:00,11532.65,11622.05,11497.25,11548.89,377531
2018-10-22T00:00:00+00:00,11548.89,11676.65,11492.05,11528.45,270172
2018-10-23T00:00:00+00:00,11528.45,11528.45,11225.65,11389.29,383420
2018-10-24T00:00:00+00:00,11389.29,11393.01,11049.8,11064.29,429158
2018-10-25T00:00:00+00:00,11064.29,11369.05,11064.29,11305.17,328630
2018-10-26T00:00:00+00:00,11305.17,11305.17,11047.35,11196.37,483422
2018-10-29T00:00:00+00:00,11196.37,11443.13,11152.25,11254.25,360559
2018-10-30T00:00:00+00:00,11254.25,11430.5,11203.85,11386.15,384855
2018-10-31T00:00:00+00:00,11386.15,11497.05,11386.15,11422.1,293404
2018-11-01T00:00:00+00:00,11422.1,11568.5,11402.85,11479.4,286534
2018-11-02T00:00:00+00:00,11479.4,11685.35,11479.4,11549.97,319560
2018-11-05T00:00:00+00:00,11549.97,11553.25,11470.35,11503.81,167514
2018-11-06T00:00:00+00:00,11503.81,11543.95,11430.75,11534.89,231047
2018-11-07T00:00:00+00:00,11534.89,11655.17,11506.15,11651.89,233818
2018-11-08T00:00:00+00:00,11651.89,11651.89,11490.35,11514.85,225315
2018-11-09T00:00:00+00:00,11514.85,11551.35,11413.35,11537.05,270615
2018-11-12T00:00:00+00:00,11537.05,11596.25,11296.85,11302.45,308011
2018-11-13T00:00:00+00:00,11302.45,11492.89,11302.45,11413.37,326139
2018-11-14T00:00:00+00:00,11413.37,11562.1,11307.35,11403.09,336526
2018-11-15T00:00:00+00:00,11403.09,11497.53,11248.85,11449.85,353045
2018-11-16T00:00:00+00:00,11449.85,11449.85,11229.85,11371.37,288569
2018-11-19T00:00:00+00:00,11371.37,11417.57,11190.85,11210.21,310126
2018-11-20T00:00:00+00:00,11210.21,11210.21,11008.85,11066.57,410360
2018-11-21T00:00:00+00:00,11066.57,11263.35,11066.57,11236.49,278241
2018-11-22T00:00:00+00:00,11236.49,11263.1,11116.09,11150.25,151483
2018-11-23T00:00:00+00:00,11150.25,11209.21,11091.85,11180.8,192730
2018-11-26T00:00:00+00:00,11180.8,11389.33,11180.8,11380.21,238335
2018-11-27T00:00:00+00:00,11380.21,11439.15,11262.1,11327.65,299880
2018-11-28T00:00:00+00:00,11327.65,11419.61,11276.37,11406.65,279300
2018-11-29T00:00:00+00:00,11406.65,11406.65,11273.35,11327.15,233202
2018-11-30T00:00:00+00:00,11327.15,11334.5,11207.55,11316.41,245318
2018-12-03T00:00:00+00:00,11316.41,11565.85,11316.41,11476.29,286786
2018-12-04T00:00:00+00:00,11476.29,11476.29,11145.25,11160.49,394326
2018-12-05T00:00:00+00:00,11160.49,11263.47,11160.49,11190.1,147666
2018-12-06T00:00:00+00:00,11190.1,11190.1,10758.9,10937.15,555397
2018-12-07T00:00:00+00:00,10937.15,10937.4,10680.85,10714.69,456701
2018-12-10T00:00:00+00:00,10714.69,10759,10584.3,10720.33,456528
2018-12-11T00:00:00+00:00,10720.33,10885.65,10684.35,10803.25,400982
2018-12-12T00:00:00+00:00,10803.25,10969.77,10803.25,10928.85,306724
2018-12-13T00:00:00+00:00,10928.85,10983.17,10881.85,10903.9,354231
2018-12-14T00:00:00+00:00,10903.9,10903.9,10731.65,10824.97,279389
2018-12-17T00:00:00+00:00,10824.97,10916.81,10673.02,10720.01,376597
2018-12-18T00:00:00+00:00,10720.01,10841.08,10688.35,10755.34,370583
2018-12-19T00:00:00+00:00,10755.34,10830.15,10600.23,10657.42,374592
2018-12-20T00:00:00+00:00,10657.42,10683.3,10487.35,10534.3,347131
2018-12-21T00:00:00+00:00,10534.3,10659.65,10496,10527.77,304867
2018-12-27T00:00:00+00:00,10527.77,10678.25,10280.85,10477.45,244419
2018-12-28T00:00:00+00:00,10477.45,10618.97,10419.35,10582.49,306675
2019-01-02T00:00:00+00:00,10582.49,10642.93,10390.45,10640.61,321701
2019-01-03T00:00:00+00:00,10640.61,10640.61,10402.05,10427.25,339333
2019-01-04T00:00:00+00:00,10427.25,10831.15,10427.25,10807.25,280590
2019-01-07T00:00:00+00:00,10807.25,10846.97,10678.72,10739.41,372433
2019-01-08T00:00:00+00:00,10739.41,10913.77,10736.94,10847.7,468458
2019-01-09T00:00:00+00:00,10847.7,10964.57,10836.06,10893.99,410108
2019-01-10T00:00:00+00:00,10893.99,10977.09,10784.85,10975.45,392447
2019-01-11T00:00:00+00:00,10975.45,10975.45,10830.35,10896.89,268510
2019-01-14T00:00:00+00:00,10896.89,10896.89,10790.21,10874.33,210517
2019-01-15T00:00:00+00:00,10874.33,10989.37,10819.97,10912.61,237271
2019-01-16T00:00:00+00:00,10912.61,10949.9,10868.73,10924.73,214612
2019-01-17T00:00:00+00:00,10924.73,10974.33,10824.33,10955.77,279275
2019-01-18T00:00:00+00:00,10955.77,11259.75,10951.85,11235.25,268462
2019-01-21T00:00:00+00:00,11235.25,11235.25,11127.35,11148.55,133554
2019-01-22T00:00:00+00:00,11148.55,11148.55,11010.85,11033.53,274039
2019-01-23T00:00:00+00:00,11033.53,11137.15,11015.35,11070.61,306396
2019-01-24T00:00:00+00:00,11070.61,11158.95,11040.35,11156.93,347268
2019-01-25T00:00:00+00:00,11156.93,11324.1,11156.93,11253.37,305486
2019-01-28T00:00:00+00:00,11253.37,11281.75,11177.35,11235.61,301265
2019-01-29T00:00:00+00:00,11235.61,11274.57,11156.85,11207.49,263198
2019-01-30T00:00:00+00:00,11207.49,11234.7,11130.96,11208.93,306822
2019-01-31T00:00:00+00:00,11208.93,11309.53,11044.35,11190.61,359503
2019-02-01T00:00:00+00:00,11190.61,11220.13,11113.81,11188.65,329668
2019-02-04T00:00:00+00:00,11188.65,11215.85,11097.15,11200.65,178035
2019-02-05T00:00:00+00:00,11200.65,11390,11177.77,11366.69,318997
2019-02-06T00:00:00+00:00,11366.69,11367.95,11294.15,11304.94,296966
2019-02-07T00:00:00+00:00,11304.94,11304.94,11004.61,11036.53,447774
2019-02-08T00:00:00+00:00,11036.53,11047.6,10861.55,10956.09,397183
2019-02-11T00:00:00+00:00,10956.09,11043.89,10927.85,11009.89,316376
2019-02-12T00:00:00+00:00,11009.89,11167.69,11009.89,11146.17,277102
2019-02-13T00:00:00+00:00,11146.17,11224,11124.35,11185.49,314384
2019-02-14T00:00:00+00:00,11185.49,11269.53,11074.3,11095.8,447173
2019-02-15T00:00:00+00:00,11095.8,11325.55,11015.05,11323.09,405786
2019-02-18T00:00:00+00:00,11323.09,11347.6,11254.8,11310.89,144806
2019-02-19T00:00:00+00:00,11310.89,11373.95,11239.8,11315.07,291833
2019-02-20T00:00:00+00:00,11315.07,11446.09,11294.85,11418.29,325040
2019-02-21T00:00:00+00:00,11418.29,11482.87,11386.44,11407.99,364754
2019-02-22T00:00:00+00:00,11407.99,11501.05,11395.35,11460.45,244923
2019-02-25T00:00:00+00:00,11460.45,11544.55,11460.45,11469.24,132711
2019-02-26T00:00:00+00:00,11469.24,11556.59,11422.56,11533.9,157905
2019-02-27T00:00:00+00:00,11533.9,11547.75,11440.95,11487.41,286674
2019-02-28T00:00:00+00:00,11487.41,11538.65,11398.88,11524.06,293541
2019-03-01T00:00:00+00:00,11524.06,11677.7,11524.06,11634.04,310237
2019-03-04T00:00:00+00:00,11634.04,11678.85,11524.21,11561.33,344342
2019-03-05T00:00:00+00:00,11561.33,11634.49,11544.35,11622.67,307180
2019-03-06T00:00:00+00:00,11622.67,11655.55,11562.39,11568.4,303000
2019-03-07T00:00:00+00:00,11568.4,11615.06,11450.55,11494.01,392164
2019-03-08T00:00:00+00:00,11494.01,11499.15,11405.53,11493.37,367413
2019-03-11T00:00:00+00:00,11493.37,11596.65,11460.85,11596.58,236514
2019-03-12T00:00:00+00:00,11596.58,11633.05,11497.75,11517.67,286824
2019-03-13T00:00:00+00:00,11517.67,11611,11472.35,11605.34,233063
2019-03-14T00:00:00+00:00,11605.34,11641.8,11540.95,11591.8,212959
2019-03-15T00:00:00+00:00,11591.8,11725.45,11578.35,11691.3,172006
2019-03-18T00:00:00+00:00,11691.3,11716.37,11636.91,11666.75,218923
2019-03-19T00:00:00+00:00,11666.75,11826.65,11648.85,11749.42,270641
2019-03-20T00:00:00+00:00,11749.42,11749.42,11576.65,11578.75,251402
2019-03-21T00:00:00+00:00,11578.75,11641.15,11473.33,11590.18,233456
2019-03-22T00:00:00+00:00,11590.18,11629.1,11332.21,11334.29,380622
2019-03-25T00:00:00+00:00,11334.29,11400.18,11275.85,11371.84,302275
2019-03-26T00:00:00+00:00,11371.84,11455.95,11306.52,11447.1,292903
2019-03-27T00:00:00+00:00,11447.1,11509.82,11371.77,11449.72,362829
2019-03-28T00:00:00+00:00,11449.72,11501.37,11392.85,11477.08,283761
2019-03-29T00:00:00+00:00,11477.08,11559.8,11445.95,11553.69,310015
2019-04-01T00:00:00+00:00,11553.69,11720.25,11553.69,11718.78,273625
2019-04-02T00:00:00+00:00,11718.78,11815.65,11662.56,11800.71,279018
2019-04-03T00:00:00+00:00,11800.71,11980.06,11784.7,11954.62,286677
2019-04-04T00:00:00+00:00,11954.62,12035.25,11913.87,11992.1,297660
2019-04-05T00:00:00+00:00,11992.1,12028.93,11970.85,12007.53,239338
2019-04-08T00:00:00+00:00,12007.53,12008.2,11943.66,11958.08,215530
2019-04-09T00:00:00+00:00,11958.08,11994.9,11849.2,11857.67,289572
2019-04-10T00:00:00+00:00,11857.67,11952.64,11848.85,11917.55,232189
2019-04-11T00:00:00+00:00,11917.55,11973.22,11852.85,11938.05,252511
2019-04-12T00:00:00+00:00,11938.05,12040.97,11896.95,12024.53,271694
2019-04-15T00:00:00+00:00,12024.53,12040.86,11988.64,12027.29,203419
2019-04-16T00:00:00+00:00,12027.29,12123.4,12027.29,12098.52,228720
2019-04-17T00:00:00+00:00,12098.52,12202.05,12092,12180.61,263519
2019-04-18T00:00:00+00:00,12180.61,12273.41,12106.69,12247.57,295910
2019-04-23T00:00:00+00:00,12247.57,12267.15,12195.61,12254.85,159138
2019-04-24T00:00:00+00:00,12254.85,12365.7,12205.85,12322.44,210222
2019-04-25T00:00:00+00:00,12322.44,12346.39,12253.01,12315.35,207410
2019-04-26T00:00:00+00:00,12315.35,12341.54,12264.85,12337.25,198792
2019-04-29T00:00:00+00:00,12337.25,12389.1,12279.81,12353.1,146644
2019-04-30T00:00:00+00:00,12353.1,12390.76,12293.82,12369.7,180184
2019-05-02T00:00:00+00:00,12369.7,12416.24,12290.4,12334.08,249885
2019-05-03T00:00:00+00:00,12334.08,12453.57,12320.5,12452.33,174030
2019-05-06T00:00:00+00:00,12452.33,12452.33,12141.99,12337.05,316908
2019-05-07T00:00:00+00:00,12337.05,12337.05,12037.51,12076.56,427611
2019-05-08T00:00:00+00:00,12076.56,12224.09,12069.85,12191.03,437941
2019-05-09T00:00:00+00:00,12191.03,12191.03,11960.17,12081.55,560973
2019-05-10T00:00:00+00:00,12081.55,12211.58,11969.85,12189.23,586815
2019-05-13T00:00:00+00:00,12189.23,12189.23,11843.94,11869.09,591611
2019-05-14T00:00:00+00:00,11869.09,12022.7,11839.35,11980.25,382151
2019-05-15T00:00:00+00:00,11980.25,12134.29,11862.97,12094.25,450070
2019-05-16T00:00:00+00:00,12094.25,12314.25,11990.85,12271.04,436683
2019-05-17T00:00:00+00:00,12271.04,12297.15,12145.62,12195.45,513871
2019-05-20T00:00:00+00:00,12195.45,12262.65,11986.99,12035.17,508438
2019-05-21T00:00:00+00:00,12035.17,12171.69,12035.17,12154.17,378617
2019-05-22T00:00:00+00:00,12154.17,12205.97,12048.21,12140.29,376709
2019-05-23T00:00:00+00:00,12140.29,12140.29,11919.8,11950.17,516243
2019-05-24T00:00:00+00:00,11950.17,12078.43,11950.17,12019.93,357407
2019-05-27T00:00:00+00:00,12019.93,12112.55,12008.05,12060.53,183542
2019-05-28T00:00:00+00:00,12060.53,12112.4,11968.41,11969.49,527010
2019-05-29T00:00:00+00:00,11969.49,11969.49,11811.73,11859.94,561979
2019-05-30T00:00:00+00:00,11859.94,11924.19,11850.85,11920.45,365190
2019-05-31T00:00:00+00:00,11920.45,11920.45,11660.76,11706.49,537017
2019-06-03T00:00:00+00:00,11706.49,11790.75,11607.6,11738.81,625477
2019-06-04T00:00:00+00:00,11738.81,11991.25,11706.85,11986.33,559641
2019-06-05T00:00:00+00:00,11986.33,12054.37,11928.06,11988.81,500992
2019-06-06T00:00:00+00:00,11988.81,12077.2,11898.54,11984.45,465106
2019-06-07T00:00:00+00:00,11984.45,12095.25,11976.75,12047.69,405669
2019-06-10T00:00:00+00:00,12047.69,12127.35,12047.69,12086.94,261703
2019-06-11T00:00:00+00:00,12086.94,12222.13,12080.85,12144.67,389278
2019-06-12T00:00:00+00:00,12144.67,12153.1,12062.54,12097.58,354424
2019-06-13T00:00:00+00:00,12097.58,12200.2,12058.2,12160.72,376874
2019-06-14T00:00:00+00:00,12160.72,12179.4,12036.88,12105.48,387664
2019-06-17T00:00:00+00:00,12105.48,12122.13,12050.4,12077.85,295183
2019-06-18T00:00:00+00:00,12077.85,12352.8,11979.13,12329.33,446965
2019-06-19T00:00:00+00:00,12329.33,12350.05,12271.37,12308.05,321118
2019-06-20T00:00:00+00:00,12308.05,12431.53,12308.05,12366.01,322420
2019-06-21T00:00:00+00:00,12366.01,12417.37,12257.55,12262.21,404163
2019-06-24T00:00:00+00:00,12262.21,12329.25,12228.85,12235.33,310926
2019-06-25T00:00:00+00:00,12235.33,12276.45,12165.9,12171.65,374364
2019-06-26T00:00:00+00:00,12171.65,12304.73,12169.7,12229.71,378346
2019-06-27T00:00:00+00:00,12229.71,12322.89,12193.73,12268.33,334815
2019-06-28T00:00:00+00:00,12268.33,12398.77,12257.35,12387.93,248380
2019-07-01T00:00:00+00:00,12387.93,12607.95,12387.93,12527.13,308694
2019-07-02T00:00:00+00:00,12527.13,12550.55,12471.38,12534.65,298013
2019-07-03T00:00:00+00:00,12534.65,12647.65,12507.9,12641.72,244534
2019-07-04T00:00:00+00:00,12641.72,12641.72,12601.5,12623.69,130182
2019-07-05T00:00:00+00:00,12623.69,12629.5,12509.35,12563.77,354627
2019-07-08T00:00:00+00:00,12563.77,12574.05,12472.85,12496.09,315425
2019-07-09T00:00:00+00:00,12496.09,12496.09,12353.35,12446.62,352755
2019-07-10T00:00:00+00:00,12446.62,12461,12351.85,12376.65,388786
2019-07-11T00:00:00+00:00,12376.65,12430.78,12299.18,12336.53,351078
2019-07-12T00:00:00+00:00,12336.53,12382.35,12296.55,12321.77,301356
2019-07-15T00:00:00+00:00,12321.77,12428.75,12286.35,12399.52,309475
2019-07-16T00:00:00+00:00,12399.52,12456.57,12355.3,12417.71,302824
2019-07-17T00:00:00+00:00,12417.71,12444.64,12300.85,12301.41,319157
2019-07-18T00:00:00+00:00,12301.41,12301.41,12181.39,12239.09,404467
2019-07-19T00:00:00+00:00,12239.09,12332.25,12200.79,12232.61,424532
2019-07-22T00:00:00+00:00,12232.61,12341.15,12217.65,12294.2,339008
2019-07-23T00:00:00+00:00,12294.2,12543.4,12294.2,12536.17,401166
2019-07-24T00:00:00+00:00,12536.17,12569.9,12467.23,12561.89,329312
2019-07-25T00:00:00+00:00,12561.89,12594.15,12287.41,12348.93,424618
2019-07-26T00:00:00+00:00,12348.93,12438.85,12343.11,12424.17,323395
2019-07-29T00:00:00+00:00,12424.17,12465.1,12372.85,12418.29,268923
2019-07-30T00:00:00+00:00,12418.29,12451.95,12086.87,12115.69,469896
2019-07-31T00:00:00+00:00,12115.69,12217.13,12035.85,12135.09,372772
2019-08-01T00:00:00+00:00,12135.09,12258.75,12022.32,12068.96,628553
2019-08-02T00:00:00+00:00,12068.96,12068.96,11826.65,11900.55,684870
2019-08-05T00:00:00+00:00,11900.55,11900.55,11543.45,11615.45,743622
2019-08-06T00:00:00+00:00,11615.45,11737.85,11440.85,11631.33,637637
2019-08-07T00:00:00+00:00,11631.33,11734.73,11544.96,11715.37,681166
2019-08-08T00:00:00+00:00,11715.37,11842.6,11641.5,11822.01,486991
2019-08-09T00:00:00+00:00,11822.01,11848.85,11659.92,11725.57,508243
2019-08-12T00:00:00+00:00,11725.57,11827.1,11606.85,11623.49,479980
2019-08-13T00:00:00+00:00,11623.49,11827.37,11531.85,11783.37,559712
2019-08-14T00:00:00+00:00,11783.37,11785.4,11429.22,11431.13,666198
2019-08-15T00:00:00+00:00,11431.13,11537.65,11255.45,11406.47,723530
2019-08-16T00:00:00+00:00,11406.47,11572.85,11406.47,11559.65,460553
2019-08-19T00:00:00+00:00,11559.65,11743.3,11559.65,11688.51,412372
2019-08-20T00:00:00+00:00,11688.51,11760.15,11609.29,11611.61,452151
2019-08-21T00:00:00+00:00,11611.61,11817.35,11611.61,11778.2,285764
2019-08-22T00:00:00+00:00,11778.2,11846.09,11702.11,11749.03,469159
2019-08-23T00:00:00+00:00,11749.03,11817.09,11523.84,11530.33,682084
2019-08-26T00:00:00+00:00,11530.33,11690.9,11474.85,11676.33,533138
2019-08-27T00:00:00+00:00,11676.33,11773.5,11607.76,11701.12,496965
2019-08-28T00:00:00+00:00,11701.12,11722.75,11563.36,11686.53,485489
2019-08-29T00:00:00+00:00,11686.53,11865.09,11622.35,11848.01,424508
2019-08-30T00:00:00+00:00,11848.01,11981.85,11833.85,11947.89,397603
2019-09-02T00:00:00+00:00,11947.89,11988.07,11891.85,11935.69,234072
2019-09-03T00:00:00+00:00,11935.69,11981.45,11857.42,11913.49,478313
2019-09-04T00:00:00+00:00,11913.49,12071.26,11898.95,12028.45,359009
2019-09-05T00:00:00+00:00,12028.45,12156.25,12028.45,12115.3,374655
2019-09-06T00:00:00+00:00,12115.3,12197.45,12104.84,12168.55,339730
2019-09-09T00:00:00+00:00,12168.55,12239.45,12168.55,12214.49,285110
2019-09-10T00:00:00+00:00,12214.49,12305.8,12173.41,12285.93,377723
2019-09-11T00:00:00+00:00,12285.93,12388.75,12270.35,12373.45,336612
2019-09-12T00:00:00+00:00,12373.45,12469.8,12301.83,12407.73,510715
2019-09-13T00:00:00+00:00,12407.73,12490.78,12399.85,12448.65,306952
2019-09-16T00:00:00+00:00,12448.65,12448.65,12318.85,12384.76,347103
2019-09-17T00:00:00+00:00,12384.76,12401.65,12297.64,12382.49,312548
2019-09-18T00:00:00+00:00,12382.49,12420.35,12348.21,12413.31,241766
2019-09-19T00:00:00+00:00,12413.31,12465.35,12346.52,12426.37,246900
2019-09-20T00:00:00+00:00,12426.37,12479.75,12394.85,12397.21,322566
2019-09-23T00:00:00+00:00,12397.21,12446,12257.02,12350.33,348807
2019-09-24T00:00:00+00:00,12350.33,12389.2,12223.23,12236.17,440701
2019-09-25T00:00:00+00:00,12236.17,12289,12135.99,12256.08,437229
2019-09-26T00:00:00+00:00,12256.08,12336.9,12212.85,12320.77,396457
2019-09-27T00:00:00+00:00,12320.77,12398.56,12275.35,12323.53,443774
2019-09-30T00:00:00+00:00,12323.53,12437.06,12323.53,12417.17,323839
2019-10-01T00:00:00+00:00,12417.17,12488.65,12220.39,12227.64,445204
2019-10-02T00:00:00+00:00,12227.64,12252.8,11896.93,11917.65,550118
2019-10-03T00:00:00+00:00,11917.65,11974.97,11813.52,11974.25,514434
2019-10-04T00:00:00+00:00,11974.25,12060.73,11869.86,12055.33,466207
2019-10-07T00:00:00+00:00,12055.33,12132.13,11958.9,12072.49,458501
2019-10-08T00:00:00+00:00,12072.49,12144.03,11908.23,11954.15,564487
2019-10-09T00:00:00+00:00,11954.15,12160.21,11942.61,12095.25,442181
2019-10-10T00:00:00+00:00,12095.25,12193.38,12002.35,12154.62,513687
2019-10-11T00:00:00+00:00,12154.62,12547.09,12154.05,12456.13,533156
2019-10-14T00:00:00+00:00,12456.13,12500.85,12379.63,12469.72,377349
2019-10-15T00:00:00+00:00,12469.72,12678.8,12469.72,12628.01,442025
2019-10-16T00:00:00+00:00,12628.01,12695.35,12592.85,12656.32,430075
2019-10-17T00:00:00+00:00,12656.32,12811.97,12616.68,12652.41,498240
2019-10-18T00:00:00+00:00,12652.41,12695.54,12593.56,12651.85,433053
2019-10-21T00:00:00+00:00,12651.85,12781.1,12640.25,12747.7,369381
2019-10-22T00:00:00+00:00,12747.7,12790.05,12686.29,12694.7,376089
2019-10-23T00:00:00+00:00,12694.7,12814.35,12645.35,12805.61,411358
2019-10-24T00:00:00+00:00,12805.61,12907.09,12796.35,12866.95,382477
2019-10-25T00:00:00+00:00,12866.95,12892.87,12824.26,12886.1,285262
2019-10-28T00:00:00+00:00,12886.1,12978.05,12878.35,12951.05,271947
2019-10-29T00:00:00+00:00,12951.05,12957.35,12887.26,12925.81,291206
2019-10-30T00:00:00+00:00,12925.81,12943.09,12819.01,12930.66,315966
2019-10-31T00:00:00+00:00,12930.66,12944.83,12783.7,12887.68,426167
2019-11-01T00:00:00+00:00,12887.68,12983.08,12885.64,12962.61,312140
2019-11-04T00:00:00+00:00,12962.61,13160.61,12962.61,13119.61,301475
2019-11-05T00:00:00+00:00,13119.61,13153.13,13101.18,13138.65,312031
2019-11-06T00:00:00+00:00,13138.65,13201.24,13097.85,13163.27,340380
2019-11-07T00:00:00+00:00,13163.27,13297.21,13157.35,13265.65,389110
2019-11-08T00:00:00+00:00,13265.65,13276.65,13190.43,13256.77,320156
2019-11-11T00:00:00+00:00,13256.77,13256.77,13136.96,13206.04,298494
2019-11-12T00:00:00+00:00,13206.04,13302.41,13182.85,13267.49,338866
2019-11-13T00:00:00+00:00,13267.49,13267.49,13128.41,13236.73,382738
2019-11-14T00:00:00+00:00,13236.73,13269.9,13150.44,13195.89,370769
2019-11-15T00:00:00+00:00,13195.89,13273.9,13164.88,13233.81,311121
2019-11-18T00:00:00+00:00,13233.81,13277.69,13126.69,13193.97,359283
2019-11-19T00:00:00+00:00,13193.97,13367.23,13165.35,13193.37,394386
2019-11-20T00:00:00+00:00,13193.37,13193.37,13061.32,13118.39,466927
2019-11-21T00:00:00+00:00,13118.39,13172.39,13033.85,13158.93,480079
2019-11-22T00:00:00+00:00,13158.93,13238.86,13110.96,13178.17,352725
2019-11-25T00:00:00+00:00,13178.17,13262.73,13178.17,13252.34,256153
2019-11-26T00:00:00+00:00,13252.34,13306.5,13183.63,13238.77,285526
2019-11-27T00:00:00+00:00,13238.77,13308.87,13209.76,13289.89,277486
2019-11-28T00:00:00+00:00,13289.89,13289.89,13206.04,13247.73,149977
2019-11-29T00:00:00+00:00,13247.73,13284.34,13155.21,13219.29,288287
2019-12-02T00:00:00+00:00,13219.29,13328.87,12940.24,12983.33,533476
2019-12-03T00:00:00+00:00,12983.33,13076.3,12914.98,13044.45,592025
2019-12-04T00:00:00+00:00,13044.45,13163.61,12983.51,13146.57,462579
2019-12-05T00:00:00+00:00,13146.57,13184.6,13038.27,13067.32,412426
2019-12-06T00:00:00+00:00,13067.32,13173.57,13039.78,13168.14,333842
2019-12-09T00:00:00+00:00,13168.14,13173,13067.65,13070.49,270907
2019-12-10T00:00:00+00:00,13070.49,13086.82,12874.9,13060.69,482980
2019-12-11T00:00:00+00:00,13060.69,13164.9,13033.65,13132.17,370602
2019-12-12T00:00:00+00:00,13132.17,13282.85,13095.85,13251.21,1175676
2019-12-13T00:00:00+00:00,13251.21,13448.9,13245.34,13297.53,690949
2019-12-16T00:00:00+00:00,13297.53,13420.45,13297.53,13396.85,286376
2019-12-17T00:00:00+00:00,13396.85,13401.65,13260.13,13275.57,290823
2019-12-18T00:00:00+00:00,13275.57,13278.2,13197.56,13211.64,263762
2019-12-19T00:00:00+00:00,13211.64,13243.2,13136.43,13213.25,289682
2019-12-20T00:00:00+00:00,13213.25,13314.15,13183.76,13293.93,384824
2019-12-23T00:00:00+00:00,13293.93,13326.45,13275.35,13278.11,262643
2019-12-27T00:00:00+00:00,13278.11,13376.15,13269.8,13283.69,384853
2019-12-30T00:00:00+00:00,13283.69,13302.73,13097.28,13114.73,387549
2020-01-02T00:00:00+00:00,13114.73,13433.65,13114.73,13432.57,390740
2020-01-03T00:00:00+00:00,13432.57,13432.57,13112.5,13170.37,556487
2020-01-06T00:00:00+00:00,13170.37,13170.37,12940.89,13145.97,531324
2020-01-07T00:00:00+00:00,13145.97,13274.78,13137.63,13183.49,483960
2020-01-08T00:00:00+00:00,13183.49,13395.85,12960.35,13352.93,550194
2020-01-09T00:00:00+00:00,13352.93,13515.88,13352.93,13500.25,406084
2020-01-10T00:00:00+00:00,13500.25,13541.75,13417.15,13444.7,359619
2020-01-13T00:00:00+00:00,13444.7,13543.7,13397.49,13464.39,331413
2020-01-14T00:00:00+00:00,13464.39,13500.8,13353.25,13442.53,447231
2020-01-15T00:00:00+00:00,13442.53,13455.9,13376.9,13393.59,366253
2020-01-16T00:00:00+00:00,13393.59,13482.45,13368.63,13450.35,341653
2020-01-17T00:00:00+00:00,13450.35,13545.57,13450.35,13523.33,294828
2020-01-20T00:00:00+00:00,13523.33,13568.22,13475.15,13566.41,165357
2020-01-21T00:00:00+00:00,13566.41,13566.41,13429.83,13513.13,375071
2020-01-22T00:00:00+00:00,13513.13,13627.57,13466.3,13474.06,377557
2020-01-23T00:00:00+00:00,13474.06,13485.05,13367.4,13471.01,445254
2020-01-24T00:00:00+00:00,13471.01,13591.74,13462.4,13503.33,509970
2020-01-27T00:00:00+00:00,13503.33,13503.33,13184.31,13194.39,600584
2020-01-28T00:00:00+00:00,13194.39,13324.79,13151.49,13308.4,517139
2020-01-29T00:00:00+00:00,13308.4,13364.4,13269.15,13303.51,395174
2020-01-30T00:00:00+00:00,13303.51,13303.51,13108.87,13231.8,718120
2020-01-31T00:00:00+00:00,13231.8,13267.9,12874.42,12923.5,761550
2020-02-03T00:00:00+00:00,12923.5,13066.57,12923.5,13015.33,598017
2020-02-04T00:00:00+00:00,13015.33,13280.17,13003.1,13265.73,436011
2020-02-05T00:00:00+00:00,13265.73,13500.92,13205,13485.45,543400
2020-02-06T00:00:00+00:00,13485.45,13592.91,13466.1,13553.95,425057
2020-02-07T00:00:00+00:00,13553.95,13570.25,13448.85,13464.48,468196
2020-02-10T00:00:00+00:00,13464.48,13514.65,13414.6,13513.77,331862
2020-02-11T00:00:00+00:00,13513.77,13656.09,13513.77,13612.6,399107
2020-02-12T00:00:00+00:00,13612.6,13770.4,13595,13758.71,333823
2020-02-13T00:00:00+00:00,13758.71,13758.71,13567.15,13723.81,509343
2020-02-14T00:00:00+00:00,13723.81,13782.85,13700.38,13739.1,354393
2020-02-17T00:00:00+00:00,13739.1,13796,13739.1,13774.4,158719
2020-02-18T00:00:00+00:00,13774.4,13774.4,13645.68,13689.9,452531
2020-02-19T00:00:00+00:00,13689.9,13778.45,13689.9,13762.25,312519
2020-02-20T00:00:00+00:00,13762.25,13816.65,13632.5,13715.29,561278
2020-02-21T00:00:00+00:00,13715.29,13715.29,13487.13,13546.65,664861
2020-02-24T00:00:00+00:00,13546.65,13546.65,12955.84,12963.43,983098
2020-02-25T00:00:00+00:00,12963.43,13150.85,12598.36,12616.74,1067449
2020-02-26T00:00:00+00:00,12616.74,12840.46,12354.35,12586.85,1179466
2020-02-27T00:00:00+00:00,12586.85,12587.15,12128.74,12136.8,1265092
2020-02-28T00:00:00+00:00,12136.8,12147.25,11711.69,11911.45,1287459
2020-03-02T00:00:00+00:00,11911.45,12216.35,11623.56,12053.8,915859
2020-03-03T00:00:00+00:00,12053.8,12271.87,11736.85,11825.69,1193439
2020-03-04T00:00:00+00:00,11825.69,12279.95,11825.69,12273.41,866223
2020-03-05T00:00:00+00:00,12273.41,12273.41,11751.66,11793.91,1010961
2020-03-06T00:00:00+00:00,11793.91,11855.9,11422.2,11552.11,1126630
2020-03-09T00:00:00+00:00,11552.11,11552.11,10357.45,10362.7,609515
2020-03-10T00:00:00+00:00,10362.7,11035.02,10362.7,10873.82,927976
2020-03-11T00:00:00+00:00,10873.82,10873.82,10209.65,10302,882176
2020-03-12T00:00:00+00:00,10302,10302,8976,9001,737352
2020-03-13T00:00:00+00:00,9001,9998,8817,9598,759704
2020-03-16T00:00:00+00:00,9598,9598,8241.93,8543.6,618952
2020-03-17T00:00:00+00:00,8543.6,9172.24,8423.21,8866.35,973327
2020-03-18T00:00:00+00:00,8866.35,8881.4,8195.2,8469.8,1027852
2020-03-19T00:00:00+00:00,8469.8,8826.77,7968.4,8577.6,773524
2020-03-20T00:00:00+00:00,8577.6,9202.55,8530,8585.54,810598
2020-03-23T00:00:00+00:00,8585.54,9105.47,8250,8797.21,1198941
2020-03-24T00:00:00+00:00,8797.21,9733.78,8797.21,9686.6,834501
2020-03-25T00:00:00+00:00,9686.6,10130.97,9425.89,9783.85,1160593
2020-03-26T00:00:00+00:00,9783.85,10066.84,9502.1,10064.84,835949
2020-03-27T00:00:00+00:00,10064.84,10064.84,9525.68,9527.45,739482
2020-03-30T00:00:00+00:00,9527.45,9870.65,9428.01,9859.49,909100
2020-03-31T00:00:00+00:00,9859.49,10082.42,9685.26,9811.45,837356
2020-04-01T00:00:00+00:00,9811.45,9811.45,9312.25,9353.22,856447
2020-04-02T00:00:00+00:00,9353.22,9641.11,9320.89,9600.74,923356
2020-04-03T00:00:00+00:00,9600.74,9617.66,9430.56,9521.01,810337
2020-04-06T00:00:00+00:00,9521.01,10258.45,9521.01,10204.27,689638
2020-04-07T00:00:00+00:00,10204.27,10585.58,10092.3,10220.43,996977
2020-04-08T00:00:00+00:00,10220.43,10420.49,10151.1,10393.53,734655
2020-04-09T00:00:00+00:00,10393.53,10711.41,10305.13,10658.54,911770
2020-04-14T00:00:00+00:00,10658.54,10826.6,10591.8,10726.81,616054
2020-04-15T00:00:00+00:00,10726.81,10744.7,10243.05,10267.09,953745
2020-04-16T00:00:00+00:00,10267.09,10450.57,10176.05,10318.13,867456
2020-04-17T00:00:00+00:00,10318.13,10759.26,10318.13,10696.65,917544
2020-04-20T00:00:00+00:00,10696.65,10772.51,10436.68,10547.78,324792
2020-04-21T00:00:00+00:00,10547.78,10625.5,10228.64,10279.14,416287
2020-04-22T00:00:00+00:00,10279.14,10470.83,10240.34,10441.74,377898
2020-04-23T00:00:00+00:00,10441.74,10610.18,10319.65,10390.37,412694
2020-04-24T00:00:00+00:00,10390.37,10486.82,10257.75,10465.15,349560
2020-04-27T00:00:00+00:00,10465.15,10722.92,10428.22,10691.89,325481
2020-04-28T00:00:00+00:00,10691.89,10901.63,10635.24,10724.28,412233
2020-04-29T00:00:00+00:00,10724.28,11160.19,10724.28,11126.19,495390
2020-04-30T00:00:00+00:00,11126.19,11343.04,10761.8,10830.36,475781
2020-05-04T00:00:00+00:00,10830.36,10830.36,10377.51,10595.24,377842
2020-05-05T00:00:00+00:00,10595.24,10757.82,10525.02,10643.57,313448
2020-05-06T00:00:00+00:00,10643.57,10781.25,10547.09,10551.42,240402
2020-05-07T00:00:00+00:00,10551.42,10803.8,10551.42,10720.18,240662
2020-05-08T00:00:00+00:00,10720.18,10925.01,10720.18,10919.19,184438
2020-05-11T00:00:00+00:00,10919.19,11032.35,10737.97,10873.74,236754
2020-05-12T00:00:00+00:00,10873.74,10888.68,10669.11,10669.11,242344
2020-05-13T00:00:00+00:00,10669.11,10707.41,10432.96,10513.38,381350
2020-05-14T00:00:00+00:00,10513.38,10514.28,10163.18,10456.8,479022
2020-05-15T00:00:00+00:00,10456.8,10548.25,10369.26,10527.13,387967
2020-05-18T00:00:00+00:00,10527.13,11145.48,10527.13,11088.23,320391
2020-05-19T00:00:00+00:00,11088.23,11230.44,10934.7,10961.12,370712
2020-05-20T00:00:00+00:00,10961.12,11250.19,10961.12,11210.18,281486
2020-05-21T00:00:00+00:00,11210.18,11210.18,11033.41,11073.59,295965
2020-05-22T00:00:00+00:00,11073.59,11139.81,10860.28,11127.21,283025
2020-05-25T00:00:00+00:00,11127.21,11401.29,11110.62,11394.89,173173
2020-05-26T00:00:00+00:00,11394.89,11546.25,11357.32,11452.45,336905
2020-05-27T00:00:00+00:00,11452.45,11748.52,11452.45,11721.37,427545
2020-05-28T00:00:00+00:00,11721.37,11836.62,11655.38,11672.37,417017
2020-05-29T00:00:00+00:00,11672.37,11733.27,11524.84,11675.41,419471
2020-06-01T00:00:00+00:00,11675.41,11942.1,11652.38,11932.89,267563
2020-06-02T00:00:00+00:00,11932.89,12083.2,11851.01,12080.25,374160
2020-06-03T00:00:00+00:00,12080.25,12561.27,12080.25,12518.84,438027
2020-06-04T00:00:00+00:00,12518.84,12564.88,12327.38,12415.96,517117
2020-06-05T00:00:00+00:00,12415.96,12866.63,12400.96,12776.61,584532
2020-06-08T00:00:00+00:00,12776.61,12933.22,12675.95,12932.8,458759
2020-06-09T00:00:00+00:00,12932.8,12932.8,12502.29,12627.3,529767
2020-06-10T00:00:00+00:00,12627.3,12769.44,12465.22,12499.53,548041
2020-06-11T00:00:00+00:00,12499.53,12499.53,11756.08,11795,733643
2020-06-12T00:00:00+00:00,11795,12173.5,11792,12016.75,310885
2020-06-15T00:00:00+00:00,12016.75,12100.34,11589.63,12081.39,497764
2020-06-16T00:00:00+00:00,12081.39,12438.99,12081.39,12301.45,642970
2020-06-17T00:00:00+00:00,12301.45,12438.19,12219.45,12344.36,434847
2020-06-18T00:00:00+00:00,12344.36,12490.79,12161.49,12279.92,397299
2020-06-19T00:00:00+00:00,12279.92,12421.08,12158.84,12182.3,620512
2020-06-22T00:00:00+00:00,12182.3,12377.68,12082.14,12312.01,252030
2020-06-23T00:00:00+00:00,12312.01,12595.22,12134.55,12426.06,242724
2020-06-24T00:00:00+00:00,12426.06,12495.49,12007.31,12119.6,324111
2020-06-25T00:00:00+00:00,12119.6,12313.24,11929.9,12305.54,318652
2020-06-26T00:00:00+00:00,12305.54,12343.08,12018.24,12047.24,295470
2020-06-29T00:00:00+00:00,12047.24,12289.32,11939.81,12275.33,311980
2020-06-30T00:00:00+00:00,12275.33,12397.65,12176.2,12350.69,193543
2020-07-01T00:00:00+00:00,12350.69,12389.26,12069.49,12297.2,188083
2020-07-02T00:00:00+00:00,12297.2,12649.14,12220.75,12555.56,245954
2020-07-03T00:00:00+00:00,12555.56,12652.2,12461.97,12570.95,135370
2020-07-06T00:00:00+00:00,12570.95,12835.44,12570.95,12737.76,197178
2020-07-07T00:00:00+00:00,12737.76,12803.01,12509.18,12524.68,207291
2020-07-08T00:00:00+00:00,12524.68,12664.4,12450.19,12585.73,192215
2020-07-09T00:00:00+00:00,12585.73,12700.72,12435.69,12557.94,250517
2020-07-10T00:00:00+00:00,12557.94,12711.19,12389.9,12699.63,228211
2020-07-13T00:00:00+00:00,12699.63,12869.69,12525.8,12550.3,233067
2020-07-14T00:00:00+00:00,12550.3,12788.49,12521.19,12761.89,310453
2020-07-15T00:00:00+00:00,12761.89,12993.97,12761.89,12906.19,243068
2020-07-16T00:00:00+00:00,12906.19,12914.48,12796.1,12894.48,204959
2020-07-17T00:00:00+00:00,12894.48,12968.92,12859.29,12955.42,150557
2020-07-20T00:00:00+00:00,12955.42,13096.18,12799.47,13073.23,192605
2020-07-21T00:00:00+00:00,13073.23,13311.21,13069.84,13091.14,218413
2020-07-22T00:00:00+00:00,13091.14,13196.66,13058.52,13131.71,178030
2020-07-23T00:00:00+00:00,13131.71,13213.78,12946.67,12992.17,217224
2020-07-24T00:00:00+00:00,12992.17,13029.17,12772.8,12823.35,218454
2020-07-27T00:00:00+00:00,12823.35,12909.19,12805.3,12883.39,157363
2020-07-28T00:00:00+00:00,12883.39,12977.64,12740.6,12778.69,172195
2020-07-29T00:00:00+00:00,12778.69,12878.77,12745.98,12866.76,122452
2020-07-30T00:00:00+00:00,12866.76,12871.52,12245.82,12452.72,250435
2020-07-31T00:00:00+00:00,12452.72,12522.02,12205.38,12317.12,235783
2020-08-03T00:00:00+00:00,12317.12,12698.64,12317.12,12651.52,168742
2020-08-04T00:00:00+00:00,12651.52,12768.95,12523.75,12621.75,174864
2020-08-05T00:00:00+00:00,12621.75,12759.8,12576.29,12621.6,152012
2020-08-06T00:00:00+00:00,12621.6,12802.12,12515.39,12657.15,185157
2020-08-07T00:00:00+00:00,12657.15,12706.49,12514.32,12706.49,161161
2020-08-10T00:00:00+00:00,12706.49,12777.11,12599.3,12748.27,158963
2020-08-11T00:00:00+00:00,12748.27,13048.77,12730.32,12829.6,193222
2020-08-12T00:00:00+00:00,12829.6,13103.28,12825.5,13080.15,161011
2020-08-13T00:00:00+00:00,13080.15,13089.69,12920.83,12964.08,148593
2020-08-14T00:00:00+00:00,12964.08,13016.3,12790.85,12869.48,147260
2020-08-17T00:00:00+00:00,12869.48,12962.81,12843.58,12927.1,178777
2020-08-18T00:00:00+00:00,12927.1,13054.54,12800.15,12862.63,219881
2020-08-19T00:00:00+00:00,12862.63,12995.03,12830.15,12934.84,189829
2020-08-20T00:00:00+00:00,12934.84,12934.84,12737.14,12859.08,226159
2020-08-21T00:00:00+00:00,12859.08,12940.34,12629.08,12794.97,253670
2020-08-24T00:00:00+00:00,12794.97,13107.91,12782.79,13079.59,205689
2020-08-25T00:00:00+00:00,13079.59,13224.75,13010.98,13094.84,188359
2020-08-26T00:00:00+00:00,13094.84,13246.88,13008.82,13234.72,177662
2020-08-27T00:00:00+00:00,13234.72,13234.72,13021.47,13067.8,272853
2020-08-28T00:00:00+00:00,13067.8,13192.42,12946.04,13062.92,234820
2020-08-31T00:00:00+00:00,13062.92,13154.55,12900.94,12944.57,280881
2020-09-01T00:00:00+00:00,12944.57,13128.9,12847.62,12995.97,332841
2020-09-02T00:00:00+00:00,12995.97,13354.89,12995.97,13349.31,348661
2020-09-03T00:00:00+00:00,13349.31,13462.93,12932.77,12993.31,398626
2020-09-04T00:00:00+00:00,12993.31,13128.13,12746.18,12964.34,283656
2020-09-07T00:00:00+00:00,12964.34,13138.01,12867.07,13125.1,225997
2020-09-08T00:00:00+00:00,13125.1,13160.15,12854.2,12904.63,304718
2020-09-09T00:00:00+00:00,12904.63,13316.51,12886.55,13256.42,183823
2020-09-10T00:00:00+00:00,13256.42,13307.46,13092.37,13104.74,210728
2020-09-11T00:00:00+00:00,13104.74,13257.04,13104.74,13183.26,176837
2020-09-14T00:00:00+00:00,13183.26,13339.5,13143.38,13169.98,123386
2020-09-15T00:00:00+00:00,13169.98,13262.65,13134.31,13217,127803
2020-09-16T00:00:00+00:00,13217,13278.22,13181.6,13200.13,129963
2020-09-17T00:00:00+00:00,13200.13,13249.09,13031.59,13231.47,164015
2020-09-18T00:00:00+00:00,13231.47,13258.95,13051.05,13116.9,152459
2020-09-21T00:00:00+00:00,13116.9,13152.26,12492.68,12635.56,206032
2020-09-22T00:00:00+00:00,12635.56,12693.22,12550.09,12683.55,147148
2020-09-23T00:00:00+00:00,12683.55,12823.53,12520.45,12533.36,157939
2020-09-24T00:00:00+00:00,12533.36,12687.79,12449.26,12617.76,188286
2020-09-25T00:00:00+00:00,12617.76,12706.51,12330.14,12564.85,176301
2020-09-28T00:00:00+00:00,12564.85,12879.76,12552.54,12855.62,145594
2020-09-29T00:00:00+00:00,12855.62,12942.13,12729.76,12816.16,134819
2020-09-30T00:00:00+00:00,12816.16,12896.66,12680.2,12745.4,187221
2020-10-01T00:00:00+00:00,12745.4,12854.94,12664.05,12721.6,179451
2020-10-02T00:00:00+00:00,12721.6,12736.81,12534.27,12706.22,206512
2020-10-05T00:00:00+00:00,12706.22,12883.92,12706.22,12882.17,115705
2020-10-06T00:00:00+00:00,12882.17,12961.15,12770.51,12804.09,171598
2020-10-07T00:00:00+00:00,12804.09,12957.47,12794.26,12938.97,123878
2020-10-08T00:00:00+00:00,12938.97,13098.85,12931.35,13060.05,111891
2020-10-09T00:00:00+00:00,13060.05,13093.52,13004.57,13053.57,92323
2020-10-12T00:00:00+00:00,13053.57,13174.46,13033.18,13153.05,105419
2020-10-13T00:00:00+00:00,13153.05,13163.63,12951.97,12991.51,143310
2020-10-14T00:00:00+00:00,12991.51,13063.52,12947.96,12963.41,130642
2020-10-15T00:00:00+00:00,12963.41,12990.31,12591.98,12737.06,187018
2020-10-16T00:00:00+00:00,12737.06,12954.56,12700.53,12899.23,140712
2020-10-19T00:00:00+00:00,12899.23,13028.58,12718,12734.5,112514
2020-10-20T00:00:00+00:00,12734.5,12847.73,12713.42,12734.06,185111
2020-10-21T00:00:00+00:00,12734.06,12816.63,12530.68,12533.72,192681
2020-10-22T00:00:00+00:00,12533.72,12602.42,12339.67,12582.09,183238
2020-10-23T00:00:00+00:00,12582.09,12718.06,12503.35,12662.56,151425
2020-10-26T00:00:00+00:00,12662.56,12662.56,12087.44,12205.56,226160
2020-10-27T00:00:00+00:00,12205.56,12276.5,11936,11941.95,220319
2020-10-28T00:00:00+00:00,11941.95,11959.05,11452.05,11522.76,341343
2020-10-29T00:00:00+00:00,11522.76,11704.57,11451.07,11586.03,284783
2020-10-30T00:00:00+00:00,11586.03,11639.89,11317.89,11620.89,267412
2020-11-02T00:00:00+00:00,11620.89,11833.06,11519.56,11799.26,210265
2020-11-03T00:00:00+00:00,11799.26,12186.09,11799.26,12130.79,175477
2020-11-04T00:00:00+00:00,12130.79,12363.75,11779.75,12261.45,273471
2020-11-05T00:00:00+00:00,12261.45,12589.28,12251.03,12525.74,171652
2020-11-06T00:00:00+00:00,12525.74,12593.29,12367.04,12479.04,164976
2020-11-09T00:00:00+00:00,12479.04,13295.85,12479.04,12990.85,252399
2020-11-10T00:00:00+00:00,12990.85,13240.12,12872.87,13167.83,248917
2020-11-11T00:00:00+00:00,13167.83,13245.5,13094,13232.7,169447
2020-11-12T00:00:00+00:00,13232.7,13232.7,12937.37,12980.08,163851
2020-11-13T00:00:00+00:00,12980.08,13140.95,12926.95,13123.4,121976
2020-11-16T00:00:00+00:00,13123.4,13278.23,13071.73,13154.68,160592
2020-11-17T00:00:00+00:00,13154.68,13167.43,13047.43,13141.38,137507
2020-11-18T00:00:00+00:00,13141.38,13211.72,13070.47,13105.67,120576
2020-11-19T00:00:00+00:00,13105.67,13145.8,13030.3,13143.5,128498
2020-11-20T00:00:00+00:00,13143.5,13168.09,13037.34,13126.04,118004
2020-11-23T00:00:00+00:00,13126.04,13312.57,13120.07,13183.52,119457
2020-11-24T00:00:00+00:00,13183.52,13333.24,13183.52,13319.99,110892
2020-11-25T00:00:00+00:00,13319.99,13371.28,13230.28,13292.24,116041
2020-11-26T00:00:00+00:00,13292.24,13331.11,13246.36,13273.81,62747
2020-11-27T00:00:00+00:00,13273.81,13365.94,13238.94,13365.4,87024
2020-11-30T00:00:00+00:00,13365.4,13443.83,13222.83,13271.54,161149
2020-12-01T00:00:00+00:00,13271.54,13435.07,13271.54,13380.77,131375
2020-12-02T00:00:00+00:00,13380.77,13380.77,13267.06,13298.26,121394
2020-12-03T00:00:00+00:00,13298.26,13326.83,13179.08,13201.53,106569
2020-12-04T00:00:00+00:00,13201.53,13316.04,13200.54,13297.24,105028
2020-12-07T00:00:00+00:00,13297.24,13300.05,13156.3,13268,115660
2020-12-08T00:00:00+00:00,13268,13316.32,13196.32,13307.77,90456
2020-12-09T00:00:00+00:00,13307.77,13457.09,13280.84,13338.54,126012
2020-12-10T00:00:00+00:00,13338.54,13368.99,13207.49,13282.94,130430
2020-12-11T00:00:00+00:00,13282.94,13303.94,13003.44,13144.65,129102
2020-12-14T00:00:00+00:00,13144.65,13292.54,13142.29,13190.24,112402
2020-12-15T00:00:00+00:00,13190.24,13429.07,13179.07,13421.77,104781
2020-12-16T00:00:00+00:00,13421.77,13597.43,13379.43,13583.38,103694
2020-12-17T00:00:00+00:00,13583.38,13730.74,13560.24,13690.24,81556
2020-12-18T00:00:00+00:00,13690.24,13779.16,13605.16,13657.86,104285
2020-12-21T00:00:00+00:00,13657.86,13657.86,13048.19,13377.9,91274
2020-12-22T00:00:00+00:00,13377.9,13443.73,13233.88,13418.08,49098
2020-12-23T00:00:00+00:00,13418.08,13624.53,13334.53,13599.24,44237
2020-12-28T00:00:00+00:00,13599.24,13828.97,13599.24,13783.57,31275
2020-12-29T00:00:00+00:00,13783.57,13911.39,13694.39,13722.09,42549
2020-12-30T00:00:00+00:00,13722.09,13801.69,13662.69,13671.4,35468
2021-01-04T00:00:00+00:00,13671.4,13926.19,13593.09,13683.09,82344
2021-01-05T00:00:00+00:00,13683.09,13771.27,13566.33,13706.7,72689
2021-01-06T00:00:00+00:00,13706.7,13938.54,13615.6,13858.31,104095
2021-01-07T00:00:00+00:00,13858.31,14009.68,13858.31,13993.1,58665
2021-01-08T00:00:00+00:00,13993.1,14136.52,13993.1,14092.37,64245
2021-01-11T00:00:00+00:00,14092.37,14092.37,13806.17,13942.17,69037
2021-01-12T00:00:00+00:00,13942.17,14006.15,13843.04,13924.24,62038
2021-01-13T00:00:00+00:00,13924.24,13979,13867.68,13953.01,58375
2021-01-14T00:00:00+00:00,13953.01,14032.85,13938.75,13969.95,59583
2021-01-15T00:00:00+00:00,13969.95,13979.71,13672.31,13767.41,86152
2021-01-18T00:00:00+00:00,13767.41,13912.29,13692.95,13894.63,43359
2021-01-19T00:00:00+00:00,13894.63,13963.55,13802.94,13853.29,63925
2021-01-20T00:00:00+00:00,13853.29,13969.74,13796.39,13963.84,54775
2021-01-21T00:00:00+00:00,13963.84,14028.02,13870.91,13938.72,57277
2021-01-22T00:00:00+00:00,13938.72,13938.72,13742.24,13877.09,75226
2021-01-25T00:00:00+00:00,13877.09,13956.91,13598.81,13734.89,125219
2021-01-26T00:00:00+00:00,13734.89,13931.47,13588.81,13891.01,86334
2021-01-27T00:00:00+00:00,13891.01,13893.3,13474.1,13524.7,158456
2021-01-28T00:00:00+00:00,13524.7,13718.81,13307.97,13646.07,154041
2021-01-29T00:00:00+00:00,13646.07,13646.07,13366.87,13425.32,206146
2021-02-01T00:00:00+00:00,13425.32,13687.25,13394.08,13662.08,97706
2021-02-02T00:00:00+00:00,13662.08,13884.55,13634.18,13872.64,83832
2021-02-03T00:00:00+00:00,13872.64,13990.64,13860.26,13963.97,80061
2021-02-04T00:00:00+00:00,13963.97,14069.7,13906.01,14060.72,67412
2021-02-05T00:00:00+00:00,14060.72,14112.84,14009.64,14063.46,60125
2021-02-08T00:00:00+00:00,14063.46,14190.43,14039.84,14081.03,55660
2021-02-09T00:00:00+00:00,14081.03,14085.49,13956.66,14022.45,57012
2021-02-10T00:00:00+00:00,14022.45,14098.12,13824.2,13921.56,89825
2021-02-11T00:00:00+00:00,13921.56,14050.26,13896.49,14036.7,76005
2021-02-12T00:00:00+00:00,14036.7,14074.98,13911.71,14070.98,57976
2021-02-15T00:00:00+00:00,14070.98,14157.74,14070.98,14123.71,39894
2021-02-16T00:00:00+00:00,14123.71,14159.6,14035.12,14049.3,73776
2021-02-17T00:00:00+00:00,14049.3,14069.37,13882.06,13948.94,105730
2021-02-18T00:00:00+00:00,13948.94,13971.13,13850.67,13925.4,94289
2021-02-19T00:00:00+00:00,13925.4,14024.82,13849.77,13962.88,90284
2021-02-22T00:00:00+00:00,13962.88,14032.54,13796.2,13920.64,107170
2021-02-23T00:00:00+00:00,13920.64,14009.89,13660.18,13880.59,169989
2021-02-24T00:00:00+00:00,13880.59,14023.73,13787.06,14013.07,129697
2021-02-25T00:00:00+00:00,14013.07,14073.39,13742.04,13774.24,295864
2021-02-26T00:00:00+00:00,13774.24,13879.96,13642.48,13798.13,174154
2021-03-01T00:00:00+00:00,13798.13,14036.82,13798.13,14029.5,91510
2021-03-02T00:00:00+00:00,14029.5,14100.34,13922.56,14034.27,120114
2021-03-03T00:00:00+00:00,14034.27,14197.86,13974.99,14012.47,130656
2021-03-04T00:00:00+00:00,14012.47,14095.96,13898.43,13978.43,182266
2021-03-05T00:00:00+00:00,13978.43,14067.99,13863.41,14051.31,203501
2021-03-08T00:00:00+00:00,14051.31,14410.72,13959.14,14352.25,169191
2021-03-09T00:00:00+00:00,14352.25,14476.65,14305.92,14451.55,107925
2021-03-10T00:00:00+00:00,14451.55,14560.78,14386.11,14554.82,127763
2021-03-11T00:00:00+00:00,14554.82,14596.75,14515.09,14555.19,82792
2021-03-12T00:00:00+00:00,14555.19,14569.48,14449.35,14563.33,87634
2021-03-15T00:00:00+00:00,14563.33,14587.78,14406.67,14502.95,76270
2021-03-16T00:00:00+00:00,14502.95,14601.47,14477.77,14561.88,78271
2021-03-17T00:00:00+00:00,14561.88,14683.87,14529.47,14664.74,80262
2021-03-18T00:00:00+00:00,14664.74,14804.19,14659.37,14682.27,98778
2021-03-19T00:00:00+00:00,14682.27,14780.25,14594.02,14658.8,127617
2021-03-22T00:00:00+00:00,14658.8,14711.21,14569.99,14689.51,77126
2021-03-23T00:00:00+00:00,14689.51,14737.54,14545.13,14648.8,97209
2021-03-24T00:00:00+00:00,14648.8,14648.85,14548.42,14585.13,101262
2021-03-25T00:00:00+00:00,14585.13,14727.26,14448.41,14726.16,127853
2021-03-26T00:00:00+00:00,14726.16,14883.36,14701.56,14871.66,84928
2021-03-29T00:00:00+00:00,14871.66,14922.76,14748.94,14898.64,92190
2021-03-30T00:00:00+00:00,14898.64,15059.79,14881.33,15016.43,78516
2021-03-31T00:00:00+00:00,15016.43,15077.11,14983.96,15055.4,63472
2021-04-01T00:00:00+00:00,15055.4,15225.24,15044.13,15203.34,60824
2021-04-06T00:00:00+00:00,15203.34,15353.17,15196.2,15225.05,77357
2021-04-07T00:00:00+00:00,15225.05,15271.14,15186.86,15240.31,57830
2021-04-08T00:00:00+00:00,15240.31,15285.94,15175.08,15228.22,63774
2021-04-09T00:00:00+00:00,15228.22,15291.59,15185.08,15291.59,63370
2021-04-12T00:00:00+00:00,15291.59,15304.37,15217,15269.1,55099
2021-04-13T00:00:00+00:00,15269.1,15311.69,15210.54,15282.05,55115
2021-04-14T00:00:00+00:00,15282.05,15329.46,15194.76,15204.39,66255
2021-04-15T00:00:00+00:00,15204.39,15313.26,15204.39,15311.88,48910
2021-04-16T00:00:00+00:00,15311.88,15539.91,15287.91,15538.42,67112
2021-04-19T00:00:00+00:00,15538.42,15538.42,15363.67,15408.82,85361
2021-04-20T00:00:00+00:00,15408.82,15429.17,15134.43,15185.1,89550
2021-04-21T00:00:00+00:00,15185.1,15294.44,15101.4,15289.7,99225
2021-04-22T00:00:00+00:00,15289.7,15366.54,15240.83,15267.35,94078
2021-04-23T00:00:00+00:00,15267.35,15338.57,15175.87,15300.99,69583
2021-04-26T00:00:00+00:00,15300.99,15354.75,15261.82,15314.78,65881
2021-04-27T00:00:00+00:00,15314.78,15338.48,15211.17,15290.38,64309
2021-04-28T00:00:00+00:00,15290.38,15380.16,15258.68,15310.38,58853
2021-04-29T00:00:00+00:00,15310.38,15357.66,15104.79,15212.51,86246
2021-04-30T00:00:00+00:00,15212.51,15264.84,15116.17,15159.77,76742
2021-05-03T00:00:00+00:00,15159.77,15289.75,15127.17,15279.01,68299
2021-05-04T00:00:00+00:00,15279.01,15282.24,14843.55,14926.41,145666
2021-05-05T00:00:00+00:00,14926.41,15206.02,14926.41,15184.67,86089
2021-05-06T00:00:00+00:00,15184.67,15294.03,15103.52,15273.06,126621
2021-05-07T00:00:00+00:00,15273.06,15425.38,15253.94,15414.98,91775
2021-05-10T00:00:00+00:00,15414.98,15475.91,15316.61,15324.51,88365
2021-05-11T00:00:00+00:00,15324.51,15324.51,15010.93,15131.06,164272
2021-05-12T00:00:00+00:00,15131.06,15232.96,15002.31,15101.35,163038
2021-05-13T00:00:00+00:00,15101.35,15270.87,14813.76,15246.97,173686
2021-05-14T00:00:00+00:00,15246.97,15465.05,15214.78,15460.65,100220
2021-05-17T00:00:00+00:00,15460.65,15485.19,15352.04,15431.91,109883
2021-05-18T00:00:00+00:00,15431.91,15543.68,15324.89,15329.37,86756
2021-05-19T00:00:00+00:00,15329.37,15333.71,14960.1,15174.59,168957
2021-05-20T00:00:00+00:00,15174.59,15398.91,15102.05,15365.74,97957
2021-05-21T00:00:00+00:00,15365.74,15467.27,15352.32,15434.75,91232
2021-05-24T00:00:00+00:00,15434.75,15589.75,15432.69,15559.52,44011
2021-05-25T00:00:00+00:00,15559.52,15605.18,15456.04,15482.37,66364
2021-05-26T00:00:00+00:00,15482.37,15544.44,15403.69,15456.54,64986
2021-05-27T00:00:00+00:00,15456.54,15490.11,15349.16,15428.93,72386
2021-05-28T00:00:00+00:00,15428.93,15548.6,15428.93,15488.76,53193
2021-05-31T00:00:00+00:00,15488.76,15514.91,15412.34,15435.37,28164
2021-06-01T00:00:00+00:00,15435.37,15686.22,15434.74,15577.8,73469
2021-06-02T00:00:00+00:00,15577.8,15630.22,15548.97,15594.74,67019
2021-06-03T00:00:00+00:00,15594.74,15657.28,15472.94,15639.91,78366
2021-06-04T00:00:00+00:00,15639.91,15706.74,15580.23,15698.73,54577
2021-06-07T00:00:00+00:00,15698.73,15731.38,15609.83,15698.17,58061
2021-06-08T00:00:00+00:00,15698.17,15727.97,15635.68,15668.07,69533
2021-06-09T00:00:00+00:00,15668.07,15678.05,15501.39,15575.35,61229
2021-06-10T00:00:00+00:00,15575.35,15640.32,15514.25,15587.06,78293
2021-06-11T00:00:00+00:00,15587.06,15724.28,15548.29,15723.78,48241
2021-06-14T00:00:00+00:00,15723.78,15805.74,15670.7,15722.21,49784
2021-06-15T00:00:00+00:00,15722.21,15793.31,15713.19,15745.46,48246
2021-06-16T00:00:00+00:00,15745.46,15760.92,15669.61,15712.17,60169
2021-06-17T00:00:00+00:00,15712.17,15761.21,15628.2,15742.41,62096
2021-06-18T00:00:00+00:00,15742.41,15744.13,15423.84,15442.3,111352
2021-06-21T00:00:00+00:00,15442.3,15644.37,15274.47,15639.93,82866
2021-06-22T00:00:00+00:00,15639.93,15659.4,15512.67,15629.87,73468
2021-06-23T00:00:00+00:00,15629.87,15674.6,15453.04,15477.48,69798
2021-06-24T00:00:00+00:00,15477.48,15608.17,15475.49,15595.69,62105
2021-06-25T00:00:00+00:00,15595.69,15637.13,15532.33,15609.47,49289
2021-06-28T00:00:00+00:00,15609.47,15669.79,15540.77,15577.21,62662
2021-06-29T00:00:00+00:00,15577.21,15755.3,15532.82,15694.95,65198
2021-06-30T00:00:00+00:00,15694.95,15713.62,15458.47,15570.12,91439
2021-07-01T00:00:00+00:00,15570.12,15710.21,15489.9,15633.69,88037
2021-07-02T00:00:00+00:00,15633.69,15709.44,15600.99,15665.51,73865
2021-07-05T00:00:00+00:00,15665.51,15672.9,15531.14,15663.82,48694
2021-07-06T00:00:00+00:00,15663.82,15694.49,15462.79,15516.28,96060
2021-07-07T00:00:00+00:00,15516.28,15714.66,15481.82,15713.71,96849
2021-07-08T00:00:00+00:00,15713.71,15713.71,15303.04,15419.24,181724
2021-07-09T00:00:00+00:00,15419.24,15697.65,15358.25,15685.45,105636
2021-07-12T00:00:00+00:00,15685.45,15805.94,15630.56,15798.68,89970
2021-07-13T00:00:00+00:00,15798.68,15815.87,15746.83,15785.13,74289
2021-07-14T00:00:00+00:00,15785.13,15810.21,15713.46,15775.92,78732
2021-07-15T00:00:00+00:00,15775.92,15781.67,15588.42,15638.53,119385
2021-07-16T00:00:00+00:00,15638.53,15700.02,15474.85,15502.15,116212
2021-07-19T00:00:00+00:00,15502.15,15502.15,15045.21,15133.08,210028
2021-07-20T00:00:00+00:00,15133.08,15298.73,15089.81,15255.26,152789
2021-07-21T00:00:00+00:00,15255.26,15463.88,15194.76,15451.11,119337
2021-07-22T00:00:00+00:00,15451.11,15579.27,15436.58,15528.78,91370
2021-07-23T00:00:00+00:00,15528.78,15691.34,15528.78,15663.28,63336
2021-07-26T00:00:00+00:00,15663.28,15663.28,15542.9,15629.12,76348
2021-07-27T00:00:00+00:00,15629.12,15629.12,15419.58,15550.92,131375
2021-07-28T00:00:00+00:00,15550.92,15588.32,15484.05,15548.67,98294
2021-07-29T00:00:00+00:00,15548.67,15660.77,15507.14,15613.01,70799
2021-07-30T00:00:00+00:00,15613.01,15613.01,15437.29,15543.87,98836
2021-08-02T00:00:00+00:00,15543.87,15704.44,15509.45,15518.61,96897
2021-08-03T00:00:00+00:00,15518.61,15605.99,15491.46,15585.92,96718
2021-08-04T00:00:00+00:00,15585.92,15711.5,15552.32,15670.95,74248
2021-08-05T00:00:00+00:00,15670.95,15755.14,15658.38,15750.51,56566
2021-08-06T00:00:00+00:00,15750.51,15805.29,15721.58,15770.78,56425
2021-08-09T00:00:00+00:00,15770.78,15796.86,15694.69,15760.21,51279
2021-08-10T00:00:00+00:00,15760.21,15798.79,15716.96,15784.32,42641
2021-08-11T00:00:00+00:00,15784.32,15888.05,15721.68,15857.05,55131
2021-08-12T00:00:00+00:00,15857.05,15974.83,15812.98,15954.54,45412
2021-08-13T00:00:00+00:00,15954.54,16031.58,15928.04,15987.04,42093
2021-08-16T00:00:00+00:00,15987.04,15987.04,15849.41,15956.17,76162
2021-08-17T00:00:00+00:00,15956.17,15956.17,15808.4,15910.52,87831
2021-08-18T00:00:00+00:00,15910.52,15976.48,15869.83,15895.52,77292
2021-08-19T00:00:00+00:00,15895.52,15898.74,15622.07,15803.08,156810
2021-08-20T00:00:00+00:00,15803.08,15830.87,15653.23,15822.04,97220
2021-08-23T00:00:00+00:00,15822.04,15939.53,15796.65,15852.12,68045
2021-08-24T00:00:00+00:00,15852.12,15926.29,15852.12,15893.02,53172
2021-08-25T00:00:00+00:00,15893.02,15933.45,15838.54,15842.48,46878
2021-08-26T00:00:00+00:00,15842.48,15842.48,15694.93,15759.78,86678
2021-08-27T00:00:00+00:00,15759.78,15874.64,15727.08,15857.24,57630
2021-08-30T00:00:00+00:00,15857.24,15897.04,15815.27,15887.72,32678
2021-08-31T00:00:00+00:00,15887.72,16007.64,15758.61,15819.31,85328
2021-09-01T00:00:00+00:00,15819.31,15980.52,15770.43,15807.42,78917
2021-09-02T00:00:00+00:00,15807.42,15876.15,15764.56,15817.92,63015
2021-09-03T00:00:00+00:00,15817.92,15869.72,15685.68,15768.86,73327
2021-09-06T00:00:00+00:00,15768.86,15959.55,15725.1,15927.44,38710
2021-09-07T00:00:00+00:00,15927.44,15928.55,15817.36,15823.22,72722
2021-09-08T00:00:00+00:00,15823.22,15846.8,15587.8,15617.31,114056
2021-09-09T00:00:00+00:00,15617.31,15693.53,15450.31,15571.03,102506
2021-09-10T00:00:00+00:00,15571.03,15703.26,15547.59,15551.74,85674
2021-09-13T00:00:00+00:00,15551.74,15787.43,15551.74,15725.84,96797
2021-09-14T00:00:00+00:00,15725.84,15763.57,15660.35,15687.84,88716
2021-09-15T00:00:00+00:00,15687.84,15747.43,15612.14,15689.64,80090
2021-09-16T00:00:00+00:00,15689.64,15745.85,15636.2,15702.4,69703
2021-09-17T00:00:00+00:00,15702.4,15791.98,15428.51,15508.51,120278
2021-09-20T00:00:00+00:00,15508.51,15510.2,15017.61,15119.4,171064
2021-09-21T00:00:00+00:00,15119.4,15393.82,15119.4,15309.65,128536
2021-09-22T00:00:00+00:00,15309.65,15548.97,15248.23,15501.58,104442
2021-09-23T00:00:00+00:00,15501.58,15695.82,15501.58,15665.01,80448
2021-09-24T00:00:00+00:00,15665.01,15685.83,15491.57,15549.54,91518
2021-09-27T00:00:00+00:00,15549.54,15716.85,15548.77,15600.42,84717
2021-09-28T00:00:00+00:00,15600.42,15625.16,15225.02,15261.13,147290
2021-09-29T00:00:00+00:00,15261.13,15423.37,15235.89,15340.09,117662
2021-09-30T00:00:00+00:00,15340.09,15471.66,15201.39,15221.01,136364
2021-10-01T00:00:00+00:00,15221.01,15269.65,14979.31,15236.25,163815
2021-10-04T00:00:00+00:00,15236.25,15243.71,15011.01,15075.33,146289
2021-10-05T00:00:00+00:00,15075.33,15205.59,14989.85,15171.71,101304
2021-10-06T00:00:00+00:00,15171.71,15191.13,14810.55,15064.58,146872
2021-10-07T00:00:00+00:00,15064.58,15257.8,15064.58,15219.34,87461
2021-10-08T00:00:00+00:00,15219.34,15267.23,15180.58,15196.53,90031
2021-10-11T00:00:00+00:00,15196.53,15237.64,15089.76,15130.54,97161
2021-10-12T00:00:00+00:00,15130.54,15176.86,15005.16,15149.42,108981
2021-10-13T00:00:00+00:00,15149.42,15299.69,15106,15273.7,100072
2021-10-14T00:00:00+00:00,15273.7,15497.3,15273.7,15493.37,69990
2021-10-15T00:00:00+00:00,15493.37,15595.02,15460.79,15591.93,75111
2021-10-18T00:00:00+00:00,15591.93,15592.25,15414.43,15490.53,73542
2021-10-19T00:00:00+00:00,15490.53,15524.7,15452.5,15505.69,66615
2021-10-20T00:00:00+00:00,15505.69,15567.84,15457.99,15515.21,73198
2021-10-21T00:00:00+00:00,15515.21,15528.63,15393.36,15505.4,68155
2021-10-22T00:00:00+00:00,15505.4,15609.82,15484.8,15569.4,85073
2021-10-25T00:00:00+00:00,15569.4,15636.02,15526.52,15628.13,63502
2021-10-26T00:00:00+00:00,15628.13,15780,15628.13,15732.48,72670
2021-10-27T00:00:00+00:00,15732.48,15749.54,15666.02,15676.24,75727
2021-10-28T00:00:00+00:00,15676.24,15714.83,15626.43,15686.13,82518
2021-10-29T00:00:00+00:00,15686.13,15725.7,15493.9,15712.22,94597
2021-11-01T00:00:00+00:00,15712.22,15848.22,15712.22,15819.65,57527
2021-11-02T00:00:00+00:00,15819.65,15958.92,15768.57,15956.52,45853
2021-11-03T00:00:00+00:00,15956.52,16029.9,15918.28,16029.19,30537
2021-11-04T00:00:00+00:00,16029.19,16062.84,15993.72,16026.75,46040
2021-11-05T00:00:00+00:00,16026.75,16086.5,15990.41,16050.1,60417
2021-11-08T00:00:00+00:00,16050.1,16068.89,16008.54,16034.39,42642
2021-11-09T00:00:00+00:00,16034.39,16104.55,15992.43,16037.45,61073
2021-11-10T00:00:00+00:00,16037.45,16077.47,15985.25,16011.58,69804
2021-11-11T00:00:00+00:00,16011.58,16117.06,15998.86,16080.87,52519
2021-11-12T00:00:00+00:00,16080.87,16124.53,16065.81,16094.97,45014
2021-11-15T00:00:00+00:00,16094.97,16151.1,16069.46,16137.5,39486
2021-11-16T00:00:00+00:00,16137.5,16267.63,16118.02,16239.93,39350
2021-11-17T00:00:00+00:00,16239.93,16283.88,16210.32,16258.1,33127
2021-11-18T00:00:00+00:00,16258.1,16290.98,16192.9,16245.45,43861
2021-11-19T00:00:00+00:00,16245.45,16298.5,16092.16,16150.86,84335
2021-11-22T00:00:00+00:00,16150.86,16203.96,16058.89,16074.04,64554
2021-11-23T00:00:00+00:00,16074.04,16095.79,15864.81,16001.54,100995
2021-11-24T00:00:00+00:00,16001.54,16027.21,15740.12,15904.86,91096
2021-11-25T00:00:00+00:00,15904.86,15966.6,15863.21,15922.76,34530
2021-11-26T00:00:00+00:00,15922.76,15922.76,15024.76,15118.38,159757
2021-11-29T00:00:00+00:00,15118.38,15462.4,15118.38,15320.04,122944
2021-11-30T00:00:00+00:00,15320.04,15426.14,14908.71,15123.92,168264
2021-12-01T00:00:00+00:00,15123.92,15507.84,15108.19,15161.9,128350
2021-12-02T00:00:00+00:00,15161.9,15394.07,15161.9,15337.8,111960
2021-12-03T00:00:00+00:00,15337.8,15435.87,15082.64,15190.66,131463
2021-12-06T00:00:00+00:00,15190.66,15418.72,15146.22,15400.37,103022
2021-12-07T00:00:00+00:00,15400.37,15843.72,15374.22,15808.22,70794
2021-12-08T00:00:00+00:00,15808.22,15839.23,15678.56,15713.23,75458
2021-12-09T00:00:00+00:00,15713.23,15754.95,15599.51,15605.32,67119
2021-12-10T00:00:00+00:00,15605.32,15689.75,15527.12,15647.21,65640
2021-12-13T00:00:00+00:00,15647.21,15794.75,15586.49,15603.7,74007
2021-12-14T00:00:00+00:00,15603.7,15697.24,15425.98,15523.76,94008
2021-12-15T00:00:00+00:00,15523.76,15638.14,15446.55,15637.9,80936
2021-12-16T00:00:00+00:00,15637.9,15779.77,15525.86,15564.97,75141
2021-12-17T00:00:00+00:00,15564.97,15622.78,15427.62,15482.97,112692
2021-12-20T00:00:00+00:00,15482.97,15482.97,15066.86,15336.86,117817
2021-12-21T00:00:00+00:00,15336.86,15520.24,15307.84,15516.8,84373
2021-12-22T00:00:00+00:00,15516.8,15645.93,15429.46,15634.92,65050
2021-12-23T00:00:00+00:00,15634.92,15784.33,15608.16,15750.26,48980
2021-12-27T00:00:00+00:00,15750.26,15903.31,15671.35,15902.31,40147
2021-12-28T00:00:00+00:00,15902.31,15982.94,15835.65,15944.83,47313
2021-12-29T00:00:00+00:00,15944.83,15976.48,15804.9,15870.63,51290
2021-12-30T00:00:00+00:00,15870.63,15935,15839.63,15861.51,43492
2022-01-03T00:00:00+00:00,15861.51,16074.27,15859.63,16070.58,70083
2022-01-04T00:00:00+00:00,16070.58,16206.5,16012.85,16156.06,77821
2022-01-05T00:00:00+00:00,16156.06,16290.44,16078.95,16092.95,80553
2022-01-06T00:00:00+00:00,16092.95,16159.42,15968.99,16024.74,112751
2022-01-07T00:00:00+00:00,16024.74,16084.18,15864.56,15955.88,103314
2022-01-10T00:00:00+00:00,15955.88,16016.78,15726.6,15869.76,132461
2022-01-11T00:00:00+00:00,15869.76,16009.47,15836.72,16004.92,107904
2022-01-12T00:00:00+00:00,16004.92,16078.45,15951.83,16012.34,101524
2022-01-13T00:00:00+00:00,16012.34,16090.73,15890.11,15909.93,97600
2022-01-14T00:00:00+00:00,15909.93,15973.25,15833.77,15939.43,130768
2022-01-17T00:00:00+00:00,15939.43,15971.32,15891.55,15939.22,45334
2022-01-18T00:00:00+00:00,15939.22,15967.64,15671.37,15779.64,131158
2022-01-19T00:00:00+00:00,15779.64,15902.66,15626.98,15779.86,133974
2022-01-20T00:00:00+00:00,15779.86,15924.13,15728.46,15774.43,112242
2022-01-21T00:00:00+00:00,15774.43,15774.43,15450.84,15464.05,166251
2022-01-24T00:00:00+00:00,15464.05,15590.65,14840.48,15272.05,229377
2022-01-25T00:00:00+00:00,15272.05,15272.05,14982.51,15169.91,195369
2022-01-26T00:00:00+00:00,15169.91,15555.64,15133.89,15372.6,164218
2022-01-27T00:00:00+00:00,15372.6,15588.34,15046,15420.58,226888
2022-01-28T00:00:00+00:00,15420.58,15511.55,15122.96,15442.75,203171
2022-01-31T00:00:00+00:00,15442.75,15580.78,15339.1,15573.58,140626
2022-02-01T00:00:00+00:00,15573.58,15689.45,15483.1,15665.05,113419
2022-02-02T00:00:00+00:00,15665.05,15739.75,15591.52,15641.03,111942
2022-02-03T00:00:00+00:00,15641.03,15641.03,15291.23,15300.75,142735
2022-02-04T00:00:00+00:00,15300.75,15503.37,15059.74,15159.67,143863
2022-02-07T00:00:00+00:00,15159.67,15261.78,15076.85,15191.88,130604
2022-02-08T00:00:00+00:00,15191.88,15343.13,15159.58,15283.07,116767
2022-02-09T00:00:00+00:00,15283.07,15534.32,15283.07,15533.79,87370
2022-02-10T00:00:00+00:00,15533.79,15616.59,15357.07,15400.15,155048
2022-02-11T00:00:00+00:00,15400.15,15508.13,15116.78,15162.99,160645
2022-02-14T00:00:00+00:00,15162.99,15216.1,14837.1,15081.1,168965
2022-02-15T00:00:00+00:00,15081.1,15431.39,15006.39,15426.1,126533
2022-02-16T00:00:00+00:00,15426.1,15537.23,15318.75,15427.5,125635
2022-02-17T00:00:00+00:00,15427.5,15433.35,15128.8,15161.4,118494
2022-02-18T00:00:00+00:00,15161.4,15351.19,14980.54,15038.82,131395
2022-02-21T00:00:00+00:00,15038.82,15231.8,14387.77,14465.65,139502
2022-02-22T00:00:00+00:00,14465.65,14778.82,14300.22,14662.22,197441
2022-02-23T00:00:00+00:00,14662.22,14896.6,14475.86,14505.86,118095
2022-02-24T00:00:00+00:00,14505.86,14505.86,13787.03,14306.03,241866
2022-02-25T00:00:00+00:00,14306.03,14665.78,14020.03,14662.73,186279
2022-02-28T00:00:00+00:00,14662.73,14662.73,13930.68,14291.43,165890
2022-03-01T00:00:00+00:00,14291.43,14471.28,13755.28,13828.28,211490
2022-03-02T00:00:00+00:00,13828.28,14112.29,13704.02,14008.22,184359
2022-03-03T00:00:00+00:00,14008.22,14065.2,13600.2,13652.4,170636
2022-03-04T00:00:00+00:00,13652.4,13652.4,12968.56,13113.64,163748
2022-03-07T00:00:00+00:00,13113.64,13142.98,12425.88,12638.08,181180
2022-03-08T00:00:00+00:00,12638.08,13338.73,12461.48,13009.48,224075
2022-03-09T00:00:00+00:00,13009.48,13990.75,12967.36,13838.56,192105
2022-03-10T00:00:00+00:00,13838.56,13851.3,13335.3,13493,165216
2022-03-11T00:00:00+00:00,13493,14094.36,13269.36,13536.06,188202
2022-03-14T00:00:00+00:00,13536.06,14079.33,13536.06,13893.73,197919
2022-03-15T00:00:00+00:00,13893.73,14007.84,13572.59,13982.09,186652
2022-03-16T00:00:00+00:00,13982.09,14556.05,13926.44,14505.95,208932
2022-03-17T00:00:00+00:00,14505.95,14527.76,14240.26,14366.26,127585
2022-03-18T00:00:00+00:00,14366.26,14526.53,14134.38,14499.03,137311
2022-03-21T00:00:00+00:00,14499.03,14499.03,14255.13,14345.35,100598
2022-03-22T00:00:00+00:00,14345.35,14558.28,14260.41,14532.83,73833
2022-03-23T00:00:00+00:00,14532.83,14611.62,14226.81,14230.81,90836
2022-03-24T00:00:00+00:00,14230.81,14409.1,14217.39,14370.1,92857
2022-03-25T00:00:00+00:00,14370.1,14461.4,14275.38,14412.93,89387
2022-03-28T00:00:00+00:00,14412.93,14662.15,14330.36,14567.44,98647
2022-03-29T00:00:00+00:00,14567.44,14959.34,14567.44,14880.79,126016
2022-03-30T00:00:00+00:00,14880.79,14880.79,14558.49,14629.24,94250
2022-03-31T00:00:00+00:00,14629.24,14763.94,14355.06,14368.72,102594
2022-04-01T00:00:00+00:00,14368.72,14539.69,14368.72,14505.88,96842
2022-04-04T00:00:00+00:00,14505.88,14599.39,14362.36,14588.43,86352
2022-04-05T00:00:00+00:00,14588.43,14635.16,14367.44,14405.31,91561
2022-04-06T00:00:00+00:00,14405.31,14468.22,14056.5,14175.02,134493
2022-04-07T00:00:00+00:00,14175.02,14348.46,14064.98,14229.11,114547
2022-04-08T00:00:00+00:00,14229.11,14354.7,14166.32,14252.32,100895
2022-04-11T00:00:00+00:00,14252.32,14333.23,14088.04,14099.42,107605
2022-04-12T00:00:00+00:00,14099.42,14210.38,13910.71,14045.61,130567
2022-04-13T00:00:00+00:00,14045.61,14176.27,13988.45,14128.35,100027
2022-04-14T00:00:00+00:00,14128.35,14232.19,14066.02,14122.34,106621
2022-04-19T00:00:00+00:00,14122.34,14268.57,14016.83,14268.27,105586
2022-04-20T00:00:00+00:00,14268.27,14407.58,14164.23,14365.13,105939
2022-04-21T00:00:00+00:00,14365.13,14627.84,14330.18,14353.07,111838
2022-04-22T00:00:00+00:00,14353.07,14401.21,14068.94,14084.94,127978
2022-04-25T00:00:00+00:00,14084.94,14131.05,13878.75,14111,171685
2022-04-26T00:00:00+00:00,14111,14190.47,13664.81,13665.82,148078
2022-04-27T00:00:00+00:00,13665.82,13877.56,13585.51,13772.51,169740
2022-04-28T00:00:00+00:00,13772.51,14148.82,13772.51,14113.36,140608
2022-04-29T00:00:00+00:00,14113.36,14214.37,13903.02,13923.24,144608
2022-05-02T00:00:00+00:00,13923.24,14051.68,13816.68,13971.68,151816
2022-05-03T00:00:00+00:00,13971.68,14092.87,13930.99,14026.97,150344
2022-05-04T00:00:00+00:00,14026.97,14278.78,13974.18,14267.33,132930
2022-05-05T00:00:00+00:00,14267.33,14329.21,13798.1,13874.1,179002
2022-05-06T00:00:00+00:00,13874.1,13907.55,13596,13682.9,206446
2022-05-09T00:00:00+00:00,13682.9,13701.3,13349.67,13399.85,191629
2022-05-10T00:00:00+00:00,13399.85,13726.98,13280.87,13593.78,196054
2022-05-11T00:00:00+00:00,13593.78,13881.39,13514.28,13614.79,202642
2022-05-12T00:00:00+00:00,13614.79,13812.07,13479.75,13727.76,225676
2022-05-13T00:00:00+00:00,13727.76,14066.57,13727.76,14048.56,144646
2022-05-16T00:00:00+00:00,14048.56,14098,13861.57,14007.7,158220
2022-05-17T00:00:00+00:00,14007.7,14249.83,14007.7,14249.33,137887
2022-05-18T00:00:00+00:00,14249.33,14254.03,13867.87,13883.41,126751
2022-05-19T00:00:00+00:00,13883.41,13976.9,13676.4,13903.51,180520
2022-05-20T00:00:00+00:00,13903.51,14153.93,13846.78,14025.74,169490
2022-05-23T00:00:00+00:00,14025.74,14221.98,14017.83,14162.73,154840
2022-05-24T00:00:00+00:00,14162.73,14162.73,13901.4,14010.6,187809
2022-05-25T00:00:00+00:00,14010.6,14099.13,13862.65,14050.83,188035
2022-05-26T00:00:00+00:00,14050.83,14288.73,13979.95,14264.2,141372
2022-05-27T00:00:00+00:00,14264.2,14496.83,14218.13,14493.08,129094
2022-05-30T00:00:00+00:00,14493.08,14603.05,14483.13,14579.38,60030
2022-05-31T00:00:00+00:00,14579.38,14579.38,14352.16,14410.46,150400
2022-06-01T00:00:00+00:00,14410.46,14495.24,14307.9,14355.24,130839
2022-06-02T00:00:00+00:00,14355.24,14603.37,14323.67,14600.28,106965
2022-06-03T00:00:00+00:00,14600.28,14638.6,14438.27,14484.9,108070
2022-06-06T00:00:00+00:00,14484.9,14709.81,14481.4,14619.77,102462
2022-06-07T00:00:00+00:00,14619.77,14619.77,14454.44,14603.23,107577
2022-06-08T00:00:00+00:00,14603.23,14627.91,14351.65,14375.47,109042
2022-06-09T00:00:00+00:00,14375.47,14419.53,14086.04,14089.53,125978
2022-06-10T00:00:00+00:00,14089.53,14129.73,13739.77,13785.9,152299
2022-06-13T00:00:00+00:00,13785.9,13785.9,13376.55,13449.69,198042
2022-06-14T00:00:00+00:00,13449.69,13604.24,13217.94,13317.34,165523
2022-06-15T00:00:00+00:00,13317.34,13618.95,13301.55,13551.55,183384
2022-06-16T00:00:00+00:00,13551.55,13673.7,12945.7,12990.62,322770
2022-06-17T00:00:00+00:00,12990.62,13222.66,12983.73,13135.65,183378
2022-06-20T00:00:00+00:00,13135.65,13276.96,13042.01,13251.21,71246
2022-06-21T00:00:00+00:00,13251.21,13427.39,13215.09,13236.19,91201
2022-06-22T00:00:00+00:00,13236.19,13236.19,12952.01,13099.76,107710
2022-06-23T00:00:00+00:00,13099.76,13143.67,12819.92,12958.17,120030
2022-06-24T00:00:00+00:00,12958.17,13215.2,12890.38,13211.45,87790
2022-06-27T00:00:00+00:00,13211.45,13371.36,13109.14,13140.6,103747
2022-06-28T00:00:00+00:00,13140.6,13350.97,13095.94,13103.7,117860
2022-06-29T00:00:00+00:00,13103.7,13160.41,12930.42,12984.07,123145
2022-06-30T00:00:00+00:00,12984.07,12992.08,12604,12808.88,146350
2022-07-01T00:00:00+00:00,12808.88,12915.44,12611.48,12912.72,134601
2022-07-04T00:00:00+00:00,12912.72,12953.49,12728.17,12779.13,61399
2022-07-05T00:00:00+00:00,12779.13,12896.95,12373.3,12549.79,135535
2022-07-06T00:00:00+00:00,12549.79,12675.71,12441.34,12638.92,124126
2022-07-07T00:00:00+00:00,12638.92,12865.48,12602.14,12858.54,96479
2022-07-08T00:00:00+00:00,12858.54,13009.46,12754.01,12959.62,103819
2022-07-11T00:00:00+00:00,12959.62,12959.62,12761.53,12827.75,111296
2022-07-12T00:00:00+00:00,12827.75,12932.12,12641.3,12817.37,122559
2022-07-13T00:00:00+00:00,12817.37,12857.87,12610.89,12780.45,110723
2022-07-14T00:00:00+00:00,12780.45,12800.57,12424.1,12590.82,136905
2022-07-15T00:00:00+00:00,12590.82,12871.41,12520.58,12852.37,123478
2022-07-18T00:00:00+00:00,12852.37,13057.22,12825.95,12850.28,112621
2022-07-19T00:00:00+00:00,12850.28,13351.37,12813.57,13321.72,92963
2022-07-20T00:00:00+00:00,13321.72,13436.74,13113.7,13200.49,117099
2022-07-21T00:00:00+00:00,13200.49,13357.42,13083.16,13238.17,134211
2022-07-22T00:00:00+00:00,13238.17,13356.41,13140.49,13169.09,117875
2022-07-25T00:00:00+00:00,13169.09,13327.48,13120.05,13223.8,82179
2022-07-26T00:00:00+00:00,13223.8,13223.8,13031.7,13068.9,94740
2022-07-27T00:00:00+00:00,13068.9,13249.71,13068.9,13231.11,90519
2022-07-28T00:00:00+00:00,13231.11,13341.25,13083.13,13332.87,115523
2022-07-29T00:00:00+00:00,13332.87,13541.64,13329.34,13539.71,104736
2022-08-01T00:00:00+00:00,13539.71,13563.95,13411.2,13475.49,100690
2022-08-02T00:00:00+00:00,13475.49,13499.77,13324.37,13411.67,122521
2022-08-03T00:00:00+00:00,13411.67,13637.48,13373.62,13619.68,93825
2022-08-04T00:00:00+00:00,13619.68,13787.39,13604.11,13647.44,92104
2022-08-05T00:00:00+00:00,13647.44,13685.49,13549.6,13620.3,99168
2022-08-08T00:00:00+00:00,13620.3,13740.87,13589.25,13630.39,100004
2022-08-09T00:00:00+00:00,13630.39,13674.93,13505.13,13521.56,97433
2022-08-10T00:00:00+00:00,13521.56,13719.7,13446.16,13715.79,95547
2022-08-11T00:00:00+00:00,13715.79,13793.23,13624.42,13656.66,113143
2022-08-12T00:00:00+00:00,13656.66,13878.05,13647.23,13877.35,75320
2022-08-15T00:00:00+00:00,13877.35,13877.35,13728.94,13852.44,71839
2022-08-16T00:00:00+00:00,13852.44,13968.41,13815.55,13934.98,85577
2022-08-17T00:00:00+00:00,13934.98,13957.8,13599.03,13653.05,104224
2022-08-18T00:00:00+00:00,13653.05,13776.74,13604.17,13696.17,87190
2022-08-19T00:00:00+00:00,13696.17,13696.17,13502.87,13529.3,98381
2022-08-22T00:00:00+00:00,13529.3,13529.3,13175,13196.5,100416
2022-08-23T00:00:00+00:00,13196.5,13295.3,13114.45,13145.7,95484
2022-08-24T00:00:00+00:00,13145.7,13238.35,13075.35,13183.25,86326
2022-08-25T00:00:00+00:00,13183.25,13367.78,13183.25,13341.78,93451
2022-08-26T00:00:00+00:00,13341.78,13373.27,12850.42,12859.42,107740
2022-08-29T00:00:00+00:00,12859.42,12942.54,12699.04,12906.79,132302
2022-08-30T00:00:00+00:00,12906.79,13154.59,12875.59,12925.24,137702
2022-08-31T00:00:00+00:00,12925.24,13048.73,12793.21,12812.47,150638
2022-09-01T00:00:00+00:00,12812.47,12812.47,12597.86,12781.51,133397
2022-09-02T00:00:00+00:00,12781.51,13054.26,12630.91,12688.4,140997
2022-09-05T00:00:00+00:00,12688.4,12793.36,12591.25,12737.77,80169
2022-09-06T00:00:00+00:00,12737.77,12927.07,12720.21,12808.72,145463
2022-09-07T00:00:00+00:00,12808.72,12991.21,12697.23,12988.98,139059
2022-09-08T00:00:00+00:00,12988.98,13037.53,12683.86,12857.01,180926
2022-09-09T00:00:00+00:00,12857.01,13135.33,12857.01,13124.08,142235
2022-09-12T00:00:00+00:00,13124.08,13444.32,13124.08,13403.2,137928
2022-09-13T00:00:00+00:00,13403.2,13570.03,13065.69,13071.94,162735
2022-09-14T00:00:00+00:00,13071.94,13195.86,12950.34,13068.24,158465
2022-09-15T00:00:00+00:00,13068.24,13111.36,12906.5,12936.74,99453
2022-09-16T00:00:00+00:00,12936.74,12936.74,12674.16,12750.66,123551
2022-09-19T00:00:00+00:00,12750.66,12861.27,12588.61,12857.75,85220
2022-09-20T00:00:00+00:00,12857.75,12926.14,12521.29,12618.53,130690
2022-09-21T00:00:00+00:00,12618.53,12846.17,12502.02,12575.91,157496
2022-09-22T00:00:00+00:00,12575.91,12768.97,12432.11,12570.86,191172
2022-09-23T00:00:00+00:00,12570.86,12606.34,12163.7,12288.1,175705
2022-09-26T00:00:00+00:00,12288.1,12355.57,12150.21,12209.46,188199
2022-09-27T00:00:00+00:00,12209.46,12400.89,11969.52,12086.79,185453
2022-09-28T00:00:00+00:00,12086.79,12308.27,11846.61,12278.5,202513
2022-09-29T00:00:00+00:00,12278.5,12282.81,11852.16,11989.06,200519
2022-09-30T00:00:00+00:00,11989.06,12125.73,11905.37,11961.61,208107
2022-10-03T00:00:00+00:00,11961.61,12261.23,11795.74,12210.98,178634
2022-10-04T00:00:00+00:00,12210.98,12662.92,12210.98,12641.81,192299
2022-10-05T00:00:00+00:00,12641.81,12650.64,12440.14,12586.06,186687
2022-10-06T00:00:00+00:00,12586.06,12688.15,12404.98,12419.38,194358
2022-10-07T00:00:00+00:00,12419.38,12485.4,12182.03,12229.28,177580
2022-10-10T00:00:00+00:00,12229.28,12400.67,12106.82,12287.57,183753
2022-10-11T00:00:00+00:00,12287.57,12304,12084.83,12138.23,225089
2022-10-12T00:00:00+00:00,12138.23,12290.36,12089.35,12151.25,223972
2022-10-13T00:00:00+00:00,12151.25,12485.11,11986.45,12458.35,213096
2022-10-14T00:00:00+00:00,12458.35,12668.89,12344.53,12353.78,237112
2022-10-17T00:00:00+00:00,12353.78,12708.38,12353.78,12634.28,176619
2022-10-18T00:00:00+00:00,12634.28,12923.94,12634.28,12805.34,210328
2022-10-19T00:00:00+00:00,12805.34,12935.58,12658.06,12724.32,205235
2022-10-20T00:00:00+00:00,12724.32,12811.39,12617.37,12654.27,204270
2022-10-21T00:00:00+00:00,12654.27,12838.27,12531.61,12838.03,190860
2022-10-24T00:00:00+00:00,12838.03,13006.12,12734.6,12919.5,213425
2022-10-25T00:00:00+00:00,12919.5,13089.19,12777.02,13087.94,161029
2022-10-26T00:00:00+00:00,13087.94,13210.41,13008.04,13125.3,180981
2022-10-27T00:00:00+00:00,13125.3,13252.38,13044.27,13159.78,187590
2022-10-28T00:00:00+00:00,13159.78,13345.03,13040.37,13334.78,167973
2022-10-31T00:00:00+00:00,13334.78,13334.78,13206.83,13246.24,130072
2022-11-01T00:00:00+00:00,13246.24,13437.17,13246.24,13345.05,151804
2022-11-02T00:00:00+00:00,13345.05,13410.21,13125.19,13137.94,161943
2022-11-03T00:00:00+00:00,13137.94,13190.34,13011.2,13119.61,168857
2022-11-04T00:00:00+00:00,13119.61,13538.45,13089.59,13482.1,198782
2022-11-07T00:00:00+00:00,13482.1,13608.07,13380.59,13537.47,148631
2022-11-08T00:00:00+00:00,13537.47,13697.39,13483.37,13642.77,126048
2022-11-09T00:00:00+00:00,13642.77,13688.81,13551.79,13576.69,152850
2022-11-10T00:00:00+00:00,13576.69,14182.28,13567.02,14182.28,155279
2022-11-11T00:00:00+00:00,14182.28,14329.22,14144.21,14312.96,154783
2022-11-14T00:00:00+00:00,14312.96,14432.41,14241.54,14243.29,125463
2022-11-15T00:00:00+00:00,14243.29,14441.38,14122.03,14271.27,187275
2022-11-16T00:00:00+00:00,14271.27,14383.84,14179.98,14236.74,146025
2022-11-17T00:00:00+00:00,14236.74,14382.59,14144.58,14325,154276
2022-11-18T00:00:00+00:00,14325,14456.65,14296.28,14449.78,127494
2022-11-21T00:00:00+00:00,14449.78,14449.78,14318.67,14409.07,126063
2022-11-22T00:00:00+00:00,14409.07,14488.71,14339.72,14478.75,114004
2022-11-23T00:00:00+00:00,14478.75,14483.62,14357.96,14432.87,120849
2022-11-24T00:00:00+00:00,14432.87,14573.74,14432.87,14553.62,57469
2022-11-25T00:00:00+00:00,14553.62,14581.43,14495.26,14542.91,68565
2022-11-28T00:00:00+00:00,14542.91,14542.91,14337.79,14354.54,111279
2022-11-29T00:00:00+00:00,14354.54,14470.65,14324.98,14410.9,125705
2022-11-30T00:00:00+00:00,14410.9,14559.91,14353.4,14556.65,152550
2022-12-01T00:00:00+00:00,14556.65,14605.96,14415.81,14489.22,152178
2022-12-02T00:00:00+00:00,14489.22,14584.89,14361.88,14551.78,126756
2022-12-05T00:00:00+00:00,14551.78,14551.78,14392.14,14435.55,110090
2022-12-06T00:00:00+00:00,14435.55,14474.79,14241.92,14295.69,129429
2022-12-07T00:00:00+00:00,14295.69,14373.93,14220.41,14280.82,142466
2022-12-08T00:00:00+00:00,14280.82,14303.2,14190.53,14289.94,123053
2022-12-09T00:00:00+00:00,14289.94,14387.63,14209.03,14325.03,149548
2022-12-12T00:00:00+00:00,14325.03,14368.39,14257.37,14365.79,118843
2022-12-13T00:00:00+00:00,14365.79,14677.49,14298.47,14459.38,166164
2022-12-14T00:00:00+00:00,14459.38,14494.11,14359.6,14382.86,65662
2022-12-15T00:00:00+00:00,14382.86,14447.18,13964.02,13996.44,175456
2022-12-16T00:00:00+00:00,13996.44,14039,13810.85,13908.24,190716
2022-12-19T00:00:00+00:00,13908.24,13997.49,13870.12,13896.87,133587
2022-12-20T00:00:00+00:00,13896.87,13946.3,13688.78,13914.05,156277
2022-12-21T00:00:00+00:00,13914.05,14096.86,13901.26,14054.75,109050
2022-12-22T00:00:00+00:00,14054.75,14153.34,13829.47,13933.72,134699
2022-12-23T00:00:00+00:00,13933.72,13996.19,13861.69,13950.09,99446
2022-12-27T00:00:00+00:00,13950.09,14057.31,13950.09,13973.7,81507
2022-12-28T00:00:00+00:00,13973.7,14015.53,13867.69,13873.95,102783
2022-12-29T00:00:00+00:00,13873.95,14077.52,13855.15,14050.42,85063
2022-12-30T00:00:00+00:00,14050.42,14050.42,13811.21,13831.47,86422
2023-01-02T00:00:00+00:00,13831.47,14092.42,13831.47,14047.31,37670
2023-01-03T00:00:00+00:00,14047.31,14290.11,13895.26,14209.5,197139
2023-01-04T00:00:00+00:00,14209.5,14504.36,14194.51,14487.27,192601
2023-01-05T00:00:00+00:00,14487.27,14502.77,14396.25,14445.65,160542
2023-01-06T00:00:00+00:00,14445.65,14677.84,14380.69,14660.09,163696
2023-01-09T00:00:00+00:00,14660.09,14830.15,14622.15,14730.06,140649
2023-01-10T00:00:00+00:00,14730.06,14843.99,14671.97,14842.24,130468
2023-01-11T00:00:00+00:00,14842.24,15004.57,14794.16,15004.56,105647
2023-01-12T00:00:00+00:00,15004.56,15125.53,14942.25,15096.77,183663
2023-01-13T00:00:00+00:00,15096.77,15151.97,15036.56,15148.95,122882
2023-01-16T00:00:00+00:00,15148.95,15198.09,15083.42,15112.07,56155
2023-01-17T00:00:00+00:00,15112.07,15273.56,15081.54,15186.95,103642
2023-01-18T00:00:00+00:00,15186.95,15269.85,15122.58,15127.1,124414
2023-01-19T00:00:00+00:00,15127.1,15138.53,14904.51,14988.42,147756
2023-01-20T00:00:00+00:00,14988.42,15101.78,14939.63,15098.02,104070
2023-01-23T00:00:00+00:00,15098.02,15149.12,15022.1,15129.52,94407
2023-01-24T00:00:00+00:00,15129.52,15161,15020.34,15103.74,100614
2023-01-25T00:00:00+00:00,15103.74,15146.86,14966.19,15146.61,110135
2023-01-26T00:00:00+00:00,15146.61,15221.72,15067.06,15179.96,119266
2023-01-27T00:00:00+00:00,15179.96,15187.15,15072.99,15153.4,98838
2023-01-30T00:00:00+00:00,15153.4,15163.87,14985.36,15104.27,118337
2023-01-31T00:00:00+00:00,15104.27,15195.44,14991.02,15194.42,103426
2023-02-01T00:00:00+00:00,15194.42,15318.47,15103.8,15268.7,145107
2023-02-02T00:00:00+00:00,15268.7,15543.82,15255.8,15523.56,179332
2023-02-03T00:00:00+00:00,15523.56,15523.56,15345.43,15423.85,170195
2023-02-06T00:00:00+00:00,15423.85,15423.85,15276.29,15358.69,137482
2023-02-07T00:00:00+00:00,15358.69,15439.66,15273.49,15434.39,179114
2023-02-08T00:00:00+00:00,15434.39,15491.7,15370.2,15440.61,141746
2023-02-09T00:00:00+00:00,15440.61,15660.9,15403.53,15433.78,152739
2023-02-10T00:00:00+00:00,15433.78,15482.77,15232.66,15328.67,174119
2023-02-13T00:00:00+00:00,15328.67,15429.27,15241.26,15425.53,98015
2023-02-14T00:00:00+00:00,15425.53,15528.63,15360.13,15462.03,196877
2023-02-15T00:00:00+00:00,15462.03,15564.82,15352.05,15564.3,132817
2023-02-16T00:00:00+00:00,15564.3,15633.72,15408.71,15500.1,142464
2023-02-17T00:00:00+00:00,15500.1,15527.89,15291.72,15520.62,145760
2023-02-20T00:00:00+00:00,15520.62,15551.18,15432.54,15470.94,55007
2023-02-21T00:00:00+00:00,15470.94,15485.77,15280.61,15368.03,152838
2023-02-22T00:00:00+00:00,15368.03,15447.36,15241.09,15398.11,168721
2023-02-23T00:00:00+00:00,15398.11,15553.73,15398.11,15529.13,128588
2023-02-24T00:00:00+00:00,15529.13,15542.75,15180.08,15232.49,164783
2023-02-27T00:00:00+00:00,15232.49,15483.16,15232.49,15408.55,120679
2023-02-28T00:00:00+00:00,15408.55,15444.6,15284.6,15356.51,128792
2023-03-01T00:00:00+00:00,15356.51,15480.82,15249.82,15322.23,154817
2023-03-02T00:00:00+00:00,15322.23,15384.64,15142.99,15379.88,159114
2023-03-03T00:00:00+00:00,15379.88,15633.66,15347.14,15625.88,117741
2023-03-06T00:00:00+00:00,15625.88,15677.97,15581.95,15639.36,106321
2023-03-07T00:00:00+00:00,15639.36,15706.97,15513.61,15531.38,129887
2023-03-08T00:00:00+00:00,15531.38,15671.13,15489.76,15651.01,132690
2023-03-09T00:00:00+00:00,15651.01,15666.16,15472.79,15504.04,108802
2023-03-10T00:00:00+00:00,15504.04,15504.04,15268.87,15291.63,310177
2023-03-13T00:00:00+00:00,15291.63,15486.69,14884.42,14971.43,393064
2023-03-14T00:00:00+00:00,14971.43,15273.21,14908.86,15231.63,253448
2023-03-15T00:00:00+00:00,15231.63,15255.78,14695.11,14876.54,321989
2023-03-16T00:00:00+00:00,14876.54,15050.41,14656.65,15034.13,237373
2023-03-17T00:00:00+00:00,15034.13,15199.32,14733.33,14808.97,230386
2023-03-20T00:00:00+00:00,14808.97,15044.6,14506.19,15044.08,269693
2023-03-21T00:00:00+00:00,15044.08,15314.42,15044.08,15313.67,141168
2023-03-22T00:00:00+00:00,15313.67,15351.82,15114.81,15155.08,176767
2023-03-23T00:00:00+00:00,15155.08,15289.55,15052.2,15187.95,176458
2023-03-24T00:00:00+00:00,15187.95,15228.74,14845.57,15066.97,240236
2023-03-27T00:00:00+00:00,15066.97,15237.86,15064.35,15217.76,143013
2023-03-28T00:00:00+00:00,15217.76,15312.7,15128.33,15172.08,114943
2023-03-29T00:00:00+00:00,15172.08,15423.78,15172.08,15411.55,101685
2023-03-30T00:00:00+00:00,15411.55,15588.81,15386.95,15581.71,93920
2023-03-31T00:00:00+00:00,15581.71,15711.6,15550.1,15696.5,88639
2023-04-03T00:00:00+00:00,15696.5,15712.18,15604.16,15682.06,106989
2023-04-04T00:00:00+00:00,15682.06,15791.57,15636.72,15667.22,98345
2023-04-05T00:00:00+00:00,15667.22,15676.71,15528.69,15588.61,98332
2023-04-06T00:00:00+00:00,15588.61,15712.4,15537.38,15687.15,78232
2023-04-11T00:00:00+00:00,15687.15,15786.14,15676.47,15723.88,73046
2023-04-12T00:00:00+00:00,15723.88,15885.9,15708.54,15741.81,106745
2023-04-13T00:00:00+00:00,15741.81,15833.74,15718.24,15827.5,78683
2023-04-14T00:00:00+00:00,15827.5,15896.24,15808.37,15857.14,92666
2023-04-17T00:00:00+00:00,15857.14,15958.69,15815.67,15877.09,72234
2023-04-18T00:00:00+00:00,15877.09,15972.65,15854.14,15957.79,66781
2023-04-19T00:00:00+00:00,15957.79,15979.75,15882.09,15965.5,70259
2023-04-20T00:00:00+00:00,15965.5,15965.5,15786.95,15852.36,85125
2023-04-21T00:00:00+00:00,15852.36,15966.24,15758.58,15956.48,96440
2023-04-24T00:00:00+00:00,15956.48,15974.06,15885.06,15937.45,61344
2023-04-25T00:00:00+00:00,15937.45,15946.32,15836.46,15839.73,85085
2023-04-26T00:00:00+00:00,15839.73,15881.04,15742.89,15793.78,116501
2023-04-27T00:00:00+00:00,15793.78,15925.97,15753.08,15925.47,89460
2023-04-28T00:00:00+00:00,15925.47,16004.95,15728.31,15995.21,121965
2023-05-02T00:00:00+00:00,15995.21,16059.1,15745.08,15811,120378
2023-05-03T00:00:00+00:00,15811,15933.46,15786.79,15821.71,132120
2023-05-04T00:00:00+00:00,15821.71,15870.03,15689.36,15778.27,162152
2023-05-05T00:00:00+00:00,15778.27,16025.84,15773.2,16004.11,91644
2023-05-08T00:00:00+00:00,16004.11,16017.53,15949.19,15985.17,59107
2023-05-09T00:00:00+00:00,15985.17,15999.55,15895.4,15967.28,64435
2023-05-10T00:00:00+00:00,15967.28,16007.29,15835.44,15913.69,100740
2023-05-11T00:00:00+00:00,15913.69,15984.88,15765.87,15853.77,107523
2023-05-12T00:00:00+00:00,15853.77,15941.72,15853.77,15912.6,84607
2023-05-15T00:00:00+00:00,15912.6,15986.76,15876.75,15951.67,68244
2023-05-16T00:00:00+00:00,15951.67,15978.16,15862.15,15886.05,79505
2023-05-17T00:00:00+00:00,15886.05,16029.29,15858.62,16026.53,77592
2023-05-18T00:00:00+00:00,16026.53,16227.94,16001.57,16200.33,86294
2023-05-19T00:00:00+00:00,16200.33,16332.74,16198.73,16289.15,87171
2023-05-22T00:00:00+00:00,16289.15,16303.39,16191.73,16223.37,64458
2023-05-23T00:00:00+00:00,16223.37,16259.85,16057.83,16071.85,71010
2023-05-24T00:00:00+00:00,16071.85,16092.43,15800.78,15840.18,88607
2023-05-25T00:00:00+00:00,15840.18,15885.57,15721.92,15834.31,101495
2023-05-26T00:00:00+00:00,15834.31,16012.1,15721.45,15985.35,81365
2023-05-29T00:00:00+00:00,15985.35,16084.43,15921.43,15948.56,34260
2023-05-30T00:00:00+00:00,15948.56,16061.96,15882.61,15915.38,88200
2023-05-31T00:00:00+00:00,15915.38,15915.38,15624.54,15706.93,100391
2023-06-01T00:00:00+00:00,15706.93,15899.49,15692.98,15877.72,89866
2023-06-02T00:00:00+00:00,15877.72,16071.49,15877.72,16056.38,88505
2023-06-05T00:00:00+00:00,16056.38,16117.55,15919.21,15946.44,89028
2023-06-06T00:00:00+00:00,15946.44,16037.72,15906.22,16034.47,68632
2023-06-07T00:00:00+00:00,16034.47,16042.13,15905.48,15942.37,82993
2023-06-08T00:00:00+00:00,15942.37,16017.93,15886.58,16011.84,69208
2023-06-09T00:00:00+00:00,16011.84,16011.84,15917.35,15962.25,71880
2023-06-12T00:00:00+00:00,15962.25,16144.59,15962.25,16144.57,76032
2023-06-13T00:00:00+00:00,16144.57,16241.72,16080.95,16233.72,86350
2023-06-14T00:00:00+00:00,16233.72,16340.43,16197.58,16287.34,91178
2023-06-15T00:00:00+00:00,16287.34,16334.52,16159.86,16311.25,70195
2023-06-16T00:00:00+00:00,16311.25,16421.63,16262.11,16322.51,87641
2023-06-19T00:00:00+00:00,16322.51,16322.51,16180.41,16204.33,41527
2023-06-20T00:00:00+00:00,16204.33,16209.93,16062.28,16130.67,74655
2023-06-21T00:00:00+00:00,16130.67,16153.1,15995.45,16000.86,75367
2023-06-22T00:00:00+00:00,16000.86,16000.86,15799.02,15973.42,89574
2023-06-23T00:00:00+00:00,15973.42,15973.42,15718.18,15818.1,82024
2023-06-26T00:00:00+00:00,15818.1,15873.98,15702.31,15808.71,86943
2023-06-27T00:00:00+00:00,15808.71,15921.67,15749.02,15895.91,67521
2023-06-28T00:00:00+00:00,15895.91,15992.57,15865.72,15957.98,72011
2023-06-29T00:00:00+00:00,15957.98,15992.09,15910.08,15954.98,64995
2023-06-30T00:00:00+00:00,15954.98,16182.17,15931.15,16180.91,59938
2023-07-03T00:00:00+00:00,16180.91,16209.13,16066.11,16104.03,50405
2023-07-04T00:00:00+00:00,16104.03,16104.03,16017.65,16029.57,31496
2023-07-05T00:00:00+00:00,16029.57,16031.68,15896.55,15919.95,61956
2023-07-06T00:00:00+00:00,15919.95,15919.95,15483.76,15538.26,92499
2023-07-07T00:00:00+00:00,15538.26,15692.98,15446.33,15619.73,93421
2023-07-10T00:00:00+00:00,15619.73,15720.82,15539.82,15686.21,71895
2023-07-11T00:00:00+00:00,15686.21,15832.51,15653.35,15828.75,68479
2023-07-12T00:00:00+00:00,15828.75,16044.08,15802.58,16006.48,79227
2023-07-13T00:00:00+00:00,16006.48,16185.13,15991.63,16155.53,60456
2023-07-14T00:00:00+00:00,16155.53,16155.53,16061.64,16074.41,63597
2023-07-17T00:00:00+00:00,16074.41,16110.02,15990.85,16088.25,62331
2023-07-18T00:00:00+00:00,16088.25,16155.24,16026.57,16148.47,60322
2023-07-19T00:00:00+00:00,16148.47,16242.83,16069.82,16109.22,79249
2023-07-20T00:00:00+00:00,16109.22,16227.03,16045.39,16128.02,77145
2023-07-21T00:00:00+00:00,16128.02,16185.79,16098.29,16169.3,67359
2023-07-24T00:00:00+00:00,16169.3,16210.08,16112.21,16185.21,73287
2023-07-25T00:00:00+00:00,16185.21,16232.67,16132.03,16215.92,64122
2023-07-26T00:00:00+00:00,16215.92,16245.61,15997.95,16140.34,104449
2023-07-27T00:00:00+00:00,16140.34,16446.49,16127.84,16324.25,96028
2023-07-28T00:00:00+00:00,16324.25,16490.78,16312.41,16461.16,83197
2023-07-31T00:00:00+00:00,16461.16,16534.43,16422.58,16465.83,59614
2023-08-01T00:00:00+00:00,16465.83,16480.75,16226.08,16251.98,67334
2023-08-02T00:00:00+00:00,16251.98,16251.98,15952.74,15991.65,105547
2023-08-03T00:00:00+00:00,15991.65,16048.11,15802.46,15896.85,113184
2023-08-04T00:00:00+00:00,15896.85,15979.31,15778.64,15835.54,105538
2023-08-07T00:00:00+00:00,15835.54,15989.05,15821.39,15986.31,79889
2023-08-08T00:00:00+00:00,15986.31,15987.23,15703.08,15835.48,104719
2023-08-09T00:00:00+00:00,15835.48,15985.45,15828.44,15875.86,84013
2023-08-10T00:00:00+00:00,15875.86,16060.78,15871.77,15937.17,130481
2023-08-11T00:00:00+00:00,15937.17,15971.14,15796.49,15850.9,97917
2023-08-14T00:00:00+00:00,15850.9,15941.07,15750.7,15923.96,96970
2023-08-15T00:00:00+00:00,15923.96,15963.11,15698.96,15736.36,104581
2023-08-16T00:00:00+00:00,15736.36,15817.05,15669.21,15718.96,94340
2023-08-17T00:00:00+00:00,15718.96,15792.62,15596.76,15609.01,99485
2023-08-18T00:00:00+00:00,15609.01,15659.71,15462.54,15578.95,118417
2023-08-21T00:00:00+00:00,15578.95,15712.7,15561.35,15653.1,83771
2023-08-22T00:00:00+00:00,15653.1,15799.17,15628.8,15690.55,82376
2023-08-23T00:00:00+00:00,15690.55,15824.54,15670.54,15742.95,84650
2023-08-24T00:00:00+00:00,15742.95,15896.21,15557.84,15565.59,106769
2023-08-25T00:00:00+00:00,15565.59,15738.58,15553.71,15684.98,114950
2023-08-28T00:00:00+00:00,15684.98,15825.6,15671.93,15813.34,76861
2023-08-29T00:00:00+00:00,15813.34,15968.7,15800.43,15967.68,88965
2023-08-30T00:00:00+00:00,15967.68,16005.88,15823.21,15905.11,92400
2023-08-31T00:00:00+00:00,15905.11,16043.42,15896.09,15944.83,89879
2023-09-01T00:00:00+00:00,15944.83,16005.66,15820.99,15859.66,107533
2023-09-04T00:00:00+00:00,15859.66,15962.13,15796.11,15826.01,54524
2023-09-05T00:00:00+00:00,15826.01,15841.29,15689.67,15761.69,102288
2023-09-06T00:00:00+00:00,15761.69,15785.47,15673.37,15733.37,104793
2023-09-07T00:00:00+00:00,15733.37,15793.64,15651.13,15728.54,111635
2023-09-08T00:00:00+00:00,15728.54,15787.78,15572.28,15733.19,115625
2023-09-11T00:00:00+00:00,15733.19,15874.69,15719.32,15837.07,89367
2023-09-12T00:00:00+00:00,15837.07,15838.94,15685.28,15707.68,94141
2023-09-13T00:00:00+00:00,15707.68,15740.94,15562.92,15631.34,119633
2023-09-14T00:00:00+00:00,15631.34,15868.21,15583.55,15854.47,95826
2023-09-15T00:00:00+00:00,15854.47,15990.8,15845.95,15872.7,104410
2023-09-18T00:00:00+00:00,15872.7,15903.67,15688.51,15719.92,91263
2023-09-19T00:00:00+00:00,15719.92,15745.2,15628.2,15685.1,80724
2023-09-20T00:00:00+00:00,15685.1,15810.03,15651.16,15707.91,91323
2023-09-21T00:00:00+00:00,15707.91,15707.91,15477.31,15480.57,114486
2023-09-22T00:00:00+00:00,15480.57,15587.35,15447.86,15497.49,103061
2023-09-25T00:00:00+00:00,15497.49,15572.68,15324.2,15422.08,98772
2023-09-26T00:00:00+00:00,15422.08,15422.08,15197.4,15202.17,109838
2023-09-27T00:00:00+00:00,15202.17,15296.82,15128.45,15235.71,107065
2023-09-28T00:00:00+00:00,15235.71,15363.58,15129.92,15333.82,148768
2023-09-29T00:00:00+00:00,15333.82,15512.75,15286.41,15349.65,137174
2023-10-02T00:00:00+00:00,15349.65,15476.41,15163.04,15207.31,139541
2023-10-03T00:00:00+00:00,15207.31,15257.3,15054.93,15076.69,147671
2023-10-04T00:00:00+00:00,15076.69,15173.28,14943.26,15146.18,158475
2023-10-05T00:00:00+00:00,15146.18,15170.06,15039.89,15109.29,132099
2023-10-06T00:00:00+00:00,15109.29,15289.59,15027.93,15274.83,144334
2023-10-09T00:00:00+00:00,15274.83,15274.83,15073.77,15195.68,111450
2023-10-10T00:00:00+00:00,15195.68,15444.82,15195.68,15396.72,107192
2023-10-11T00:00:00+00:00,15396.72,15484.82,15358.8,15472.7,107298
2023-10-12T00:00:00+00:00,15472.7,15571.37,15337.01,15378.27,98749
2023-10-13T00:00:00+00:00,15378.27,15425.5,15122.23,15149.24,126671
2023-10-16T00:00:00+00:00,15149.24,15272.11,15099.09,15250.51,119447
2023-10-17T00:00:00+00:00,15250.51,15303.1,15113.93,15254.85,118281
2023-10-18T00:00:00+00:00,15254.85,15288.15,15032.64,15041.39,127712
2023-10-19T00:00:00+00:00,15041.39,15098.73,14937.89,14956.12,151927
2023-10-20T00:00:00+00:00,14956.12,14975.3,14771.53,14777.06,119503
2023-10-23T00:00:00+00:00,14777.06,14851.81,14624.67,14749.56,115801
2023-10-24T00:00:00+00:00,14749.56,14914.79,14714.43,14903.67,106770
2023-10-25T00:00:00+00:00,14903.67,14933.95,14784.93,14817.34,111065
2023-10-26T00:00:00+00:00,14817.34,14817.34,14647.48,14673.9,149196
2023-10-27T00:00:00+00:00,14673.9,14821.12,14583.77,14617,111029
2023-10-30T00:00:00+00:00,14617,14799.3,14617,14756.18,97053
2023-10-31T00:00:00+00:00,14756.18,14847.94,14689.44,14841.43,104001
2023-11-01T00:00:00+00:00,14841.43,14987.66,14783,14985.14,106426
2023-11-02T00:00:00+00:00,14985.14,15221.22,14985.14,15219.7,81877
2023-11-03T00:00:00+00:00,15219.7,15265.18,15145.67,15194.08,82530
2023-11-06T00:00:00+00:00,15194.08,15232.52,15099.15,15143.41,72780
2023-11-07T00:00:00+00:00,15143.41,15195.94,15067.43,15153.84,74829
2023-11-08T00:00:00+00:00,15153.84,15289.57,15075.71,15224.71,82817
2023-11-09T00:00:00+00:00,15224.71,15362.88,15198.04,15269.3,100894
2023-11-10T00:00:00+00:00,15269.3,15328.75,15165.59,15324,91299
2023-11-13T00:00:00+00:00,15324,15366.81,15224.8,15354.54,65360
2023-11-14T00:00:00+00:00,15354.54,15634.45,15331.08,15619.1,82024
2023-11-15T00:00:00+00:00,15619.1,15762.72,15607.85,15748.61,83996
2023-11-16T00:00:00+00:00,15748.61,15864.41,15706.65,15819.42,77025
2023-11-17T00:00:00+00:00,15819.42,15946.12,15809.77,15942.02,60934
2023-11-20T00:00:00+00:00,15942.02,15955.17,15856,15935.67,58905
2023-11-21T00:00:00+00:00,15935.67,15949.84,15890.82,15915.24,55565
2023-11-22T00:00:00+00:00,15915.24,16001.61,15909.24,15959.99,64835
2023-11-23T00:00:00+00:00,15959.99,16003.22,15941.85,15995.11,31943
2023-11-24T00:00:00+00:00,15995.11,16045.54,15971.87,16026.52,30535
2023-11-27T00:00:00+00:00,16026.52,16042.14,15960.12,15962.53,43145
2023-11-28T00:00:00+00:00,15962.53,16004.04,15916.02,15990.93,51204
2023-11-29T00:00:00+00:00,15990.93,16213.75,15990.93,16175.64,63624
2023-11-30T00:00:00+00:00,16175.64,16263.22,16167.2,16252.61,67566
2023-12-01T00:00:00+00:00,16252.61,16440.57,16242.08,16431.33,66379
2023-12-04T00:00:00+00:00,16431.33,16460.56,16384.06,16443.97,54006
2023-12-05T00:00:00+00:00,16443.97,16555.87,16393.51,16532.76,64467
2023-12-06T00:00:00+00:00,16532.76,16733.55,16532.76,16633.45,59712
2023-12-07T00:00:00+00:00,16633.45,16668.91,16594.24,16652.15,57120
2023-12-08T00:00:00+00:00,16652.15,16799.78,16629.03,16790.52,62810
2023-12-11T00:00:00+00:00,16790.52,16831.23,16737.57,16823.97,47607
2023-12-12T00:00:00+00:00,16823.97,16857.07,16757.4,16810.3,49197
2023-12-13T00:00:00+00:00,16810.3,16903.42,16738.91,16896.66,51166
2023-12-14T00:00:00+00:00,16896.66,17005.15,16667.15,16745.53,107338
2023-12-15T00:00:00+00:00,16745.53,16906.26,16726.26,16738.65,83953
2023-12-18T00:00:00+00:00,16738.65,16769.56,16645.89,16698.31,57888
2023-12-19T00:00:00+00:00,16698.31,16803.28,16674.61,16797.53,46400
2023-12-20T00:00:00+00:00,16797.53,16835.19,16632.68,16647.45,62922
2023-12-21T00:00:00+00:00,16647.45,16754.24,16643.59,16753,62842
2023-12-22T00:00:00+00:00,16753,16758.04,16672.04,16740.43,44912
2023-12-27T00:00:00+00:00,16740.43,16825.92,16723.27,16788.19,49894
2023-12-28T00:00:00+00:00,16788.19,16835.55,16704.89,16721.79,42589
2023-12-29T00:00:00+00:00,16721.79,16809.01,16715.15,16780.91,36075
2024-01-02T00:00:00+00:00,16780.91,16985.54,16661.02,16752.92,80248
2024-01-03T00:00:00+00:00,16752.92,16801.72,16487.21,16530.62,89785
2024-01-04T00:00:00+00:00,16530.62,16638.43,16510.91,16576.83,72670
2024-01-05T00:00:00+00:00,16576.83,16656.68,16452.17,16595.07,86944
2024-01-08T00:00:00+00:00,16595.07,16797.48,16527.82,16791.74,64595
2024-01-09T00:00:00+00:00,16791.74,16791.74,16620.28,16691.19,73543
2024-01-10T00:00:00+00:00,16691.19,16769.2,16631.35,16731.1,68643
2024-01-11T00:00:00+00:00,16731.1,16851.53,16542.52,16644.43,90677
2024-01-12T00:00:00+00:00,16644.43,16762.39,16614.87,16725.77,104346
2024-01-15T00:00:00+00:00,16725.77,16804.13,16619.96,16641.86,59349
2024-01-16T00:00:00+00:00,16641.86,16641.86,16483.31,16544.21,104827
2024-01-17T00:00:00+00:00,16544.21,16544.21,16354.44,16431.36,107686
2024-01-18T00:00:00+00:00,16431.36,16613.35,16415.35,16610.61,90372
2024-01-19T00:00:00+00:00,16610.61,16665.37,16520.21,16639.61,84078
2024-01-22T00:00:00+00:00,16639.61,16719.79,16618.28,16682.18,67710
2024-01-23T00:00:00+00:00,16682.18,16772.33,16633.84,16674.74,60136
2024-01-24T00:00:00+00:00,16674.74,16941.01,16674.74,16879.91,77757
2024-01-25T00:00:00+00:00,16879.91,16926.4,16792.41,16924.31,77488
2024-01-26T00:00:00+00:00,16924.31,16978.24,16851.87,16947.64,63037
2024-01-29T00:00:00+00:00,16947.64,17016.71,16871.55,17006.46,48060
2024-01-30T00:00:00+00:00,17006.46,17029.65,16959.15,16980.54,50699
2024-01-31T00:00:00+00:00,16980.54,17006.84,16804.5,16822.75,78860
2024-02-01T00:00:00+00:00,16822.75,16954.53,16794.79,16954.03,79177
2024-02-02T00:00:00+00:00,16954.03,17013.65,16896.78,16946.04,79017
2024-02-05T00:00:00+00:00,16946.04,16983.93,16866.09,16931.82,63906
2024-02-06T00:00:00+00:00,16931.82,17064.88,16882.86,17049.76,67654
2024-02-07T00:00:00+00:00,17049.76,17078.33,16923.17,16953.07,60744
2024-02-08T00:00:00+00:00,16953.07,17038.48,16897.46,16982.38,55399
2024-02-09T00:00:00+00:00,16982.38,16994.15,16873.15,16960.53,50375
2024-02-12T00:00:00+00:00,16960.53,17046.56,16957.04,17015.29,43162
2024-02-13T00:00:00+00:00,17015.29,17015.29,16785.01,16830.77,73140
2024-02-14T00:00:00+00:00,16830.77,16994.96,16826.45,16992.71,58536
2024-02-15T00:00:00+00:00,16992.71,17107.6,16964.59,17102.35,57816
2024-02-16T00:00:00+00:00,17102.35,17199.02,17058.5,17076.91,62641
2024-02-19T00:00:00+00:00,17076.91,17107.61,17050.48,17086.87,28467
2024-02-20T00:00:00+00:00,17086.87,17087.93,17020.94,17079.33,56340
2024-02-21T00:00:00+00:00,17079.33,17162.91,17057.05,17157.79,65129
2024-02-22T00:00:00+00:00,17157.79,17433.17,17157.79,17424.06,71126
2024-02-23T00:00:00+00:00,17424.06,17444.44,17356.46,17415.35,55563
2024-02-26T00:00:00+00:00,17415.35,17464.14,17372.77,17427.52,41099
2024-02-27T00:00:00+00:00,17427.52,17589.2,17383.69,17584.96,48587
2024-02-28T00:00:00+00:00,17584.96,17626.38,17557.74,17602.63,50177
2024-02-29T00:00:00+00:00,17602.63,17746.26,17587.26,17738.5,65031
2024-03-01T00:00:00+00:00,17738.5,17817.44,17688.43,17749.83,63296
2024-03-04T00:00:00+00:00,17749.83,17768.91,17686.25,17707.16,42433
2024-03-05T00:00:00+00:00,17707.16,17750.74,17626.38,17672.64,53650
2024-03-06T00:00:00+00:00,17672.64,17748.24,17672.64,17715.12,69036
2024-03-07T00:00:00+00:00,17715.12,17885.82,17617.67,17871.08,61434
2024-03-08T00:00:00+00:00,17871.08,17906.18,17739.19,17755.43,74848
2024-03-11T00:00:00+00:00,17755.43,17790.63,17661.47,17787.88,62727
2024-03-12T00:00:00+00:00,17787.88,17994.14,17744.88,17990.88,73321
2024-03-13T00:00:00+00:00,17990.88,18017.52,17938.87,17972.29,55853
2024-03-14T00:00:00+00:00,17972.29,18035.86,17865.51,17919.27,62666
2024-03-15T00:00:00+00:00,17919.27,18131.66,17919.27,18078.06,72461
2024-03-18T00:00:00+00:00,18078.06,18104.57,17991.07,18009.47,47042
2024-03-19T00:00:00+00:00,18009.47,18100.58,17967.06,18099.31,60975
2024-03-20T00:00:00+00:00,18099.31,18244.53,18045.38,18238.78,66426
2024-03-21T00:00:00+00:00,18238.78,18298.51,18141.85,18256.75,60864
2024-03-22T00:00:00+00:00,18256.75,18350.06,18221.57,18319.58,54876
2024-03-25T00:00:00+00:00,18319.58,18384.68,18272.16,18359.57,42441
2024-03-26T00:00:00+00:00,18359.57,18511.08,18351.06,18473.48,40599
2024-03-27T00:00:00+00:00,18473.48,18625.71,18473.48,18618.44,44081
2024-03-28T00:00:00+00:00,18618.44,18634.4,18563.23,18597.13,45797
2024-04-02T00:00:00+00:00,18597.13,18671.33,18351.31,18400.22,77494
2024-04-03T00:00:00+00:00,18400.22,18476.52,18333.65,18449.4,74258
2024-04-04T00:00:00+00:00,18449.4,18518,18262.64,18277.4,76787
2024-04-05T00:00:00+00:00,18277.4,18311.42,18172.69,18274.69,102677
2024-04-08T00:00:00+00:00,18274.69,18422.75,18255.4,18388.15,66905
2024-04-09T00:00:00+00:00,18388.15,18393.58,18148.43,18216.82,75024
2024-04-10T00:00:00+00:00,18216.82,18332.34,18066.33,18177.73,110243
2024-04-11T00:00:00+00:00,18177.73,18198.11,17949.97,18131.87,102736
2024-04-12T00:00:00+00:00,18131.87,18253.04,17919.68,17940.94,102083
2024-04-15T00:00:00+00:00,17940.94,18288.4,17940.94,17985.3,101989
2024-04-16T00:00:00+00:00,17985.3,17985.3,17798.63,17848.01,124706
2024-04-17T00:00:00+00:00,17848.01,17995.46,17814.11,17859.36,124391
2024-04-18T00:00:00+00:00,17859.36,17947.38,17796.37,17835.78,104280
2024-04-19T00:00:00+00:00,17835.78,17852.65,17479.06,17799.06,118169
2024-04-22T00:00:00+00:00,17799.06,18066.4,17799.06,18019.63,85138
2024-04-23T00:00:00+00:00,18019.63,18260.06,18019.63,18247.58,63391
2024-04-24T00:00:00+00:00,18247.58,18320.78,18133.62,18165.02,63234
2024-04-25T00:00:00+00:00,18165.02,18165.02,17866.97,18006.37,112544
2024-04-26T00:00:00+00:00,18006.37,18269.58,18006.37,18244.98,80845
2024-04-29T00:00:00+00:00,18244.98,18310.8,18148.79,18195.04,56121
2024-04-30T00:00:00+00:00,18195.04,18216.63,17959.13,17965.38,84424
2024-05-02T00:00:00+00:00,17965.38,18045.49,17933,18000.9,72670
2024-05-03T00:00:00+00:00,18000.9,18167.28,17964.76,18082.16,89664
2024-05-06T00:00:00+00:00,18082.16,18275.19,18069.04,18273.7,40775
2024-05-07T00:00:00+00:00,18273.7,18504.74,18253.26,18497.51,56722
2024-05-08T00:00:00+00:00,18497.51,18599.36,18466.01,18563.75,52647
2024-05-09T00:00:00+00:00,18563.75,18752.22,18522.21,18748.97,57813
2024-05-10T00:00:00+00:00,18748.97,18877.07,18737.71,18801.96,47014
2024-05-13T00:00:00+00:00,18801.96,18834.91,18736.26,18763.17,34981
2024-05-14T00:00:00+00:00,18763.17,18808.36,18655.59,18805.1,43911
2024-05-15T00:00:00+00:00,18805.1,18922.85,18775.85,18910.25,50304
2024-05-16T00:00:00+00:00,18910.25,18928.06,18694.54,18704.79,55522
2024-05-17T00:00:00+00:00,18704.79,18739.67,18634.01,18730.4,43113
2024-05-20T00:00:00+00:00,18730.4,18818.45,18730.4,18755.86,28450
2024-05-21T00:00:00+00:00,18755.86,18762.94,18645.92,18751.07,35501
2024-05-22T00:00:00+00:00,18751.07,18772.79,18600.28,18660.05,46442
2024-05-23T00:00:00+00:00,18660.05,18771.77,18555.94,18590.67,60769
2024-05-24T00:00:00+00:00,18590.67,18714.3,18517.8,18706.22,49330
2024-05-27T00:00:00+00:00,18706.22,18807.11,18676.61,18801.61,19478
2024-05-28T00:00:00+00:00,18801.61,18864.32,18627.46,18679.71,55713
2024-05-29T00:00:00+00:00,18679.71,18685.3,18442.14,18500.54,59827
2024-05-30T00:00:00+00:00,18500.54,18541.32,18385.82,18492.06,52953
2024-05-31T00:00:00+00:00,18492.06,18597.91,18425.28,18593.66,64843
2024-06-03T00:00:00+00:00,18593.66,18708.41,18509.54,18579.29,80883
2024-06-04T00:00:00+00:00,18579.29,18595.44,18365.79,18467.19,84015
2024-06-05T00:00:00+00:00,18467.19,18644.46,18467.19,18643.2,52254
2024-06-06T00:00:00+00:00,18643.2,18786.06,18597.22,18634.98,60095
2024-06-07T00:00:00+00:00,18634.98,18653.94,18419.27,18546.67,79932
2024-06-10T00:00:00+00:00,18546.67,18546.67,18359.48,18526.38,60042
2024-06-11T00:00:00+00:00,18526.38,18553.83,18277.18,18384.58,66486
2024-06-12T00:00:00+00:00,18384.58,18651.74,18384.58,18617.13,73198
2024-06-13T00:00:00+00:00,18617.13,18624.55,18222.03,18284.8,78600
2024-06-14T00:00:00+00:00,18284.8,18340.28,17944.63,17999.55,79576
2024-06-17T00:00:00+00:00,17999.55,18162.15,17967.48,18151.39,58760
2024-06-18T00:00:00+00:00,18151.39,18212.33,18069.32,18153.22,50139
2024-06-19T00:00:00+00:00,18153.22,18168.85,18050.68,18081.85,31183
2024-06-20T00:00:00+00:00,18081.85,18256.6,18069.74,18243.48,45096
2024-06-21T00:00:00+00:00,18243.48,18265.5,18091.34,18189.24,45808
2024-06-24T00:00:00+00:00,18189.24,18370.11,18132.77,18223.5,43898
2024-06-25T00:00:00+00:00,18223.5,18265.65,18083.48,18202.39,44002
2024-06-26T00:00:00+00:00,18202.39,18377.92,18055.9,18176.82,45561
2024-06-27T00:00:00+00:00,18176.82,18274.23,18095.87,18246.62,44941
2024-06-28T00:00:00+00:00,18246.62,18365.07,18198.72,18260.46,52010
2024-07-01T00:00:00+00:00,18260.46,18477.22,18260.46,18344.64,56932
2024-07-02T00:00:00+00:00,18344.64,18344.64,18036.36,18192.28,56422
2024-07-03T00:00:00+00:00,18192.28,18415.92,18192.28,18414.91,43834
2024-07-04T00:00:00+00:00,18414.91,18476.96,18393.11,18460.38,26335
2024-07-05T00:00:00+00:00,18460.38,18670.56,18423.46,18514.44,50798
2024-07-08T00:00:00+00:00,18514.44,18640.68,18437.07,18469.58,57350
2024-07-09T00:00:00+00:00,18469.58,18492.15,18219.5,18256.89,61886
2024-07-10T00:00:00+00:00,18256.89,18471.3,18232.53,18464.03,44025
2024-07-11T00:00:00+00:00,18464.03,18584.23,18418.72,18521.13,63678
2024-07-12T00:00:00+00:00,18521.13,18790.01,18521.13,18719.91,57574
2024-07-15T00:00:00+00:00,18719.91,18756.29,18545.95,18574.7,60342
2024-07-16T00:00:00+00:00,18574.7,18596.87,18457.71,18593.61,56788
2024-07-17T00:00:00+00:00,18593.61,18593.61,18352.6,18446.5,75430
2024-07-18T00:00:00+00:00,18446.5,18542.6,18295.25,18324.5,92959
2024-07-19T00:00:00+00:00,18324.5,18365.46,18151.31,18175.2,95602
2024-07-22T00:00:00+00:00,18175.2,18482.87,18174.61,18478.12,74978
2024-07-23T00:00:00+00:00,18478.12,18658.25,18450.89,18548.14,77679
2024-07-24T00:00:00+00:00,18548.14,18548.14,18326.41,18344.16,93232
2024-07-25T00:00:00+00:00,18344.16,18392.29,18095.87,18263.78,131813
2024-07-26T00:00:00+00:00,18263.78,18480.15,18217.88,18469.39,116246
2024-07-29T00:00:00+00:00,18469.39,18553.05,18314.03,18362.45,83074
2024-07-30T00:00:00+00:00,18362.45,18478.51,18269.64,18443.4,95201
2024-07-31T00:00:00+00:00,18443.4,18583.66,18413.89,18482.39,115372
2024-08-01T00:00:00+00:00,18482.39,18532.59,17980.6,18045.83,138076
2024-08-02T00:00:00+00:00,18045.83,18049.79,17619.14,17721.02,156289
2024-08-05T00:00:00+00:00,17721.02,17721.02,17023.37,17335.27,236099
2024-08-06T00:00:00+00:00,17335.27,17570.81,17228.9,17367.82,167443
2024-08-07T00:00:00+00:00,17367.82,17670.54,17355.42,17426.44,144133
2024-08-08T00:00:00+00:00,17426.44,17722.77,17369,17711.51,131341
2024-08-09T00:00:00+00:00,17711.51,17783.47,17608.48,17770.36,101066
2024-08-12T00:00:00+00:00,17770.36,17828.07,17671.55,17709.95,85824
2024-08-13T00:00:00+00:00,17709.95,17864.92,17664.77,17854.69,79486
2024-08-14T00:00:00+00:00,17854.69,17922.8,17822.3,17896.2,81635
2024-08-15T00:00:00+00:00,17896.2,18209.49,17896.2,18205.24,68142
2024-08-16T00:00:00+00:00,18205.24,18354.01,18191.49,18322.25,66104
2024-08-19T00:00:00+00:00,18322.25,18458.16,18282.65,18437.82,50510
2024-08-20T00:00:00+00:00,18437.82,18499.47,18317.63,18348.88,54414
2024-08-21T00:00:00+00:00,18348.88,18479.75,18343.99,18472.49,57488
2024-08-22T00:00:00+00:00,18472.49,18550.24,18428.63,18445.62,57101
2024-08-23T00:00:00+00:00,18445.62,18673.65,18445.62,18628.03,84163
2024-08-26T00:00:00+00:00,18628.03,18646.71,18553.06,18636.94,50434
2024-08-27T00:00:00+00:00,18636.94,18733.07,18624.57,18699.96,72396
2024-08-28T00:00:00+00:00,18699.96,18864.81,18683.69,18785.69,79206
2024-08-29T00:00:00+00:00,18785.69,18972.46,18751.45,18847.19,104027
2024-08-30T00:00:00+00:00,18847.19,18971.35,18847.19,18947.26,70783
2024-09-02T00:00:00+00:00,18947.26,18952.33,18774.17,18950.58,40179
2024-09-03T00:00:00+00:00,18950.58,18997.99,18625.62,18658.37,96443
2024-09-04T00:00:00+00:00,18658.37,18658.37,18475.94,18569.7,103940
2024-09-05T00:00:00+00:00,18569.7,18677.63,18503.13,18596.52,98269
2024-09-06T00:00:00+00:00,18596.52,18609.15,18252.81,18261.06,110724
2024-09-09T00:00:00+00:00,18261.06,18497.89,18261.06,18481.62,91450
2024-09-10T00:00:00+00:00,18481.62,18493.87,18188.01,18332.28,96938
2024-09-11T00:00:00+00:00,18332.28,18485.67,18206.02,18476.91,121534
2024-09-12T00:00:00+00:00,18476.91,18593.01,18373.99,18569.91,103260
2024-09-13T00:00:00+00:00,18569.91,18722.65,18527.3,18685.05,83639
2024-09-16T00:00:00+00:00,18685.05,18727.59,18595.67,18718.59,73181
2024-09-17T00:00:00+00:00,18718.59,18808.11,18617.26,18697.02,87818
2024-09-18T00:00:00+00:00,18697.02,18917.28,18688.54,18747.79,101983
2024-09-19T00:00:00+00:00,18747.79,19047.71,18747.79,18967.61,89397
2024-09-20T00:00:00+00:00,18967.61,18967.61,18708.23,18741.97,98784
2024-09-23T00:00:00+00:00,18741.97,18898.21,18688.94,18886.95,82060
2024-09-24T00:00:00+00:00,18886.95,19041.53,18854.68,19006.91,89951
2024-09-25T00:00:00+00:00,19006.91,19006.91,18852.77,18921.67,79709
2024-09-26T00:00:00+00:00,18921.67,19308.79,18921.67,19293.54,91674
2024-09-27T00:00:00+00:00,19293.54,19507.25,19242.41,19413.16,92400
2024-09-30T00:00:00+00:00,19413.16,19496.26,19321.74,19401.01,90741
2024-10-01T00:00:00+00:00,19401.01,19468.95,19147.09,19231.34,129591
2024-10-02T00:00:00+00:00,19231.34,19290.02,19073.39,19163.29,97587
2024-10-03T00:00:00+00:00,19163.29,19163.29,18973.79,19002.71,108282
2024-10-04T00:00:00+00:00,19002.71,19214.94,18962.29,19213.71,98625
2024-10-07T00:00:00+00:00,19213.71,19246.39,18997.39,19040.14,93204
2024-10-08T00:00:00+00:00,19040.14,19133.36,18918.59,19116.61,79694
2024-10-09T00:00:00+00:00,19116.61,19299.47,19018.81,19289.22,72936
2024-10-10T00:00:00+00:00,19289.22,19316.92,19151.78,19234.18,80410
2024-10-11T00:00:00+00:00,19234.18,19408.69,19184.54,19399.96,64711
2024-10-14T00:00:00+00:00,19399.96,19562.2,19349.44,19548.93,45126
2024-10-15T00:00:00+00:00,19548.93,19651.1,19465.24,19491.01,61333
2024-10-16T00:00:00+00:00,19491.01,19525.14,19414.64,19494.05,46365
2024-10-17T00:00:00+00:00,19494.05,19689.28,19445.42,19574.67,52191
2024-10-18T00:00:00+00:00,19574.67,19678.29,19497.67,19655.68,43026
2024-10-21T00:00:00+00:00,19655.68,19672.78,19462.88,19515.3,62662
2024-10-22T00:00:00+00:00,19515.3,19602.78,19381.26,19473.18,71756
2024-10-23T00:00:00+00:00,19473.18,19483.97,19311.48,19351.22,58259
2024-10-24T00:00:00+00:00,19351.22,19567.2,19351.22,19446.1,52140
2024-10-25T00:00:00+00:00,19446.1,19525.88,19360.05,19422.29,63939
2024-10-28T00:00:00+00:00,19422.29,19593.05,19405.38,19545.29,82061
2024-10-29T00:00:00+00:00,19545.29,19656.26,19472.41,19488.17,81553
2024-10-30T00:00:00+00:00,19488.17,19512.22,19208.82,19247.71,90102
2024-10-31T00:00:00+00:00,19247.71,19247.71,19011.32,19090.2,90890
2024-11-01T00:00:00+00:00,19090.2,19304.87,19050.25,19235.51,80073
2024-11-04T00:00:00+00:00,19235.51,19303.74,19102.23,19143.98,69773
2024-11-05T00:00:00+00:00,19143.98,19316.32,19111.66,19294.56,70910
2024-11-06T00:00:00+00:00,19294.56,19573.73,19010.87,19109.13,106141
2024-11-07T00:00:00+00:00,19109.13,19457.55,19035.05,19446.8,81298
2024-11-08T00:00:00+00:00,19446.8,19451.35,19147.19,19247.58,70066
2024-11-11T00:00:00+00:00,19247.58,19553.77,19247.58,19425.15,60558
2024-11-12T00:00:00+00:00,19425.15,19425.15,18965.73,19079.99,78062
2024-11-13T00:00:00+00:00,19079.99,19132.35,18840.33,18995.25,85604
2024-11-14T00:00:00+00:00,18995.25,19309.08,18933.24,19226.5,92453
2024-11-15T00:00:00+00:00,19226.5,19293.18,19120.7,19240.58,96600
2024-11-18T00:00:00+00:00,19240.58,19300.58,19094.91,19147.33,79899
2024-11-19T00:00:00+00:00,19147.33,19256.81,18814.15,19063.55,110926
2024-11-20T00:00:00+00:00,19063.55,19209.05,18966.04,19096.95,86635
2024-11-21T00:00:00+00:00,19096.95,19201.02,18901.85,19178.75,102507
2024-11-22T00:00:00+00:00,19178.75,19372.06,19032.91,19354.29,98507
2024-11-25T00:00:00+00:00,19354.29,19475.21,19331.71,19384.11,84505
2024-11-26T00:00:00+00:00,19384.11,19390.6,19224,19321.5,85452
2024-11-27T00:00:00+00:00,19321.5,19346.2,19148.54,19280.93,86884
2024-11-28T00:00:00+00:00,19280.93,19440.64,19280.93,19437.81,50318
2024-11-29T00:00:00+00:00,19437.81,19683.94,19347.68,19647.45,66846
2024-12-02T00:00:00+00:00,19647.45,19958.54,19565.18,19929.92,92682
2024-12-03T00:00:00+00:00,19929.92,20047.6,19898.75,20022.52,74829
2024-12-04T00:00:00+00:00,20022.52,20271.24,20007.88,20237.89,73546
2024-12-05T00:00:00+00:00,20237.89,20381.17,20197.56,20343.06,68195
2024-12-06T00:00:00+00:00,20343.06,20432.41,20305.56,20382.31,61171
2024-12-09T00:00:00+00:00,20382.31,20483.24,20324.24,20330.64,67877
2024-12-10T00:00:00+00:00,20330.64,20404.47,20265.36,20315.35,65332
2024-12-11T00:00:00+00:00,20315.35,20434.45,20286.44,20428.2,57227
2024-12-12T00:00:00+00:00,20428.2,20452.59,20366.23,20412.49,62509
2024-12-13T00:00:00+00:00,20412.49,20529.81,20365.8,20415.96,65370
2024-12-16T00:00:00+00:00,20415.96,20479.64,20304.98,20331.38,55658
2024-12-17T00:00:00+00:00,20331.38,20363.28,20226.92,20251.19,59275
2024-12-18T00:00:00+00:00,20251.19,20337.44,20002.09,20026.84,74544
2024-12-19T00:00:00+00:00,20026.84,20107.09,19937.22,19948.49,79226
2024-12-20T00:00:00+00:00,19948.49,19959.36,19653.21,19884.1,90621
2024-12-23T00:00:00+00:00,19884.1,19941.36,19812.19,19903.1,135408
2024-12-27T00:00:00+00:00,19903.1,19987.71,19812.7,19962.09,72436
2024-12-30T00:00:00+00:00,19962.09,20014.86,19771.69,19850.11,66694
2025-01-02T00:00:00+00:00,19850.11,20060.68,19850.11,19980.58,113506
2025-01-03T00:00:00+00:00,19980.58,20053.9,19884.39,19930.31,76758
2025-01-06T00:00:00+00:00,19930.31,20273.02,19930.31,20162.66,67146
2025-01-07T00:00:00+00:00,20162.66,20418.5,20129.14,20320.4,67734
2025-01-08T00:00:00+00:00,20320.4,20507.95,20264.46,20370.84,81953
2025-01-09T00:00:00+00:00,20370.84,20382.3,20270.15,20354.03,34897
2025-01-10T00:00:00+00:00,20354.03,20423.59,20209.57,20269.97,80320
2025-01-13T00:00:00+00:00,20269.97,20274.98,20046.32,20224.22,65190
2025-01-14T00:00:00+00:00,20224.22,20387.45,20223.33,20289.33,60254
2025-01-15T00:00:00+00:00,20289.33,20656.35,20287.5,20645.26,54401
2025-01-16T00:00:00+00:00,20645.26,20726.89,20598.73,20666.64,55060
2025-01-17T00:00:00+00:00,20666.64,20950,20655.65,20916.41,44542
2025-01-20T00:00:00+00:00,20916.41,21080.89,20900.06,21044.8,51796
2025-01-21T00:00:00+00:00,21044.8,21158.54,20889.03,21149.29,58157
2025-01-22T00:00:00+00:00,21149.29,21360.89,21147.52,21268.78,56588
2025-01-23T00:00:00+00:00,21268.78,21520.3,21244.56,21514.06,34882
2025-01-24T00:00:00+00:00,21514.06,21550.99,21371.34,21392.22,37084
2025-01-27T00:00:00+00:00,21392.22,21410.63,21105.48,21405.36,99433
2025-01-28T00:00:00+00:00,21405.36,21542.01,21323.26,21515.24,67334
2025-01-29T00:00:00+00:00,21515.24,21701.04,21496.2,21664.45,50499
2025-01-30T00:00:00+00:00,21664.45,21816.69,21651.19,21752.95,41507
2025-01-31T00:00:00+00:00,21752.95,21825.15,21625.63,21654.4,50516
2025-02-03T00:00:00+00:00,21654.4,21654.4,21126.58,21426.57,103930
2025-02-04T00:00:00+00:00,21426.57,21542.72,21319.6,21516.6,60125
2025-02-05T00:00:00+00:00,21516.6,21673.52,21409.86,21657.26,55131
2025-02-06T00:00:00+00:00,21657.26,21946.12,21657.26,21925.03,58533
2025-02-07T00:00:00+00:00,21925.03,21968.6,21746.73,21762.5,75796
2025-02-10T00:00:00+00:00,21762.5,21972.38,21762.5,21971.14,49189
2025-02-11T00:00:00+00:00,21971.14,22138.56,21906.39,22121.8,54869
2025-02-12T00:00:00+00:00,22121.8,22340.79,21986.03,22323.04,74907
2025-02-13T00:00:00+00:00,22323.04,22648.93,22323.04,22522.34,84950
2025-02-14T00:00:00+00:00,22522.34,22617.93,22471.43,22510.33,47382
2025-02-17T00:00:00+00:00,22510.33,22893.8,22505.8,22877.07,42566
2025-02-18T00:00:00+00:00,22877.07,22894.31,22722.66,22886.56,61595
2025-02-19T00:00:00+00:00,22886.56,22948.74,22378.37,22444.12,59506
2025-02-20T00:00:00+00:00,22444.12,22585.31,22280.8,22333.71,65256
2025-02-21T00:00:00+00:00,22333.71,22402.33,22122.96,22186.73,68546
2025-02-24T00:00:00+00:00,22186.73,22594.22,22186.73,22319.73,90571
2025-02-25T00:00:00+00:00,22319.73,22598.34,22264.18,22529.09,95593
2025-02-26T00:00:00+00:00,22529.09,22841.89,22513.28,22646.28,77381
2025-02-27T00:00:00+00:00,22646.28,22702.54,22371.53,22403.3,106539
2025-02-28T00:00:00+00:00,22403.3,22576.5,22216.38,22548.88,104209
2025-03-03T00:00:00+00:00,22548.88,23320.01,22530,23036.9,144534
2025-03-04T00:00:00+00:00,23036.9,23048.32,22317.9,22669.82,215004
2025-03-05T00:00:00+00:00,22669.82,23235.31,22669.82,23200.57,146464
2025-03-06T00:00:00+00:00,23200.57,23479.53,23057.92,23198.92,169031
2025-03-07T00:00:00+00:00,23198.92,23289.64,22853.64,23212.14,164581
2025-03-10T00:00:00+00:00,23212.14,23216.77,22452.01,22591.02,162533
2025-03-11T00:00:00+00:00,22591.02,22843.15,22242.8,22430.05,124787
2025-03-12T00:00:00+00:00,22430.05,22814.77,22430.05,22648.27,91145
2025-03-13T00:00:00+00:00,22648.27,22756.16,22409.04,22514.55,82122
2025-03-14T00:00:00+00:00,22514.55,23078.38,22453.64,23070.38,91106
2025-03-17T00:00:00+00:00,23070.38,23256.78,22926.15,23241.54,73239
2025-03-18T00:00:00+00:00,23241.54,23478.63,23185.53,23353.04,84312
2025-03-19T00:00:00+00:00,23353.04,23431.8,23128.15,23316.05,75179
2025-03-20T00:00:00+00:00,23316.05,23351.39,22810.74,22957.62,89914
2025-03-21T00:00:00+00:00,22957.62,23007.5,22708.85,22886.5,99766
2025-03-24T00:00:00+00:00,22886.5,23138.85,22807.99,22888.26,155334
2025-03-25T00:00:00+00:00,22888.26,23196.36,22801.99,23158.25,117079
2025-03-26T00:00:00+00:00,23158.25,23245.49,22677.5,22733.74,113993
2025-03-27T00:00:00+00:00,22733.74,22764.36,22488.85,22685.76,121432
2025-03-28T00:00:00+00:00,22685.76,22710,22403.34,22486,136546
2025-03-31T00:00:00+00:00,22486,22486,22006.84,22322.01,125473
2025-04-01T00:00:00+00:00,22322.01,22619.86,22259.49,22553.75,120613
2025-04-02T00:00:00+00:00,22553.75,22565.51,22185.35,22470.24,124505
2025-04-03T00:00:00+00:00,22470.24,22470.24,21682.74,21703.26,147591
2025-04-04T00:00:00+00:00,21703.26,21764,20372.74,20385.75,178095
2025-04-07T00:00:00+00:00,20385.75,20885.36,18867.74,19932.24,105305
2025-04-08T00:00:00+00:00,19932.24,20531.86,19447.75,19715.26,123724
2025-04-09T00:00:00+00:00,19715.26,21590.51,19394.74,21467.75,153767
2025-04-10T00:00:00+00:00,21467.75,21478.76,20225.74,20770.25,121753
2025-04-11T00:00:00+00:00,20770.25,20992.07,20183.32,20778.84,100779
2025-04-14T00:00:00+00:00,20778.84,21141.56,20778.84,21052.46,77079
2025-04-15T00:00:00+00:00,21052.46,21409.28,20981.51,21354.53,100394
2025-04-16T00:00:00+00:00,21354.53,21399.37,21032.88,21196.78,94135
2025-04-17T00:00:00+00:00,21196.78,21521.12,21196.78,21284.01,96168
2025-04-22T00:00:00+00:00,21284.01,21566.83,21099.59,21540.08,121802
2025-04-23T00:00:00+00:00,21540.08,22156.25,21540.08,22008.65,145173
2025-04-24T00:00:00+00:00,22008.65,22206.35,21810.7,22201.59,133054
2025-04-25T00:00:00+00:00,22201.59,22439.73,22155.08,22435.49,125898
2025-04-28T00:00:00+00:00,22435.49,22527.02,22312.67,22422.93,108816
2025-04-29T00:00:00+00:00,22422.93,22611.87,22373.37,22591.61,110702
2025-04-30T00:00:00+00:00,22591.61,22702.67,22306.02,22655.4,140723
2025-05-02T00:00:00+00:00,22655.4,23226.67,22655.4,23181.9,115231
2025-05-05T00:00:00+00:00,23181.9,23469.95,23066.19,23406.68,75451
2025-05-06T00:00:00+00:00,23406.68,23489.27,22913.26,23248.66,113213
2025-05-07T00:00:00+00:00,23248.66,23418.57,23089.08,23223.33,111828
2025-05-08T00:00:00+00:00,23223.33,23521.32,23206.07,23425.07,114663
2025-05-09T00:00:00+00:00,23425.07,23575.69,23365.36,23542.1,87437
2025-05-12T00:00:00+00:00,23542.1,23960.05,23388.07,23685.46,122180
2025-05-13T00:00:00+00:00,23685.46,23694.18,23522.19,23621.57,82296
2025-05-14T00:00:00+00:00,23621.57,23732.45,23465.46,23522.36,96950
2025-05-15T00:00:00+00:00,23522.36,23752.12,23358.6,23743.52,83808
2025-05-16T00:00:00+00:00,23743.52,23903.25,23676.23,23824.63,71309
2025-05-19T00:00:00+00:00,23824.63,24052.88,23682.37,24050.76,73583
2025-05-20T00:00:00+00:00,24050.76,24097.19,23911.68,24059.08,73570
2025-05-21T00:00:00+00:00,24059.08,24172.5,23880.38,23940.38,103855
2025-05-22T00:00:00+00:00,23940.38,24095.25,23846.23,24040.65,98960
2025-05-23T00:00:00+00:00,24040.65,24149.96,23267.34,23608.84,141171
2025-05-26T00:00:00+00:00,23608.84,24046.83,23608.84,24012.23,50872
2025-05-27T00:00:00+00:00,24012.23,24307.6,23958.1,24286.51,77886
2025-05-28T00:00:00+00:00,24286.51,24330.81,24024.79,24079.7,83495
2025-05-29T00:00:00+00:00,24079.7,24391,23841.49,23954.41,111008
2025-05-30T00:00:00+00:00,23954.41,24185.08,23882.57,24027.98,131790
2025-06-02T00:00:00+00:00,24027.98,24087.85,23736.85,24079.26,135323
2025-06-03T00:00:00+00:00,24079.26,24146.37,23818.87,24137.75,101932
2025-06-04T00:00:00+00:00,24137.75,24347.68,24125.18,24263.56,105592
2025-06-05T00:00:00+00:00,24263.56,24488.51,24178.51,24236.4,117857
2025-06-06T00:00:00+00:00,24236.4,24353.35,24209.34,24303.73,85107
2025-06-09T00:00:00+00:00,24303.73,24308.56,24095.55,24143.96,65607
2025-06-10T00:00:00+00:00,24143.96,24257.16,23955.64,24010.54,93817
2025-06-11T00:00:00+00:00,24010.54,24146.93,23832.52,23861.94,107345
2025-06-12T00:00:00+00:00,23861.94,23885.84,23613.33,23773.24,78664
2025-06-13T00:00:00+00:00,23773.24,23773.24,23279.58,23434.59,113276
2025-06-16T00:00:00+00:00,23434.59,23717.07,23401.46,23581.98,87977
2025-06-17T00:00:00+00:00,23581.98,23581.98,23293.28,23321.18,115940
2025-06-18T00:00:00+00:00,23321.18,23507.1,23258.08,23309.48,105289
2025-06-19T00:00:00+00:00,23309.48,23309.48,23016.26,23044.27,66217
2025-06-20T00:00:00+00:00,23044.27,23495.64,23044.27,23292.04,109386
2025-06-23T00:00:00+00:00,23292.04,23446.51,23082.52,23429.9,116227
2025-06-24T00:00:00+00:00,23429.9,23828.63,23429.9,23733.52,85377
2025-06-25T00:00:00+00:00,23733.52,23768.86,23473.86,23516.26,75349
2025-06-26T00:00:00+00:00,23516.26,23745.47,23500.96,23742.86,67751
2025-06-27T00:00:00+00:00,23742.86,24110.58,23742.86,24086.46,83527
2025-06-30T00:00:00+00:00,24086.46,24181.91,23858.4,23952.81,69373
2025-07-01T00:00:00+00:00,23952.81,24004.55,23641.04,23715.45,79811
2025-07-02T00:00:00+00:00,23715.45,23866.33,23622.83,23819.74,81697
2025-07-03T00:00:00+00:00,23819.74,23959.28,23765.79,23932.18,58390
2025-07-04T00:00:00+00:00,23932.18,23932.18,23703.96,23756.36,56501
2025-07-07T00:00:00+00:00,23756.36,24136.95,23756.36,23997.84,62581
2025-07-08T00:00:00+00:00,23997.84,24287.04,23997.84,24252.44,101835
2025-07-09T00:00:00+00:00,24252.44,24646.19,24204.07,24638.08,99358
2025-07-10T00:00:00+00:00,24638.08,24654.07,24436.56,24460.47,90104
2025-07-11T00:00:00+00:00,24460.47,24460.47,24168.95,24228.86,108502
2025-07-14T00:00:00+00:00,24228.86,24243.46,23974.96,24227.37,79330
2025-07-15T00:00:00+00:00,24227.37,24298.63,24049.51,24049.53,86680
2025-07-16T00:00:00+00:00,24049.53,24217.75,23930.75,24197.15,93213
2025-07-17T00:00:00+00:00,24197.15,24429.66,24167.56,24413.56,81936
2025-07-18T00:00:00+00:00,24413.56,24504.9,24178.88,24211.78,78832
2025-07-21T00:00:00+00:00,24211.78,24344.05,24185.94,24252.45,75515
2025-07-22T00:00:00+00:00,24252.45,24272.85,23918.26,24095.25,108212
2025-07-23T00:00:00+00:00,24095.25,24538.96,24092.44,24536.94,119834
2025-07-24T00:00:00+00:00,24536.94,24576.17,24244.17,24256.07,112923
2025-07-25T00:00:00+00:00,24256.07,24327.04,24070.02,24317.93,103152
2025-07-28T00:00:00+00:00,24317.93,24575.12,23935.12,23987.03,101268
2025-07-29T00:00:00+00:00,23987.03,24325.12,23975.63,24228.04,112090
2025-07-30T00:00:00+00:00,24228.04,24327.19,24143.68,24280.08,112211
2025-07-31T00:00:00+00:00,24280.08,24443.32,23974.31,24031.73,100119
2025-08-01T00:00:00+00:00,24031.73,24036.62,23381.61,23449.01,169923
2025-08-04T00:00:00+00:00,23449.01,23817.16,23449.01,23813.06,94701
2025-08-05T00:00:00+00:00,23813.06,23992.09,23792.58,23879.98,101954
2025-08-06T00:00:00+00:00,23879.98,24047.64,23811.64,23953.52,97686
2025-08-07T00:00:00+00:00,23953.52,24399.17,23908.67,24203.08,128766
2025-08-08T00:00:00+00:00,24203.08,24313.31,24095.32,24230.71,76841
2025-08-11T00:00:00+00:00,24230.71,24294.23,24033.23,24093.13,70249
2025-08-12T00:00:00+00:00,24093.13,24203.64,23950.64,24152.04,88955
2025-08-13T00:00:00+00:00,24152.04,24261.05,24082.54,24231.45,69060
2025-08-14T00:00:00+00:00,24231.45,24444.55,24126.53,24430.93,75279
2025-08-15T00:00:00+00:00,24430.93,24546.94,24331.43,24385.83,74978
2025-08-18T00:00:00+00:00,24385.83,24454.89,24247.89,24361.79,57506
2025-08-19T00:00:00+00:00,24361.79,24451.78,24286.28,24356.18,66336
2025-08-20T00:00:00+00:00,24356.18,24378.42,24214.91,24301.82,79166
2025-08-21T00:00:00+00:00,24301.82,24332.95,24178.45,24283.86,67782
2025-08-22T00:00:00+00:00,24283.86,24454.71,24204.19,24358.6,74097
2025-08-25T00:00:00+00:00,24358.6,24385,24221.48,24275.38,58455
2025-08-26T00:00:00+00:00,24275.38,24275.38,24040.89,24221.29,73862
2025-08-27T00:00:00+00:00,24221.29,24260.36,23983.86,24065.27,48961
2025-08-28T00:00:00+00:00,24065.27,24211.31,23976.8,24054.71,66018
2025-08-29T00:00:00+00:00,24054.71,24070.56,23880.57,23938.98,79039
2025-09-01T00:00:00+00:00,23938.98,24057.05,23931.45,24050.47,36907
2025-09-02T00:00:00+00:00,24050.47,24104.71,23481.2,23620.62,127676
2025-09-03T00:00:00+00:00,23620.62,23715.5,23509.48,23608.88,74013
2025-09-04T00:00:00+00:00,23608.88,23839.16,23568.15,23824.57,70901
2025-09-05T00:00:00+00:00,23824.57,23896.78,23548.27,23655.67,125094
2025-09-08T00:00:00+00:00,23655.67,23836.22,23655.67,23797.62,82431
2025-09-09T00:00:00+00:00,23797.62,23864.36,23634.86,23786.35,63641
2025-09-10T00:00:00+00:00,23786.35,23887.16,23586.16,23608.58,68777
2025-09-11T00:00:00+00:00,23608.58,23791.49,23556.98,23755.89,83914
2025-09-12T00:00:00+00:00,23755.89,23796.72,23600.71,23708.11,76022
2025-09-15T00:00:00+00:00,23708.11,23858.53,23654.42,23745.41,76935
2025-09-16T00:00:00+00:00,23745.41,23790.76,23316.78,23395.18,87614
2025-09-17T00:00:00+00:00,23395.18,23474.61,23281.1,23386,115191
2025-09-18T00:00:00+00:00,23386,23722.34,23386,23688.75,104182
2025-09-19T00:00:00+00:00,23688.75,23782.35,23588.86,23647.25,90815
2025-09-22T00:00:00+00:00,23647.25,23692.36,23423.85,23590.74,74194
2025-09-23T00:00:00+00:00,23590.74,23742.36,23518.35,23565.24,77785
2025-09-24T00:00:00+00:00,23565.24,23761.31,23519.31,23716.71,86399
2025-09-25T00:00:00+00:00,23716.71,23752.8,23396.79,23593.69,112090
2025-09-26T00:00:00+00:00,23593.69,23782.6,23549.61,23770.52,84758
2025-09-29T00:00:00+00:00,23770.52,23903.63,23688.62,23791.03,77328
2025-09-30T00:00:00+00:00,23791.03,23980.38,23697.37,23961.78,80534
2025-10-01T00:00:00+00:00,23961.78,24291.53,23765.51,24258.42,88844
2025-10-02T00:00:00+00:00,24258.42,24526.33,24247.73,24487.23,87040
2025-10-03T00:00:00+00:00,24487.23,24563.3,24358.29,24411.7,70107
2025-10-06T00:00:00+00:00,24411.7,24507.41,24285.9,24463.29,75860
2025-10-07T00:00:00+00:00,24463.29,24479.3,24328.3,24398.19,54479
2025-10-08T00:00:00+00:00,24398.19,24658.57,24388.58,24647.57,52385
2025-10-09T00:00:00+00:00,24647.57,24795.07,24573.57,24640.99,57861
2025-10-10T00:00:00+00:00,24640.99,24714.34,24186.82,24195.22,123759
2025-10-13T00:00:00+00:00,24195.22,24474.64,24195.22,24450.05,91480
2025-10-14T00:00:00+00:00,24450.05,24503.45,24002.44,24305.34,126879
2025-10-15T00:00:00+00:00,24305.34,24386.33,24026.83,24167.73,83502
2025-10-16T00:00:00+00:00,24167.73,24307.27,24036.76,24094.17,119467
2025-10-17T00:00:00+00:00,24094.17,24094.17,23694.18,23994.08,152430
2025-10-20T00:00:00+00:00,23994.08,24361.62,23931.02,24352,68491
2025-10-21T00:00:00+00:00,24352,24407.47,24220.46,24347.37,52188
2025-10-22T00:00:00+00:00,24347.37,24383.05,23962.95,24170.94,89689
2025-10-23T00:00:00+00:00,24170.94,24248.4,24051.4,24221.81,69229
2025-10-24T00:00:00+00:00,24221.81,24320.04,24154.54,24222.44,61179
2025-10-27T00:00:00+00:00,24222.44,24413.8,24203.8,24336.18,51379
2025-10-28T00:00:00+00:00,24336.18,24364.37,24199.36,24272.86,49930
2025-10-29T00:00:00+00:00,24272.86,24339.78,24020.76,24154.28,88771
2025-10-30T00:00:00+00:00,24154.28,24274.97,24042.95,24146.86,125418
2025-10-31T00:00:00+00:00,24146.86,24159.21,23921.72,23993.21,93113
2025-11-03T00:00:00+00:00,23993.21,24271.01,23979.51,24144.92,80492
2025-11-04T00:00:00+00:00,24144.92,24144.92,23683.86,23900.28,93771
2025-11-05T00:00:00+00:00,23900.28,24135.59,23591.98,24106.5,86210
2025-11-06T00:00:00+00:00,24106.5,24115.64,23695.12,23754.54,96404
2025-11-07T00:00:00+00:00,23754.54,23848.16,23459.15,23774.07,99757
2025-11-10T00:00:00+00:00,23774.07,24097.81,23774.07,24089.21,68130
2025-11-11T00:00:00+00:00,24089.21,24209.25,23962.73,24192.13,69254
2025-11-12T00:00:00+00:00,24192.13,24463.76,24192.13,24442.17,72685
2025-11-13T00:00:00+00:00,24442.17,24520.94,23949.44,24090.86,111147
2025-11-14T00:00:00+00:00,24090.86,24138.39,23618.89,23854.8,134574
2025-11-17T00:00:00+00:00,23854.8,23946.03,23365.45,23459.44,102611
2025-11-18T00:00:00+00:00,23459.44,23462.33,23092.81,23207.21,150432
2025-11-19T00:00:00+00:00,23207.21,23386.78,23083.17,23258.17,103720
2025-11-20T00:00:00+00:00,23258.17,23520.05,22924.55,22937.44,145555
2025-11-21T00:00:00+00:00,22937.44,23309.64,22934.54,23230.03,180703
2025-11-24T00:00:00+00:00,23230.03,23406.16,23157.15,23239.56,108191
2025-11-25T00:00:00+00:00,23239.56,23592.2,23144.18,23579.6,106904
2025-11-26T00:00:00+00:00,23579.6,23777.66,23452.66,23755.56,73991
2025-11-27T00:00:00+00:00,23755.56,23846.11,23701.62,23787.51,41335
2025-11-28T00:00:00+00:00,23787.51,23893.31,23720.32,23847.23,41671
2025-12-01T00:00:00+00:00,23847.23,23847.23,23435.57,23569.45,90069
2025-12-02T00:00:00+00:00,23569.45,23805.08,23567.97,23734.98,79429
2025-12-03T00:00:00+00:00,23734.98,23850.73,23649.21,23781.13,72195
2025-12-04T00:00:00+00:00,23781.13,23935.53,23762.42,23892.91,70222
2025-12-05T00:00:00+00:00,23892.91,24134.64,23876.55,24033.55,62153
2025-12-08T00:00:00+00:00,24033.55,24122.88,23992.88,24022.27,58710
2025-12-09T00:00:00+00:00,24022.27,24192.17,24022.27,24126.05,62414
2025-12-10T00:00:00+00:00,24126.05,24232.04,24002.38,24199.78,83513
2025-12-11T00:00:00+00:00,24199.78,24386.35,23972.86,24370.61,91028
2025-12-12T00:00:00+00:00,24370.61,24478.43,24158.93,24237.82,90009
2025-12-15T00:00:00+00:00,24237.82,24337.87,24156.01,24198.27,99803
2025-12-16T00:00:00+00:00,24198.27,24202.29,24002.81,24126.05,110023
2025-12-17T00:00:00+00:00,24126.05,24192.99,23884.12,23893.89,106360
2025-12-18T00:00:00+00:00,23893.89,24222.27,23854.17,24149.19,179242
2025-12-19T00:00:00+00:00,24149.19,24342.51,24094.49,24278.76,86326
2025-12-22T00:00:00+00:00,24278.76,24371.36,24213.84,24311.24,61729
2025-12-23T00:00:00+00:00,24311.24,24384.86,24272.84,24345.74,52814
2025-12-29T00:00:00+00:00,24345.74,24481.53,24300.38,24418.29,66417
2025-12-30T00:00:00+00:00,24418.29,24694.86,24366.75,24624.24,49028
2026-01-02T00:00:00+00:00,24624.24,24726.17,24488.68,24600.09,101806
2026-01-05T00:00:00+00:00,24600.09,24925.4,24600.09,24907.28,82986
2026-01-06T00:00:00+00:00,24907.28,25024.54,24874.88,25004.79,62210
2026-01-07T00:00:00+00:00,25004.79,25190.35,24978.85,25141.6,71952
2026-01-08T00:00:00+00:00,25141.6,25257.16,25040.31,25214.58,76126
2026-01-09T00:00:00+00:00,25214.58,25316.09,25141.44,25313.32,69555
2026-01-12T00:00:00+00:00,25313.32,25494.17,25238.17,25491.41,50802
2026-01-13T00:00:00+00:00,25491.41,25549.33,25374.82,25432.74,57794
2026-01-14T00:00:00+00:00,25432.74,25500.68,25257.81,25361.58,66576
2026-01-15T00:00:00+00:00,25361.58,25427.18,25270.53,25290.43,49314
2026-01-16T00:00:00+00:00,25290.43,25387.17,25234.67,25358.07,49117
2026-01-19T00:00:00+00:00,25358.07,25358.07,24942.45,24983.33,77653
2026-01-20T00:00:00+00:00,24983.33,24983.33,24539.88,24622.28,118209
2026-01-21T00:00:00+00:00,24622.28,24930.75,24376.58,24874.48,157930
2026-01-22T00:00:00+00:00,24874.48,24972.02,24799.35,24857.25,90605
2026-01-23T00:00:00+00:00,24857.25,24959.28,24820.28,24913.68,85819
2026-01-26T00:00:00+00:00,24913.68,25018.67,24760.56,24958.05,78594
2026-01-27T00:00:00+00:00,24958.05,25049.57,24874.41,24878.32,75540
2026-01-28T00:00:00+00:00,24878.32,24974.5,24732.35,24884.25,106809
2026-01-29T00:00:00+00:00,24884.25,24945.05,24287.88,24499.8,137336
2026-01-30T00:00:00+00:00,24499.8,24610.13,24331.55,24513.04,118517
2026-02-02T00:00:00+00:00,24513.04,24883.67,24230.67,24871.41,115803
2026-02-03T00:00:00+00:00,24871.41,25127.66,24644.29,24774.54,149987
2026-02-04T00:00:00+00:00,24774.54,24903.52,24544.66,24643.42,168626
2026-02-05T00:00:00+00:00,24643.42,24743.37,24298.72,24475.62,259364
2026-02-06T00:00:00+00:00,24475.62,24804.44,24353.18,24796.18,179298
2026-02-09T00:00:00+00:00,24796.18,25063.4,24733.24,25046.64,92366
2026-02-10T00:00:00+00:00,25046.64,25104.94,24957.44,25010.83,97199
2026-02-11T00:00:00+00:00,25010.83,25069.5,24852.34,24935.73,127133
2026-02-12T00:00:00+00:00,24935.73,25259.46,24830.95,24915.35,289830
2026-02-13T00:00:00+00:00,24915.35,24991.43,24757.26,24912.67,192329
2026-02-16T00:00:00+00:00,24912.67,25028.67,24797.17,24838.06,59318
2026-02-17T00:00:00+00:00,24838.06,25060.84,24685.11,25046.09,113467
2026-02-18T00:00:00+00:00,25046.09,25328.2,25008.85,25235.61,73709
2026-02-19T00:00:00+00:00,25235.61,25276.25,24974.74,25029.99,174432
2026-02-20T00:00:00+00:00,25029.99,25342.34,25003.84,25243.23,119208
2026-02-23T00:00:00+00:00,25243.23,25243.23,24939.71,24988.47,95968
2026-02-24T00:00:00+00:00,24988.47,25100.3,24885.29,25046.68,135066
2026-02-25T00:00:00+00:00,25046.68,25224.8,24997.14,25217.54,106791
2026-02-26T00:00:00+00:00,25217.54,25356.9,25092.25,25344.67,346806
2026-02-27T00:00:00+00:00,25344.67,25411.47,25157.11,25188.85,238932
2026-03-02T00:00:00+00:00,25188.85,25188.85,24575.04,24614.94,339516
2026-03-03T00:00:00+00:00,24614.94,24657.18,23591.51,24027.42,407530
2026-03-04T00:00:00+00:00,24027.42,24295.75,23701,24262.5,337083
2026-03-05T00:00:00+00:00,24262.5,24365.52,23668.91,23843.42,356512
2026-03-06T00:00:00+00:00,23843.42,24026.65,23331.64,23641.04,399453
2026-03-09T00:00:00+00:00,23641.04,23944.27,22698.52,23798.03,413675
2026-03-10T00:00:00+00:00,23798.03,24107.64,23513.89,23811.91,331228
2026-03-11T00:00:00+00:00,23811.91,23993.62,23526.47,23624.86,243695
2026-03-12T00:00:00+00:00,23624.86,23699.41,23240.3,23508.3,569126
2026-03-13T00:00:00+00:00,23508.3,23761.7,23280.2,23336.34,274644
2026-03-16T00:00:00+00:00,23336.34,23702.07,23329.55,23614.45,220389
2026-03-17T00:00:00+00:00,23614.45,23821.79,23405.68,23702.18,195584
2026-03-18T00:00:00+00:00,23702.18,23957.04,23115.69,23143.93,260204
2026-03-19T00:00:00+00:00,23143.93,23267.24,22720.22,22978.74,657458
2026-03-20T00:00:00+00:00,22978.74,23173.86,22081.99,22203.49,357345
2026-03-23T00:00:00+00:00,22203.49,23241.76,21859.34,22787.25,512072
2026-03-24T00:00:00+00:00,22787.25,22945.5,22356.34,22868.24,429561
2026-03-25T00:00:00+00:00,22868.24,23104.84,22825.5,22938.76,310229
2026-03-26T00:00:00+00:00,22938.76,22938.76,22528.5,22644.74,558676
2026-03-27T00:00:00+00:00,22644.74,22809.51,22134.49,22134.99,303249
2026-03-30T00:00:00+00:00,22134.99,22666.86,21970.74,22492.26,274971
2026-03-31T00:00:00+00:00,22492.26,23112.01,22363.74,23065.24,369523
2026-04-01T00:00:00+00:00,23065.24,23465.85,23063.74,23369.24,540786
2026-04-02T00:00:00+00:00,23369.24,23411.75,22729.84,23269.26,187983
2026-04-07T00:00:00+00:00,23269.26,23490.34,22917.84,23300.26,298167
2026-04-08T00:00:00+00:00,23300.26,24329.59,23300.26,24126.84,229908
2026-04-09T00:00:00+00:00,24126.84,24126.84,23755.37,23980.29,386634
2026-04-10T00:00:00+00:00,23980.29,24144.1,23797.24,23876.99,162612
2026-04-13T00:00:00+00:00,23876.99,24034.37,23555.87,24030.11,129084
2026-04-14T00:00:00+00:00,24030.11,24181.71,23949.36,24141.11,131950
2026-04-15T00:00:00+00:00,24141.11,24231.93,24065.2,24156.43,128039
2026-04-16T00:00:00+00:00,24156.43,24339.23,24130.36,24181.12,244992
2026-04-17T00:00:00+00:00,24181.12,24881.15,24181.12,24725.53,214366
2026-04-20T00:00:00+00:00,24725.53,24725.53,24362.24,24547.14,212367
2026-04-21T00:00:00+00:00,24547.14,24684.27,24094.66,24144.16,214508
2026-04-22T00:00:00+00:00,24144.16,24465.73,24144.16,24282.13,210840
2026-04-23T00:00:00+00:00,24282.13,24323.22,23900.61,24154.1,579126
2026-04-24T00:00:00+00:00,24154.1,24391.14,24048.14,24324.55,236483
2026-04-27T00:00:00+00:00,24324.55,24440.21,24103.7,24149.1,198739
2026-04-28T00:00:00+00:00,24149.1,24224.98,23950.85,24051.23,263164
2026-04-29T00:00:00+00:00,24051.23,24176.19,23832.7,23881.46,469750
2026-04-30T00:00:00+00:00,23881.46,24377.7,23658.2,24330.45,322658
2026-05-04T00:00:00+00:00,24330.45,24443.57,23874.97,23943.97,276008
2026-05-05T00:00:00+00:00,23943.97,24473.71,23911.85,24455.11,249541
2026-05-06T00:00:00+00:00,24455.11,25189.52,24455.11,24978.94,328433
2026-05-07T00:00:00+00:00,24978.94,25045.26,24431.9,24446.65,303804
2026-05-08T00:00:00+00:00,24446.65,24525.53,24274.87,24404.78,242773
2026-05-11T00:00:00+00:00,24404.78,24404.78,24205.2,24294.1,175099
2026-05-12T00:00:00+00:00,24294.1,24294.1,23932.2,24068.1,218936
2026-05-13T00:00:00+00:00,24068.1,24239.04,24009.37,24233.27,204672
2026-05-14T00:00:00+00:00,24233.27,24494.81,24189.96,24333.21,198604
2026-05-15T00:00:00+00:00,24333.21,24333.21,23856.75,23899.14,319500
2026-05-18T00:00:00+00:00,23899.14,24437.09,23630.22,24394.97,389770
2026-05-19T00:00:00+00:00,24394.97,24698.41,24196.3,24328.3,336762
2026-05-20T00:00:00+00:00,24328.3,24898.59,24155.49,24780.99,241810
2026-05-21T00:00:00+00:00,24780.99,24924.57,24528.32,24840.32,270802
2026-05-22T00:00:00+00:00,24840.32,24957.77,24667.78,24804.17,182874
2026-05-25T00:00:00+00:00,24804.17,25457.31,24804.17,25407.7,72749
2026-05-26T00:00:00+00:00,25407.7,25407.7,25171.99,25248.39,142507
2026-05-27T00:00:00+00:00,25248.39,25407.06,25111.45,25217.96,160697
2026-05-28T00:00:00+00:00,25217.96,25264.46,24917.85,25097.37,340710
2026-05-29T00:00:00+00:00,25097.37,25212.16,25030.81,25056.06,153527
2026-06-01T00:00:00+00:00,25056.06,25309.3,24899.68,25081.69,198696
2026-06-02T00:00:00+00:00,25081.69,25370.84,24979.25,25105.24,312093
2026-06-03T00:00:00+00:00,25105.24,25128.23,24723.47,24729.99,287995
2026-06-04T00:00:00+00:00,24729.99,25014.2,24692.1,24946.6,638486
2026-06-05T00:00:00+00:00,24946.6,25035.77,24507.91,24577.18,487746
2026-06-08T00:00:00+00:00,24577.18,24749.47,24337.36,24590.37,568473
2026-06-09T00:00:00+00:00,24590.37,24828.97,24237.11,24530.37,569498
2026-06-10T00:00:00+00:00,24530.37,24546.99,24037.84,24081.73,794625
2026-06-11T00:00:00+00:00,24081.73,24653.89,23962.63,24615.62,1323040
2026-06-12T00:00:00+00:00,24615.62,24760.99,24414.98,24673.88,607347
2026-06-15T00:00:00+00:00,24673.88,25096.51,24673.88,24863.91,301350
2026-06-16T00:00:00+00:00,24863.91,25117.32,24762.7,24764.7,376541
2026-06-17T00:00:00+00:00,24764.7,24977.32,24759.2,24808.2,441904
2026-06-18T00:00:00+00:00,24808.2,25069.48,24808.2,25064.21,997276
2026-06-19T00:00:00+00:00,25064.21,25165.36,24874.74,24983.74,213990
2026-06-22T00:00:00+00:00,24983.74,25175.86,24891.35,25091.74,264758
2026-06-23T00:00:00+00:00,25091.74,25103.51,24727.85,24903.76,296931
2026-06-24T00:00:00+00:00,24903.76,24963.51,24598.34,24692.25,351377
2026-06-25T00:00:00+00:00,24692.25,25089.84,24676.74,24963.74,647384
2026-06-26T00:00:00+00:00,24963.74,24970.49,24555.36,24645.74,385404
2026-06-29T00:00:00+00:00,24645.74,24817.99,24569.86,24759.24,243807
2026-06-30T00:00:00+00:00,24759.24,25056.99,24695,25025.74,158840
2026-07-01T00:00:00+00:00,25025.74,25118.31,24904.3,25066.72,179995
2026-07-02T00:00:00+00:00,25066.72,25685.28,24970.16,25642.16,490620
2026-07-03T00:00:00+00:00,25642.16,25855.03,25627.17,25841.17,104896
2026-07-06T00:00:00+00:00,25841.17,25931.29,25714.79,25839.7,134891
2026-07-07T00:00:00+00:00,25839.7,25839.7,25426.56,25487.04,170803
2026-07-08T00:00:00+00:00,25487.04,25551.28,24843.13,25031.03,333729
2026-07-09T00:00:00+00:00,25031.03,25149.29,24871.66,25129.54,401760
2026-07-10T00:00:00+00:00,25129.54,25209.25,24933.27,25111.67,166376
2026-07-13T00:00:00+00:00,25111.67,25165.65,24776.55,25022.56,203676
2026-07-14T00:00:00+00:00,25022.56,25219.05,24787.05,25049.05,283062
2026-07-15T00:00:00+00:00,25049.05,25148.04,24838.29,25003.3,194920
2026-07-16T00:00:00+00:00,25003.3,25070.85,24685.11,24888.61,448576
2026-07-17T00:00:00+00:00,24888.61,24891.68,24615.42,24838.43,257942
2026-07-20T00:00:00+00:00,24838.43,24987.4,24703.03,24711.3,251578
2026-07-21T00:00:00+00:00,24711.3,25082.68,24711.3,25076.93,174903
2026-07-22T00:00:00+00:00,25076.93,25278.91,24959.05,25156.8,211583
2026-07-23T00:00:00+00:00,25156.8,25221.36,24692.73,24744.63,554870
2026-07-24T00:00:00+00:00,24744.63,25140.13,24696.55,25081.03,222634
2026-07-27T00:00:00+00:00,25081.03,25570.1,25081.03,25483.99,233332
2026-07-28T00:00:00+00:00,25483.99,25564.3,25311.8,25514.19,242746
2026-07-29T00:00:00+00:00,25514.19,25594.17,25276.91,25383.42,376802
2026-07-30T00:00:00+00:00,25383.42,25716.17,25297.5,25691.92,289300
2026-07-31T00:00:00+00:00,25691.92,25827.61,25651.5,25788.6,32365
